date,persons_involved,killed,injured,county,pedestrian_involved,accident_type,light_conditions
2014-10-24 08:45:00,2,0,1,Harju maakond,1,Jalakäijaõnnetus,Valge aeg
2014-10-24 13:45:00,2,0,1,Harju maakond,0,Kokkupõrge,Valge aeg
2014-08-11 00:00:00,2,0,1,Harju maakond,0,Kokkupõrge,Valge aeg
2014-11-17 17:32:00,2,0,2,Harju maakond,0,Kokkupõrge,Pimeda aeg
2015-04-28 07:55:00,2,0,1,Harju maakond,0,Kokkupõrge,Valge aeg
2014-06-10 00:00:00,2,0,2,Harju maakond,0,Kokkupõrge,Valge aeg
2014-10-24 14:00:00,3,0,4,Harju maakond,0,Kokkupõrge,Valge aeg
2014-05-11 00:00:00,1,0,1,Harju maakond,0,Muu liiklusõnnetus,Pimeda aeg
2013-11-18 08:50:00,2,0,1,Harju maakond,1,Jalakäijaõnnetus,Valge aeg
2014-01-03 00:00:00,2,0,1,Harju maakond,0,Muu liiklusõnnetus,Valge aeg
2014-10-03 00:00:00,2,0,1,Harju maakond,1,Jalakäijaõnnetus,Valge aeg
2014-07-14 19:53:00,1,0,1,Harju maakond,1,Jalakäijaõnnetus,Pimeda aeg
2014-08-15 10:25:00,2,0,1,Harju maakond,0,Kokkupõrge,Valge aeg
2014-03-10 00:00:00,2,0,1,Harju maakond,1,Jalakäijaõnnetus,Valge aeg
2014-10-20 01:54:00,2,0,1,Harju maakond,0,Kokkupõrge,Pimeda aeg
2014-03-11 00:00:00,1,0,1,Harju maakond,0,Muu liiklusõnnetus,Pimeda aeg
2014-11-21 10:04:00,3,0,2,Harju maakond,0,Kokkupõrge,Valge aeg
2014-12-20 07:20:00,2,0,1,Harju maakond,1,Jalakäijaõnnetus,Pimeda aeg
2015-08-01 00:00:00,4,0,1,Harju maakond,0,Kokkupõrge,Pimeda aeg
2015-09-01 00:00:00,3,0,1,Harju maakond,1,Jalakäijaõnnetus,Pimeda aeg
2015-01-14 07:42:00,1,0,1,Harju maakond,0,Kokkupõrge,Pimeda aeg
2015-01-14 07:35:00,8,0,1,Harju maakond,0,Kokkupõrge,Valge aeg
2015-04-03 00:00:00,2,0,1,Harju maakond,0,Kokkupõrge,Pimeda aeg
2015-03-28 13:10:00,3,0,1,Harju maakond,1,Jalakäijaõnnetus,Valge aeg
2015-08-04 00:00:00,3,0,2,Harju maakond,1,Jalakäijaõnnetus,Valge aeg
2015-04-29 11:45:00,2,0,2,Harju maakond,0,Kokkupõrge,Valge aeg
2015-05-16 16:55:00,3,0,1,Harju maakond,0,Kokkupõrge,Valge aeg
2015-05-22 18:05:00,1,0,1,Harju maakond,1,Muu liiklusõnnetus,Valge aeg
2015-05-28 21:50:00,3,0,1,Harju maakond,0,Kokkupõrge,Valge aeg
2015-05-29 22:45:00,5,1,3,Harju maakond,0,Kokkupõrge,Valge aeg
2015-05-30 23:08:00,2,0,1,Harju maakond,0,Muu liiklusõnnetus,Pimeda aeg
2015-01-07 00:00:00,2,0,1,Harju maakond,0,Kokkupõrge,Valge aeg
2015-06-07 00:00:00,2,0,1,Harju maakond,0,Ühesõidukiõnnetus,Valge aeg
2015-07-18 05:47:00,3,0,1,Harju maakond,0,Kokkupõrge,Valge aeg
2015-09-08 00:00:00,2,0,1,Harju maakond,0,Kokkupõrge,Valge aeg
2015-08-18 13:50:00,2,0,1,Harju maakond,0,Kokkupõrge,Valge aeg
2015-08-31 14:09:00,2,0,1,Harju maakond,1,Jalakäijaõnnetus,Valge aeg
2015-03-09 00:00:00,2,0,1,Harju maakond,0,Kokkupõrge,Valge aeg
2015-09-09 00:00:00,2,0,1,Harju maakond,0,Muu liiklusõnnetus,Valge aeg
2015-10-09 00:00:00,3,0,1,Harju maakond,0,Kokkupõrge,Pimeda aeg
2015-09-16 16:39:00,2,0,1,Harju maakond,0,Kokkupõrge,Valge aeg
2015-09-20 19:26:00,3,0,1,Harju maakond,0,Kokkupõrge,Pimeda aeg
2015-08-10 00:00:00,2,0,1,Harju maakond,0,Kokkupõrge,Valge aeg
2015-10-13 01:29:00,1,0,1,Harju maakond,1,Jalakäijaõnnetus,Pimeda aeg
2015-10-27 11:45:00,2,0,1,Harju maakond,1,Jalakäijaõnnetus,Valge aeg
2015-03-11 00:00:00,4,0,2,Harju maakond,0,Kokkupõrge,Valge aeg
2015-11-20 05:31:00,2,1,0,Harju maakond,1,Jalakäijaõnnetus,Pimeda aeg
2015-04-12 00:00:00,2,0,1,Harju maakond,1,Jalakäijaõnnetus,Pimeda aeg
2015-09-12 00:00:00,3,1,0,Harju maakond,1,Jalakäijaõnnetus,Valge aeg
2016-03-01 00:00:00,2,0,1,Harju maakond,0,Ühesõidukiõnnetus,Pimeda aeg
2016-10-01 00:00:00,1,0,1,Harju maakond,0,Ühesõidukiõnnetus,Valge aeg
2016-01-18 12:17:00,3,0,2,Harju maakond,0,Kokkupõrge,Valge aeg
2016-01-24 12:15:00,2,0,1,Harju maakond,1,Jalakäijaõnnetus,Valge aeg
2016-02-19 17:29:00,2,0,1,Harju maakond,0,Muu liiklusõnnetus,Pimeda aeg
2016-02-20 16:02:00,2,0,1,Harju maakond,0,Teadmata,Valge aeg
2016-02-28 17:41:00,1,0,1,Harju maakond,1,Jalakäijaõnnetus,Pimeda aeg
2016-06-04 00:00:00,2,0,1,Harju maakond,0,Kokkupõrge,Pimeda aeg
2016-10-04 00:00:00,2,0,1,Harju maakond,0,Ühesõidukiõnnetus,Valge aeg
2016-10-06 00:00:00,2,0,2,Harju maakond,0,Kokkupõrge,Valge aeg
2016-06-25 23:55:00,2,0,1,Harju maakond,0,Ühesõidukiõnnetus,Pimeda aeg
2016-06-28 14:07:00,2,0,1,Harju maakond,1,Jalakäijaõnnetus,Valge aeg
2016-06-28 23:47:00,1,0,1,Harju maakond,0,Ühesõidukiõnnetus,Pimeda aeg
2016-01-08 00:00:00,3,0,2,Harju maakond,0,Kokkupõrge,Valge aeg
2016-08-15 11:39:00,3,0,3,Harju maakond,0,Kokkupõrge,Valge aeg
2016-10-09 00:00:00,1,0,1,Harju maakond,0,Ühesõidukiõnnetus,Pimeda aeg
2016-09-24 02:43:00,1,0,1,Harju maakond,0,Ühesõidukiõnnetus,Pimeda aeg
2016-09-24 16:30:00,2,0,1,Harju maakond,0,Muu liiklusõnnetus,Valge aeg
2016-09-27 17:20:00,2,0,1,Harju maakond,0,Kokkupõrge,Valge aeg
2016-10-18 12:08:00,1,0,1,Harju maakond,0,Ühesõidukiõnnetus,Valge aeg
2016-02-11 00:00:00,1,0,1,Harju maakond,0,Ühesõidukiõnnetus,Pimeda aeg
2016-02-11 00:00:00,1,0,1,Harju maakond,0,Ühesõidukiõnnetus,Valge aeg
2016-11-21 06:39:00,2,0,1,Harju maakond,0,Kokkupõrge,Pimeda aeg
2016-02-12 00:00:00,2,0,1,Harju maakond,1,Jalakäijaõnnetus,Pimeda aeg
2016-12-17 14:30:00,3,0,1,Harju maakond,0,Kokkupõrge,Valge aeg
2016-12-26 00:30:00,1,1,0,Harju maakond,0,Ühesõidukiõnnetus,Pimeda aeg
2016-12-27 09:05:00,2,0,1,Harju maakond,0,Kokkupõrge,Valge aeg
2017-01-15 04:30:00,2,0,1,Harju maakond,0,Ühesõidukiõnnetus,Pimeda aeg
2017-08-02 00:00:00,2,0,1,Harju maakond,0,Kokkupõrge,Valge aeg
2017-04-03 00:00:00,1,0,1,Harju maakond,0,Ühesõidukiõnnetus,Pimeda aeg
2017-06-03 00:00:00,2,0,1,Harju maakond,0,Ühesõidukiõnnetus,Pimeda aeg
2017-10-03 00:00:00,3,0,1,Harju maakond,0,Kokkupõrge,Pimeda aeg
2017-05-04 00:00:00,2,0,1,Harju maakond,0,Muu liiklusõnnetus,Valge aeg
2017-12-04 00:00:00,2,0,1,Harju maakond,0,Muu liiklusõnnetus,Valge aeg
2017-04-18 14:25:00,2,0,1,Harju maakond,0,Ühesõidukiõnnetus,Valge aeg
2017-04-21 23:29:00,3,0,2,Harju maakond,0,Kokkupõrge,Pimeda aeg
2017-04-28 11:30:00,2,0,1,Harju maakond,1,Jalakäijaõnnetus,Valge aeg
2017-07-13 17:29:00,1,0,1,Harju maakond,0,Ühesõidukiõnnetus,Valge aeg
2017-12-08 00:00:00,2,0,2,Harju maakond,0,Ühesõidukiõnnetus,Valge aeg
2017-05-09 00:00:00,4,0,1,Harju maakond,0,Kokkupõrge,Valge aeg
2017-09-09 00:00:00,1,0,1,Harju maakond,0,Ühesõidukiõnnetus,Pimeda aeg
2017-09-20 22:53:00,1,0,1,Harju maakond,0,Ühesõidukiõnnetus,Pimeda aeg
2017-09-24 02:13:00,1,0,1,Harju maakond,0,Ühesõidukiõnnetus,Pimeda aeg
2017-11-29 00:52:00,1,0,1,Harju maakond,0,Ühesõidukiõnnetus,Pimeda aeg
2017-12-23 22:09:00,3,0,2,Harju maakond,0,Kokkupõrge,Pimeda aeg
2018-05-01 00:00:00,2,0,1,Harju maakond,1,Jalakäijaõnnetus,Pimeda aeg
2018-01-02 00:00:00,2,0,1,Harju maakond,0,Kokkupõrge,Valge aeg
2018-02-25 23:46:00,2,0,1,Harju maakond,0,Kokkupõrge,Pimeda aeg
2018-06-19 11:29:00,2,0,1,Harju maakond,1,Jalakäijaõnnetus,Valge aeg
2018-11-08 00:00:00,2,0,1,Harju maakond,1,Muu liiklusõnnetus,Valge aeg
2018-08-17 15:15:00,3,0,3,Põlva maakond,0,Kokkupõrge,Valge aeg
2018-10-16 12:41:00,6,0,5,Harju maakond,0,Kokkupõrge,Valge aeg
2018-05-11 00:00:00,2,0,1,Harju maakond,0,Kokkupõrge,Pimeda aeg
2018-11-24 15:06:00,2,0,1,Harju maakond,0,Ühesõidukiõnnetus,Valge aeg
2018-08-12 00:00:00,1,0,1,Harju maakond,0,Ühesõidukiõnnetus,Pimeda aeg
2018-10-12 00:00:00,2,0,1,Harju maakond,1,Jalakäijaõnnetus,Pimeda aeg
2019-01-18 17:50:00,2,0,1,Harju maakond,0,Kokkupõrge,Pimeda aeg
2019-01-19 00:27:00,3,0,1,Harju maakond,0,Kokkupõrge,Pimeda aeg
2019-01-24 01:52:00,5,0,2,Harju maakond,0,Kokkupõrge,Pimeda aeg
2019-01-28 09:41:00,2,0,1,Harju maakond,1,Jalakäijaõnnetus,Valge aeg
2019-09-05 00:00:00,2,0,1,Harju maakond,0,Kokkupõrge,Valge aeg
2019-12-05 00:00:00,2,0,1,Harju maakond,0,Kokkupõrge,Valge aeg
2019-05-22 17:20:00,2,0,1,Harju maakond,1,Jalakäijaõnnetus,Valge aeg
2019-08-06 00:00:00,2,0,1,Harju maakond,0,Kokkupõrge,Valge aeg
2019-06-22 08:53:00,2,0,1,Harju maakond,0,Kokkupõrge,Valge aeg
2019-06-28 17:30:00,2,0,1,Harju maakond,1,Jalakäijaõnnetus,Valge aeg
2019-04-07 00:00:00,2,0,1,Harju maakond,0,Kokkupõrge,Valge aeg
2019-07-21 12:08:00,2,0,1,Harju maakond,0,Kokkupõrge,Valge aeg
2019-07-22 03:15:00,3,0,2,Viljandi maakond,0,Ühesõidukiõnnetus,Valge aeg
2019-07-25 00:22:00,2,0,1,Harju maakond,0,Muu liiklusõnnetus,Pimeda aeg
2019-03-08 00:00:00,2,0,1,Harju maakond,0,Ühesõidukiõnnetus,Valge aeg
2019-09-15 00:12:00,1,0,1,Harju maakond,0,Ühesõidukiõnnetus,Pimeda aeg
2019-09-27 19:10:00,3,0,1,Harju maakond,0,Kokkupõrge,Pimeda aeg
2019-12-20 21:10:00,1,0,1,Harju maakond,1,Jalakäijaõnnetus,Pimeda aeg
2019-12-23 16:43:00,3,0,1,Harju maakond,0,Kokkupõrge,Pimeda aeg
2020-01-27 20:04:00,2,1,0,Harju maakond,1,Jalakäijaõnnetus,Pimeda aeg
2020-12-02 00:00:00,2,0,1,Harju maakond,0,Kokkupõrge,Valge aeg
2020-12-02 00:00:00,1,0,1,Harju maakond,0,Ühesõidukiõnnetus,Valge aeg
2020-02-26 20:05:00,2,0,1,Harju maakond,0,Kokkupõrge,Pimeda aeg
2020-03-28 14:41:00,1,0,1,Harju maakond,0,Ühesõidukiõnnetus,Valge aeg
2020-10-04 00:00:00,1,0,1,Harju maakond,0,Ühesõidukiõnnetus,Valge aeg
2020-04-20 20:02:00,2,0,1,Harju maakond,1,Jalakäijaõnnetus,Valge aeg
2020-04-22 08:52:00,2,0,1,Harju maakond,0,Kokkupõrge,Valge aeg
2020-02-05 00:00:00,1,0,1,Harju maakond,0,Ühesõidukiõnnetus,Pimeda aeg
2020-06-18 16:38:00,2,0,1,Harju maakond,1,Jalakäijaõnnetus,Valge aeg
2020-06-20 19:09:00,2,1,0,Harju maakond,0,Kokkupõrge,Valge aeg
2020-07-19 00:20:00,3,0,1,Harju maakond,0,Kokkupõrge,Pimeda aeg
2020-02-08 00:00:00,1,0,1,Harju maakond,0,Ühesõidukiõnnetus,Pimeda aeg
2020-09-08 00:00:00,2,0,1,Harju maakond,0,Kokkupõrge,Valge aeg
2020-08-22 21:03:00,1,0,1,Harju maakond,0,Ühesõidukiõnnetus,Pimeda aeg
2020-08-24 23:24:00,1,0,1,Harju maakond,0,Ühesõidukiõnnetus,Pimeda aeg
2020-08-25 15:31:00,3,0,2,Harju maakond,0,Ühesõidukiõnnetus,Valge aeg
2020-08-28 18:55:00,2,0,1,Pärnu maakond,1,Jalakäijaõnnetus,Valge aeg
2020-05-09 00:00:00,1,0,1,Harju maakond,0,Ühesõidukiõnnetus,Valge aeg
2020-05-09 00:00:00,1,0,1,Harju maakond,0,Ühesõidukiõnnetus,Valge aeg
2020-09-23 21:10:00,2,0,1,Pärnu maakond,1,Jalakäijaõnnetus,Pimeda aeg
2020-07-10 00:00:00,2,0,1,Harju maakond,0,Muu liiklusõnnetus,Valge aeg
2020-10-11 00:00:00,2,0,1,Pärnu maakond,0,Kokkupõrge,Valge aeg
2020-11-21 15:17:00,3,0,2,Harju maakond,0,Kokkupõrge,Valge aeg
2020-11-26 09:30:00,2,0,1,Harju maakond,0,Kokkupõrge,Valge aeg
2020-11-26 16:20:00,2,0,1,Pärnu maakond,1,Jalakäijaõnnetus,Valge aeg
2020-09-12 00:00:00,2,0,1,Pärnu maakond,0,Ühesõidukiõnnetus,Valge aeg
2020-12-13 11:41:00,1,0,1,Harju maakond,0,Ühesõidukiõnnetus,Valge aeg
2020-12-22 06:15:00,2,0,1,Harju maakond,1,Jalakäijaõnnetus,Pimeda aeg
2021-01-31 01:25:00,2,0,2,Harju maakond,0,Ühesõidukiõnnetus,Pimeda aeg
2021-08-02 00:00:00,2,0,1,Harju maakond,1,Jalakäijaõnnetus,Valge aeg
2021-02-25 06:11:00,1,0,1,Järva maakond,0,Ühesõidukiõnnetus,Pimeda aeg
2021-08-03 00:00:00,1,0,1,Järva maakond,0,Ühesõidukiõnnetus,Pimeda aeg
2021-04-24 16:19:00,1,0,1,Harju maakond,0,Ühesõidukiõnnetus,Valge aeg
2021-01-05 00:00:00,4,0,1,Harju maakond,0,Kokkupõrge,Valge aeg
2021-01-05 00:00:00,2,0,1,Harju maakond,1,Jalakäijaõnnetus,Pimeda aeg
2021-05-15 12:35:00,2,0,1,Harju maakond,0,Kokkupõrge,Valge aeg
2021-05-15 22:05:00,1,0,1,Harju maakond,0,Ühesõidukiõnnetus,Valge aeg
2021-05-28 11:47:00,3,0,1,Harju maakond,0,Kokkupõrge,Valge aeg
2021-02-06 00:00:00,1,0,1,Pärnu maakond,0,Ühesõidukiõnnetus,Valge aeg
2021-06-06 00:00:00,1,0,1,Harju maakond,0,Ühesõidukiõnnetus,Valge aeg
2021-10-07 00:00:00,3,0,1,Harju maakond,0,Kokkupõrge,Valge aeg
2021-07-16 06:05:00,2,0,1,Harju maakond,1,Jalakäijaõnnetus,Valge aeg
2021-07-16 21:11:00,2,0,1,Harju maakond,0,Kokkupõrge,Valge aeg
2021-08-26 21:30:00,1,0,1,Pärnu maakond,1,Jalakäijaõnnetus,Pimeda aeg
2021-09-17 01:26:00,1,0,1,Harju maakond,0,Ühesõidukiõnnetus,Pimeda aeg
2021-09-28 17:55:00,2,0,1,Harju maakond,0,Kokkupõrge,Valge aeg
2021-10-25 20:30:00,3,0,2,Harju maakond,0,Kokkupõrge,Pimeda aeg
2021-11-14 02:44:00,2,0,1,Harju maakond,0,Ühesõidukiõnnetus,Pimeda aeg
2021-05-12 00:00:00,2,0,2,Harju maakond,0,Ühesõidukiõnnetus,Pimeda aeg
2012-08-04 00:00:00,1,1,1,Harju maakond,0,Ühesõidukiõnnetus,Valge aeg
2011-07-01 00:00:00,2,0,1,Harju maakond,0,Kokkupõrge,Pimeda aeg
2011-01-13 10:04:00,5,0,2,Harju maakond,0,Kokkupõrge,Valge aeg
2011-01-13 12:54:00,2,0,1,Harju maakond,0,Kokkupõrge,Valge aeg
2011-03-23 19:00:00,2,0,1,Harju maakond,1,Ühesõidukiõnnetus,Valge aeg
2011-05-04 00:00:00,1,0,1,Harju maakond,0,Muu liiklusõnnetus,Valge aeg
2011-09-05 00:00:00,1,0,1,Harju maakond,0,Muu liiklusõnnetus,Valge aeg
2011-05-13 23:15:00,1,0,1,Harju maakond,1,Jalakäijaõnnetus,Pimeda aeg
2011-01-06 00:00:00,1,0,1,Harju maakond,1,Jalakäijaõnnetus,Valge aeg
2011-01-06 00:00:00,1,0,1,Harju maakond,0,Muu liiklusõnnetus,Valge aeg
2011-06-25 21:50:00,2,0,1,Harju maakond,0,Kokkupõrge,Valge aeg
2011-07-22 08:40:00,1,0,1,Harju maakond,0,Kokkupõrge,Valge aeg
2011-01-08 00:00:00,2,0,1,Harju maakond,0,Kokkupõrge,Valge aeg
2011-11-08 00:00:00,2,0,2,Harju maakond,0,Kokkupõrge,Valge aeg
2011-09-13 19:30:00,2,0,1,Harju maakond,0,Muu liiklusõnnetus,Valge aeg
2011-09-19 11:25:00,3,0,1,Harju maakond,0,Kokkupõrge,Pimeda aeg
2011-09-20 06:00:00,1,0,1,Harju maakond,1,Jalakäijaõnnetus,Pimeda aeg
2011-09-30 08:45:00,1,0,1,Harju maakond,0,Muu liiklusõnnetus,Valge aeg
2011-09-10 00:00:00,2,0,1,Harju maakond,1,Jalakäijaõnnetus,Valge aeg
2011-09-10 00:00:00,1,0,1,Harju maakond,0,Ühesõidukiõnnetus,Valge aeg
2011-09-10 00:00:00,2,0,1,Harju maakond,0,Muu liiklusõnnetus,Pimeda aeg
2011-10-10 00:00:00,1,0,1,Harju maakond,0,Ühesõidukiõnnetus,Pimeda aeg
2011-10-10 00:00:00,2,0,1,Harju maakond,0,Kokkupõrge,Valge aeg
2011-10-10 00:00:00,2,1,0,Harju maakond,1,Jalakäijaõnnetus,Pimeda aeg
2011-12-10 00:00:00,2,0,1,Harju maakond,1,Jalakäijaõnnetus,Valge aeg
2011-12-10 00:00:00,1,1,1,Harju maakond,0,Ühesõidukiõnnetus,Valge aeg
2011-12-10 00:00:00,2,1,0,Harju maakond,1,Jalakäijaõnnetus,Valge aeg
2011-12-10 00:00:00,2,0,1,Harju maakond,0,Kokkupõrge,Pimeda aeg
2011-10-13 07:45:00,2,0,1,Harju maakond,0,Kokkupõrge,Valge aeg
2011-10-13 22:44:00,3,1,0,Harju maakond,1,Jalakäijaõnnetus,Pimeda aeg
2011-10-14 08:27:00,2,0,1,Harju maakond,0,Kokkupõrge,Valge aeg
2011-10-14 11:00:00,2,0,1,Harju maakond,0,Kokkupõrge,Valge aeg
2011-10-15 15:59:00,2,0,7,Harju maakond,0,Kokkupõrge,Valge aeg
2011-10-16 01:47:00,2,0,1,Harju maakond,0,Muu liiklusõnnetus,Pimeda aeg
2011-10-16 03:45:00,3,0,1,Harju maakond,1,Kokkupõrge,Pimeda aeg
2011-10-17 13:52:00,2,0,1,Harju maakond,0,Muu liiklusõnnetus,Valge aeg
2011-10-17 14:10:00,2,0,1,Harju maakond,1,Jalakäijaõnnetus,Valge aeg
2011-10-17 17:10:00,2,0,1,Harju maakond,1,Jalakäijaõnnetus,Valge aeg
2011-10-18 07:10:00,2,0,2,Harju maakond,0,Kokkupõrge,Pimeda aeg
2011-10-18 12:00:00,2,0,1,Harju maakond,1,Jalakäijaõnnetus,Valge aeg
2011-10-18 18:54:00,2,0,1,Harju maakond,1,Jalakäijaõnnetus,Pimeda aeg
2011-10-19 03:25:00,2,0,1,Harju maakond,0,Kokkupõrge,Pimeda aeg
2011-10-19 11:00:00,2,0,1,Harju maakond,0,Kokkupõrge,Valge aeg
2011-10-19 17:21:00,1,0,1,Harju maakond,0,Kokkupõrge,Valge aeg
2011-10-19 18:30:00,1,0,1,Harju maakond,0,Muu liiklusõnnetus,Pimeda aeg
2011-10-20 08:35:00,2,0,1,Harju maakond,1,Jalakäijaõnnetus,Valge aeg
2011-10-20 09:35:00,2,0,1,Harju maakond,1,Jalakäijaõnnetus,Valge aeg
2011-10-20 16:51:00,2,0,2,Harju maakond,0,Kokkupõrge,Valge aeg
2011-10-20 17:38:00,2,0,1,Harju maakond,1,Jalakäijaõnnetus,Valge aeg
2011-10-20 21:10:00,2,0,1,Harju maakond,0,Kokkupõrge,Pimeda aeg
2011-10-21 07:32:00,2,0,1,Harju maakond,0,Kokkupõrge,Valge aeg
2011-10-22 08:00:00,1,0,1,Harju maakond,1,Jalakäijaõnnetus,Valge aeg
2011-10-22 12:16:00,1,0,1,Harju maakond,1,Jalakäijaõnnetus,Valge aeg
2011-10-22 19:31:00,2,0,1,Harju maakond,1,Jalakäijaõnnetus,Pimeda aeg
2011-10-23 15:29:00,1,0,1,Harju maakond,0,Ühesõidukiõnnetus,Valge aeg
2011-10-23 20:30:00,2,0,1,Harju maakond,0,Kokkupõrge,Pimeda aeg
2011-10-24 16:50:00,2,0,1,Harju maakond,1,Jalakäijaõnnetus,Valge aeg
2011-10-25 07:47:00,2,0,1,Harju maakond,0,Kokkupõrge,Valge aeg
2011-10-27 17:35:00,2,0,1,Harju maakond,0,Kokkupõrge,Valge aeg
2011-10-28 16:02:00,3,0,1,Harju maakond,0,Kokkupõrge,Valge aeg
2011-10-29 16:27:00,1,0,1,Harju maakond,1,Jalakäijaõnnetus,Valge aeg
2011-10-29 17:20:00,2,0,1,Harju maakond,0,Kokkupõrge,Pimeda aeg
2011-10-29 19:34:00,2,0,1,Harju maakond,1,Jalakäijaõnnetus,Pimeda aeg
2011-10-31 16:25:00,2,0,1,Harju maakond,0,Kokkupõrge,Pimeda aeg
2011-10-31 17:20:00,2,0,1,Harju maakond,0,Kokkupõrge,Pimeda aeg
2011-10-31 21:25:00,2,1,0,Harju maakond,1,Jalakäijaõnnetus,Pimeda aeg
2011-01-11 00:00:00,1,0,1,Harju maakond,0,Muu liiklusõnnetus,Valge aeg
2011-01-11 00:00:00,2,1,0,Harju maakond,0,Kokkupõrge,Valge aeg
2011-01-11 00:00:00,4,0,2,Harju maakond,0,Kokkupõrge,Pimeda aeg
2011-02-11 00:00:00,2,0,1,Harju maakond,1,Jalakäijaõnnetus,Valge aeg
2011-02-11 00:00:00,2,0,1,Harju maakond,1,Jalakäijaõnnetus,Pimeda aeg
2011-03-11 00:00:00,3,0,1,Harju maakond,0,Kokkupõrge,Valge aeg
2011-02-11 00:00:00,2,0,1,Harju maakond,1,Jalakäijaõnnetus,Pimeda aeg
2011-03-11 00:00:00,2,0,1,Harju maakond,1,Jalakäijaõnnetus,Valge aeg
2011-03-11 00:00:00,2,0,1,Harju maakond,0,Kokkupõrge,Valge aeg
2011-03-11 00:00:00,1,0,1,Harju maakond,0,Ühesõidukiõnnetus,Pimeda aeg
2011-04-11 00:00:00,2,0,1,Harju maakond,0,Muu liiklusõnnetus,Valge aeg
2011-04-11 00:00:00,2,0,1,Harju maakond,0,Kokkupõrge,Valge aeg
2011-04-11 00:00:00,3,0,2,Harju maakond,1,Jalakäijaõnnetus,Pimeda aeg
2011-06-11 00:00:00,1,1,1,Harju maakond,0,Ühesõidukiõnnetus,Pimeda aeg
2011-06-11 00:00:00,1,0,1,Harju maakond,0,Ühesõidukiõnnetus,Valge aeg
2011-10-23 11:00:00,2,0,1,Harju maakond,0,Kokkupõrge,Pimeda aeg
2011-07-11 00:00:00,2,0,1,Harju maakond,1,Jalakäijaõnnetus,Pimeda aeg
2011-08-11 00:00:00,2,0,1,Harju maakond,1,Jalakäijaõnnetus,Pimeda aeg
2011-08-11 00:00:00,2,0,1,Harju maakond,0,Kokkupõrge,Pimeda aeg
2011-10-11 00:00:00,2,0,3,Harju maakond,0,Kokkupõrge,Pimeda aeg
2011-10-11 00:00:00,1,0,1,Harju maakond,0,Muu liiklusõnnetus,Pimeda aeg
2011-10-11 00:00:00,2,0,1,Harju maakond,1,Jalakäijaõnnetus,Pimeda aeg
2011-11-11 00:00:00,2,0,1,Harju maakond,1,Jalakäijaõnnetus,Valge aeg
2011-11-11 00:00:00,2,0,1,Harju maakond,0,Kokkupõrge,Pimeda aeg
2011-11-11 00:00:00,2,0,1,Harju maakond,1,Jalakäijaõnnetus,Pimeda aeg
2011-11-11 00:00:00,2,0,1,Harju maakond,1,Jalakäijaõnnetus,Pimeda aeg
2011-11-11 00:00:00,2,0,1,Harju maakond,1,Jalakäijaõnnetus,Pimeda aeg
2011-12-11 00:00:00,1,0,1,Harju maakond,0,Ühesõidukiõnnetus,Pimeda aeg
2011-10-26 09:10:00,2,0,1,Harju maakond,1,Jalakäijaõnnetus,Valge aeg
2011-12-11 00:00:00,1,0,1,Harju maakond,0,Muu liiklusõnnetus,Valge aeg
2011-11-13 00:28:00,2,0,1,Harju maakond,0,Kokkupõrge,Pimeda aeg
2011-11-13 12:30:00,2,0,1,Harju maakond,0,Kokkupõrge,Valge aeg
2011-02-07 00:00:00,2,0,1,Harju maakond,1,Jalakäijaõnnetus,Valge aeg
2011-11-15 18:08:00,2,0,1,Harju maakond,1,Jalakäijaõnnetus,Pimeda aeg
2011-11-16 03:04:00,1,0,1,Harju maakond,0,Ühesõidukiõnnetus,Pimeda aeg
2011-11-16 09:09:00,1,0,1,Harju maakond,0,Ühesõidukiõnnetus,Valge aeg
2011-11-16 16:38:00,2,0,1,Harju maakond,1,Jalakäijaõnnetus,Pimeda aeg
2011-11-17 12:04:00,2,1,2,Harju maakond,0,Kokkupõrge,Valge aeg
2011-11-18 08:26:00,2,0,1,Harju maakond,0,Kokkupõrge,Valge aeg
2011-11-18 23:10:00,2,0,2,Harju maakond,0,Kokkupõrge,Pimeda aeg
2011-11-21 10:00:00,2,0,1,Harju maakond,0,Kokkupõrge,Valge aeg
2011-11-22 17:00:00,2,0,1,Harju maakond,0,Kokkupõrge,Pimeda aeg
2011-11-23 01:05:00,1,0,4,Harju maakond,0,Ühesõidukiõnnetus,Pimeda aeg
2011-11-23 16:24:00,2,0,1,Harju maakond,1,Jalakäijaõnnetus,Pimeda aeg
2011-11-23 16:55:00,2,0,1,Harju maakond,1,Jalakäijaõnnetus,Pimeda aeg
2011-11-24 08:00:00,2,0,1,Harju maakond,0,Kokkupõrge,Valge aeg
2011-11-24 14:24:00,2,0,2,Harju maakond,0,Kokkupõrge,Valge aeg
2011-11-25 07:40:00,2,0,1,Harju maakond,1,Jalakäijaõnnetus,Pimeda aeg