date,persons_involved,killed,injured,county,pedestrian_involved,accident_type,light_conditions
2012-05-23 17:45:00,2,0,1,Harju maakond,0,Kokkupõrge,Valge aeg
2012-05-23 19:46:00,2,0,1,Harju maakond,0,Kokkupõrge,Valge aeg
2012-05-26 15:58:00,2,0,1,Harju maakond,0,Muu liiklusõnnetus,Valge aeg
2012-05-26 20:10:00,2,0,1,Harju maakond,1,Jalakäijaõnnetus,Valge aeg
2012-05-27 12:47:00,1,0,1,Harju maakond,0,Ühesõidukiõnnetus,Pimeda aeg
2012-05-27 18:19:00,1,0,2,Harju maakond,0,Ühesõidukiõnnetus,Valge aeg
2012-05-27 19:45:00,2,0,1,Harju maakond,0,Kokkupõrge,Valge aeg
2012-05-28 01:20:00,0,0,2,Harju maakond,0,Ühesõidukiõnnetus,Pimeda aeg
2012-05-28 08:03:00,2,0,1,Harju maakond,0,Kokkupõrge,Valge aeg
2012-05-28 16:15:00,1,0,1,Harju maakond,0,Muu liiklusõnnetus,Valge aeg
2012-05-29 17:41:00,1,0,2,Harju maakond,0,Ühesõidukiõnnetus,Valge aeg
2012-05-30 17:26:00,2,1,0,Harju maakond,1,Jalakäijaõnnetus,Valge aeg
2012-05-31 17:17:00,2,0,1,Harju maakond,0,Kokkupõrge,Valge aeg
2012-05-31 18:15:00,2,0,1,Harju maakond,0,Muu liiklusõnnetus,Valge aeg
2012-01-06 00:00:00,2,0,1,Harju maakond,0,Kokkupõrge,Valge aeg
2012-01-06 00:00:00,2,0,1,Harju maakond,0,Kokkupõrge,Valge aeg
2012-02-06 00:00:00,1,0,3,Harju maakond,0,Ühesõidukiõnnetus,Valge aeg
2012-02-06 00:00:00,2,0,1,Harju maakond,1,Jalakäijaõnnetus,Valge aeg
2012-03-06 00:00:00,1,0,1,Harju maakond,0,Ühesõidukiõnnetus,Valge aeg
2012-03-06 00:00:00,2,0,1,Harju maakond,1,Jalakäijaõnnetus,Valge aeg
2012-03-06 00:00:00,1,0,4,Harju maakond,0,Ühesõidukiõnnetus,Valge aeg
2012-05-06 00:00:00,2,0,1,Harju maakond,1,Jalakäijaõnnetus,Valge aeg
2012-06-06 00:00:00,2,0,1,Harju maakond,1,Jalakäijaõnnetus,Valge aeg
2012-06-06 00:00:00,2,0,1,Harju maakond,0,Kokkupõrge,Valge aeg
2012-07-06 00:00:00,2,0,1,Harju maakond,0,Ühesõidukiõnnetus,Valge aeg
2012-07-06 00:00:00,1,0,1,Harju maakond,0,Muu liiklusõnnetus,Valge aeg
2012-07-06 00:00:00,2,0,1,Harju maakond,0,Kokkupõrge,Valge aeg
2012-07-06 00:00:00,1,0,1,Harju maakond,0,Ühesõidukiõnnetus,Pimeda aeg
2012-08-06 00:00:00,2,0,1,Harju maakond,0,Kokkupõrge,Valge aeg
2012-08-06 00:00:00,1,0,2,Harju maakond,0,Muu liiklusõnnetus,Valge aeg
2012-09-06 00:00:00,2,0,1,Harju maakond,1,Muu liiklusõnnetus,Valge aeg
2012-11-06 00:00:00,2,0,2,Harju maakond,0,Kokkupõrge,Valge aeg
2012-11-06 00:00:00,2,0,1,Harju maakond,0,Kokkupõrge,Valge aeg
2012-11-06 00:00:00,2,0,1,Harju maakond,1,Jalakäijaõnnetus,Valge aeg
2012-11-06 00:00:00,2,0,1,Harju maakond,1,Jalakäijaõnnetus,Valge aeg
2012-06-13 11:40:00,2,0,1,Harju maakond,0,Kokkupõrge,Valge aeg
2012-06-13 17:15:00,2,0,1,Harju maakond,0,Kokkupõrge,Valge aeg
2012-06-13 19:25:00,2,0,1,Harju maakond,1,Jalakäijaõnnetus,Valge aeg
2012-06-13 19:40:00,2,0,1,Harju maakond,0,Kokkupõrge,Valge aeg
2012-06-14 14:30:00,2,0,1,Harju maakond,0,Muu liiklusõnnetus,Valge aeg
2012-06-14 20:35:00,2,0,1,Harju maakond,0,Kokkupõrge,Valge aeg
2012-06-15 15:45:00,2,0,1,Harju maakond,0,Kokkupõrge,Valge aeg
2012-06-15 17:06:00,1,0,1,Lääne-Viru maakond,0,Muu liiklusõnnetus,Valge aeg
2012-06-15 17:50:00,2,0,1,Harju maakond,0,Kokkupõrge,Valge aeg
2012-06-16 05:44:00,1,0,1,Harju maakond,0,Ühesõidukiõnnetus,Valge aeg
2012-06-16 13:04:00,1,0,1,Harju maakond,0,Ühesõidukiõnnetus,Valge aeg
2012-06-18 11:40:00,2,0,1,Harju maakond,0,Kokkupõrge,Valge aeg
2012-06-18 13:30:00,1,0,1,Harju maakond,0,Ühesõidukiõnnetus,Valge aeg
2012-06-18 18:28:00,2,0,1,Harju maakond,0,Kokkupõrge,Valge aeg
2012-06-18 20:00:00,2,0,1,Harju maakond,0,Muu liiklusõnnetus,Valge aeg
2012-06-19 14:49:00,2,1,0,Harju maakond,1,Jalakäijaõnnetus,Valge aeg
2012-06-19 17:24:00,2,0,1,Harju maakond,0,Muu liiklusõnnetus,Valge aeg
2012-06-20 19:20:00,2,0,1,Harju maakond,0,Kokkupõrge,Valge aeg
2012-06-20 21:16:00,2,0,1,Harju maakond,1,Jalakäijaõnnetus,Valge aeg
2012-06-21 19:25:00,3,0,1,Harju maakond,0,Kokkupõrge,Valge aeg
2012-06-21 22:45:00,2,0,1,Harju maakond,0,Kokkupõrge,Valge aeg
2012-06-22 02:20:00,2,0,2,Harju maakond,0,Kokkupõrge,Pimeda aeg
2012-06-26 14:00:00,2,0,2,Harju maakond,0,Kokkupõrge,Valge aeg
2012-06-26 16:18:00,1,0,1,Harju maakond,0,Muu liiklusõnnetus,Valge aeg
2012-06-28 10:58:00,2,0,1,Harju maakond,0,Kokkupõrge,Valge aeg
2012-06-28 13:00:00,2,0,1,Harju maakond,0,Kokkupõrge,Valge aeg
2012-06-28 13:20:00,2,1,0,Harju maakond,0,Kokkupõrge,Valge aeg
2012-06-28 18:10:00,2,0,1,Harju maakond,0,Kokkupõrge,Valge aeg
2012-06-28 19:02:00,2,0,1,Harju maakond,0,Kokkupõrge,Valge aeg
2012-06-29 16:35:00,2,0,1,Harju maakond,1,Jalakäijaõnnetus,Valge aeg
2012-06-29 19:20:00,2,0,1,Harju maakond,0,Kokkupõrge,Valge aeg
2012-06-29 23:18:00,1,0,1,Harju maakond,0,Muu liiklusõnnetus,Pimeda aeg
2012-06-30 14:15:00,3,0,1,Harju maakond,0,Kokkupõrge,Valge aeg
2012-06-30 19:50:00,2,0,2,Harju maakond,0,Kokkupõrge,Valge aeg
2012-01-07 00:00:00,2,0,1,Harju maakond,0,Kokkupõrge,Valge aeg
2012-02-07 00:00:00,2,0,1,Harju maakond,1,Jalakäijaõnnetus,Valge aeg
2012-02-07 00:00:00,2,0,1,Harju maakond,1,Jalakäijaõnnetus,Valge aeg
2012-03-07 00:00:00,1,0,1,Harju maakond,0,Ühesõidukiõnnetus,Valge aeg
2012-03-07 00:00:00,2,0,1,Harju maakond,0,Kokkupõrge,Valge aeg
2012-03-07 00:00:00,2,0,1,Harju maakond,1,Jalakäijaõnnetus,Valge aeg
2012-03-07 00:00:00,1,0,1,Harju maakond,0,Ühesõidukiõnnetus,Pimeda aeg
2012-04-07 00:00:00,2,0,1,Harju maakond,0,Kokkupõrge,Valge aeg
2012-04-07 00:00:00,1,0,1,Harju maakond,0,Teadmata,Valge aeg
2012-04-07 00:00:00,1,0,1,Harju maakond,0,Ühesõidukiõnnetus,Pimeda aeg
2012-04-07 00:00:00,1,0,1,Harju maakond,1,Jalakäijaõnnetus,Pimeda aeg
2012-06-07 00:00:00,3,0,2,Harju maakond,0,Kokkupõrge,Pimeda aeg
2012-06-07 00:00:00,4,0,2,Harju maakond,0,Kokkupõrge,Valge aeg
2012-06-07 00:00:00,1,0,1,Harju maakond,0,Muu liiklusõnnetus,Valge aeg
2012-07-07 00:00:00,1,0,1,Harju maakond,0,Ühesõidukiõnnetus,Valge aeg
2012-08-07 00:00:00,1,0,2,Lääne-Viru maakond,0,Muu liiklusõnnetus,Valge aeg
2012-09-07 00:00:00,1,1,0,Harju maakond,0,Ühesõidukiõnnetus,Valge aeg
2012-09-07 00:00:00,2,0,1,Harju maakond,1,Jalakäijaõnnetus,Valge aeg
2012-10-07 00:00:00,3,1,3,Harju maakond,0,Kokkupõrge,Valge aeg
2012-10-07 00:00:00,2,0,1,Harju maakond,0,Kokkupõrge,Valge aeg
2012-10-07 00:00:00,2,0,1,Harju maakond,0,Kokkupõrge,Valge aeg
2012-10-07 00:00:00,6,0,1,Harju maakond,0,Kokkupõrge,Valge aeg
2012-10-07 00:00:00,2,0,1,Harju maakond,0,Kokkupõrge,Valge aeg
2012-11-07 00:00:00,2,0,1,Harju maakond,0,Kokkupõrge,Valge aeg
2012-07-13 15:10:00,1,0,1,Harju maakond,0,Ühesõidukiõnnetus,Valge aeg
2012-07-14 22:53:00,1,0,2,Harju maakond,0,Muu liiklusõnnetus,Pimeda aeg
2012-07-15 09:56:00,1,0,1,Harju maakond,0,Ühesõidukiõnnetus,Valge aeg
2012-07-16 16:29:00,1,0,2,Harju maakond,0,Ühesõidukiõnnetus,Valge aeg
2012-07-16 17:10:00,1,1,0,Harju maakond,0,Ühesõidukiõnnetus,Valge aeg
2012-07-16 18:13:00,0,0,1,Harju maakond,0,Ühesõidukiõnnetus,Valge aeg
2012-07-16 18:22:00,2,0,1,Harju maakond,0,Kokkupõrge,Valge aeg
2012-07-16 20:28:00,2,0,2,Harju maakond,0,Kokkupõrge,Valge aeg
2012-02-07 00:00:00,1,0,1,Harju maakond,1,Jalakäijaõnnetus,Valge aeg
2012-07-17 17:56:00,1,0,1,Harju maakond,0,Ühesõidukiõnnetus,Valge aeg
2012-07-19 15:00:00,2,0,1,Harju maakond,0,Kokkupõrge,Valge aeg
2012-07-19 17:20:00,2,0,1,Harju maakond,0,Kokkupõrge,Valge aeg
2012-07-19 21:32:00,1,0,2,Harju maakond,0,Ühesõidukiõnnetus,Valge aeg
2012-07-20 08:30:00,1,0,1,Harju maakond,0,Muu liiklusõnnetus,Valge aeg
2012-07-20 16:43:00,2,0,1,Harju maakond,1,Jalakäijaõnnetus,Valge aeg
2012-07-20 20:00:00,2,0,1,Harju maakond,0,Kokkupõrge,Valge aeg
2012-07-21 16:20:00,1,0,1,Rapla maakond,0,Ühesõidukiõnnetus,Valge aeg
2012-07-20 23:30:00,1,0,1,Harju maakond,1,Jalakäijaõnnetus,Pimeda aeg
2012-07-21 19:44:00,1,0,1,Harju maakond,0,Ühesõidukiõnnetus,Valge aeg
2012-07-22 19:50:00,2,0,1,Harju maakond,0,Kokkupõrge,Valge aeg
2012-07-23 17:47:00,2,0,2,Harju maakond,0,Kokkupõrge,Valge aeg
2012-07-24 05:00:00,1,0,1,Harju maakond,0,Ühesõidukiõnnetus,Valge aeg
2012-07-25 09:31:00,2,0,1,Harju maakond,1,Jalakäijaõnnetus,Valge aeg
2012-07-25 16:30:00,2,0,1,Harju maakond,0,Kokkupõrge,Valge aeg
2012-07-27 07:23:00,2,0,1,Harju maakond,0,Kokkupõrge,Valge aeg
2012-07-27 14:49:00,2,0,1,Harju maakond,0,Kokkupõrge,Valge aeg
2012-07-27 15:00:00,2,0,1,Harju maakond,0,Kokkupõrge,Valge aeg
2012-07-28 02:03:00,1,0,1,Harju maakond,0,Ühesõidukiõnnetus,Pimeda aeg
2012-07-28 12:18:00,2,0,1,Harju maakond,0,Kokkupõrge,Valge aeg
2012-07-28 22:00:00,1,0,1,Harju maakond,0,Ühesõidukiõnnetus,Valge aeg
2012-07-30 14:10:00,2,0,3,Harju maakond,0,Kokkupõrge,Valge aeg
2012-07-31 16:59:00,2,0,3,Harju maakond,0,Kokkupõrge,Valge aeg
2012-07-31 19:32:00,1,0,1,Harju maakond,1,Muu liiklusõnnetus,Valge aeg
2012-07-31 20:17:00,0,0,1,Harju maakond,0,Ühesõidukiõnnetus,Valge aeg
2012-01-08 00:00:00,2,0,1,Harju maakond,0,Kokkupõrge,Valge aeg
2012-02-08 00:00:00,2,0,1,Harju maakond,1,Jalakäijaõnnetus,Valge aeg
2012-02-08 00:00:00,2,0,1,Harju maakond,0,Kokkupõrge,Valge aeg
2012-03-08 00:00:00,2,0,1,Harju maakond,0,Muu liiklusõnnetus,Valge aeg
2012-03-08 00:00:00,2,0,1,Harju maakond,0,Kokkupõrge,Pimeda aeg
2012-04-08 00:00:00,2,0,1,Harju maakond,0,Kokkupõrge,Pimeda aeg
2012-04-08 00:00:00,1,0,2,Harju maakond,0,Ühesõidukiõnnetus,Valge aeg
2012-04-08 00:00:00,2,1,0,Harju maakond,0,Kokkupõrge,Valge aeg
2012-04-08 00:00:00,1,0,1,Harju maakond,0,Muu liiklusõnnetus,Valge aeg
2012-05-08 00:00:00,1,0,1,Harju maakond,1,Jalakäijaõnnetus,Valge aeg
2012-05-08 00:00:00,1,0,1,Harju maakond,0,Ühesõidukiõnnetus,Valge aeg
2012-05-08 00:00:00,1,0,2,Harju maakond,0,Muu liiklusõnnetus,Pimeda aeg
2012-04-08 00:00:00,1,0,1,Harju maakond,0,Kokkupõrge,Valge aeg
2012-06-08 00:00:00,2,0,1,Harju maakond,0,Kokkupõrge,Valge aeg
2012-07-21 04:14:00,1,0,2,Harju maakond,0,Ühesõidukiõnnetus,Valge aeg
2012-08-08 00:00:00,1,0,1,Harju maakond,0,Ühesõidukiõnnetus,Valge aeg
2012-08-08 00:00:00,2,0,1,Harju maakond,1,Jalakäijaõnnetus,Valge aeg
2012-09-08 00:00:00,2,0,2,Harju maakond,0,Kokkupõrge,Valge aeg
2012-09-08 00:00:00,2,0,1,Harju maakond,1,Jalakäijaõnnetus,Valge aeg
2012-10-08 00:00:00,2,0,1,Harju maakond,1,Jalakäijaõnnetus,Valge aeg
2012-08-14 14:54:00,2,0,1,Harju maakond,0,Kokkupõrge,Valge aeg
2012-08-16 12:56:00,2,0,1,Harju maakond,0,Kokkupõrge,Valge aeg
2012-06-08 00:00:00,2,0,1,Harju maakond,1,Jalakäijaõnnetus,Valge aeg
2012-08-16 15:30:00,1,0,1,Harju maakond,0,Muu liiklusõnnetus,Valge aeg
2012-08-17 13:57:00,2,0,1,Harju maakond,1,Jalakäijaõnnetus,Valge aeg
2012-08-18 05:53:00,2,0,2,Harju maakond,0,Kokkupõrge,Valge aeg
2012-08-18 17:24:00,1,1,0,Harju maakond,0,Ühesõidukiõnnetus,Valge aeg
2012-08-19 20:50:00,1,0,1,Harju maakond,0,Ühesõidukiõnnetus,Valge aeg
2012-08-20 01:34:00,1,1,0,Harju maakond,0,Ühesõidukiõnnetus,Pimeda aeg
2012-08-21 13:10:00,2,0,1,Harju maakond,1,Jalakäijaõnnetus,Valge aeg
2012-08-21 13:32:00,2,0,1,Harju maakond,0,Kokkupõrge,Valge aeg
2012-08-21 17:20:00,2,0,1,Harju maakond,0,Kokkupõrge,Valge aeg
2012-08-22 11:10:00,1,0,1,Harju maakond,0,Muu liiklusõnnetus,Valge aeg
2012-08-22 16:55:00,3,0,1,Harju maakond,0,Kokkupõrge,Valge aeg
2012-08-22 19:14:00,2,0,1,Harju maakond,1,Jalakäijaõnnetus,Valge aeg
2012-08-23 12:35:00,2,0,1,Harju maakond,1,Jalakäijaõnnetus,Valge aeg
2012-08-23 13:25:00,3,0,2,Harju maakond,0,Kokkupõrge,Valge aeg
2012-08-24 09:09:00,4,0,1,Harju maakond,1,Ühesõidukiõnnetus,Valge aeg
2012-08-24 10:14:00,2,0,1,Harju maakond,0,Kokkupõrge,Valge aeg
2012-08-24 11:27:00,2,0,2,Harju maakond,0,Kokkupõrge,Valge aeg
2012-08-24 17:21:00,3,0,1,Harju maakond,0,Kokkupõrge,Valge aeg
2012-08-24 21:18:00,2,0,1,Harju maakond,1,Jalakäijaõnnetus,Pimeda aeg
2012-08-25 12:40:00,2,0,1,Harju maakond,0,Kokkupõrge,Valge aeg
2012-08-25 14:20:00,1,0,2,Harju maakond,0,Muu liiklusõnnetus,Valge aeg
2012-08-26 12:30:00,2,0,1,Harju maakond,0,Kokkupõrge,Valge aeg
2012-08-26 21:38:00,1,0,1,Harju maakond,0,Ühesõidukiõnnetus,Pimeda aeg
2012-08-26 00:11:00,2,0,6,Harju maakond,0,Kokkupõrge,Pimeda aeg
2012-08-27 13:05:00,2,0,1,Harju maakond,1,Jalakäijaõnnetus,Valge aeg
2012-08-27 13:49:00,2,1,1,Harju maakond,0,Kokkupõrge,Valge aeg
2012-08-27 17:30:00,2,0,4,Harju maakond,0,Kokkupõrge,Valge aeg
2012-08-28 13:09:00,2,0,1,Harju maakond,1,Jalakäijaõnnetus,Valge aeg
2012-08-28 15:15:00,1,0,1,Harju maakond,0,Muu liiklusõnnetus,Valge aeg
2012-08-29 08:55:00,2,0,1,Harju maakond,1,Jalakäijaõnnetus,Valge aeg
2012-08-29 15:00:00,2,0,1,Harju maakond,0,Kokkupõrge,Valge aeg
2012-08-15 20:20:00,1,0,1,Harju maakond,1,Jalakäijaõnnetus,Valge aeg
2012-08-31 09:16:00,1,0,1,Harju maakond,0,Ühesõidukiõnnetus,Valge aeg
2012-08-31 19:05:00,1,0,1,Harju maakond,0,Kokkupõrge,Valge aeg
2012-01-09 00:00:00,3,0,1,Harju maakond,0,Kokkupõrge,Valge aeg
2012-01-09 00:00:00,1,0,1,Harju maakond,0,Ühesõidukiõnnetus,Valge aeg
2012-01-09 00:00:00,2,0,2,Harju maakond,0,Kokkupõrge,Pimeda aeg
2012-02-09 00:00:00,2,0,3,Harju maakond,0,Kokkupõrge,Pimeda aeg
2012-03-09 00:00:00,2,0,1,Harju maakond,0,Kokkupõrge,Valge aeg
2012-05-09 00:00:00,2,0,1,Harju maakond,0,Kokkupõrge,Pimeda aeg
2012-07-09 00:00:00,2,0,1,Harju maakond,1,Jalakäijaõnnetus,Valge aeg
2012-07-09 00:00:00,1,0,1,Harju maakond,0,Muu liiklusõnnetus,Valge aeg
2012-08-09 00:00:00,2,0,3,Harju maakond,0,Kokkupõrge,Pimeda aeg
2012-08-09 00:00:00,2,0,1,Harju maakond,0,Kokkupõrge,Valge aeg
2012-08-09 00:00:00,2,0,1,Harju maakond,0,Kokkupõrge,Pimeda aeg
2012-08-09 00:00:00,2,0,1,Harju maakond,1,Jalakäijaõnnetus,Pimeda aeg
2012-10-09 00:00:00,3,0,5,Harju maakond,0,Muu liiklusõnnetus,Valge aeg
2012-11-09 00:00:00,1,0,1,Harju maakond,0,Muu liiklusõnnetus,Valge aeg
2012-11-09 00:00:00,2,0,1,Harju maakond,0,Kokkupõrge,Pimeda aeg
2012-12-09 00:00:00,3,1,5,Harju maakond,0,Kokkupõrge,Valge aeg
2012-12-09 00:00:00,2,0,1,Harju maakond,0,Kokkupõrge,Valge aeg
2012-12-09 00:00:00,3,0,1,Harju maakond,0,Kokkupõrge,Valge aeg
2012-12-09 00:00:00,2,0,2,Harju maakond,0,Kokkupõrge,Pimeda aeg
2012-09-14 16:45:00,2,0,1,Harju maakond,0,Kokkupõrge,Valge aeg
2012-09-15 13:21:00,3,0,1,Harju maakond,0,Kokkupõrge,Valge aeg
2012-09-15 18:28:00,1,0,1,Harju maakond,0,Ühesõidukiõnnetus,Valge aeg
2012-09-15 18:30:00,2,0,2,Harju maakond,0,Kokkupõrge,Valge aeg
2012-09-15 23:58:00,1,0,1,Harju maakond,0,Muu liiklusõnnetus,Pimeda aeg
2012-09-16 16:34:00,2,0,1,Harju maakond,0,Kokkupõrge,Valge aeg
2012-09-17 07:38:00,1,0,1,Harju maakond,0,Ühesõidukiõnnetus,Valge aeg
2012-09-17 10:27:00,2,0,1,Harju maakond,1,Jalakäijaõnnetus,Valge aeg
2012-09-17 22:28:00,1,0,1,Harju maakond,0,Muu liiklusõnnetus,Pimeda aeg
2012-09-18 19:19:00,3,0,1,Harju maakond,0,Kokkupõrge,Pimeda aeg
2012-09-18 19:40:00,2,0,1,Harju maakond,1,Jalakäijaõnnetus,Pimeda aeg
2012-09-19 08:40:00,2,0,1,Harju maakond,0,Kokkupõrge,Valge aeg
2012-09-19 11:53:00,2,0,1,Harju maakond,1,Jalakäijaõnnetus,Valge aeg
2012-09-19 19:07:00,2,0,1,Harju maakond,1,Jalakäijaõnnetus,Valge aeg
2012-09-20 15:05:00,2,0,1,Harju maakond,1,Jalakäijaõnnetus,Valge aeg
2012-09-21 11:55:00,2,0,1,Harju maakond,0,Kokkupõrge,Valge aeg
2012-09-21 13:24:00,1,0,1,Harju maakond,0,Ühesõidukiõnnetus,Valge aeg
2012-09-22 01:30:00,1,0,1,Harju maakond,1,Jalakäijaõnnetus,Pimeda aeg
2012-09-22 22:38:00,3,0,2,Harju maakond,0,Muu liiklusõnnetus,Pimeda aeg
2012-09-23 14:05:00,2,0,1,Harju maakond,0,Kokkupõrge,Valge aeg
2012-09-23 23:45:00,1,0,1,Harju maakond,0,Ühesõidukiõnnetus,Pimeda aeg
2012-09-24 13:35:00,2,0,1,Harju maakond,1,Jalakäijaõnnetus,Valge aeg
2012-09-24 17:10:00,3,0,2,Harju maakond,0,Kokkupõrge,Valge aeg
2012-09-26 13:23:00,2,0,1,Harju maakond,1,Jalakäijaõnnetus,Valge aeg
2012-09-26 19:25:00,2,0,1,Harju maakond,0,Kokkupõrge,Valge aeg
2012-09-26 19:40:00,3,0,1,Harju maakond,0,Kokkupõrge,Valge aeg
2012-09-27 17:40:00,2,0,1,Harju maakond,0,Kokkupõrge,Valge aeg
2012-09-28 08:25:00,3,0,1,Harju maakond,0,Muu liiklusõnnetus,Valge aeg
2012-09-29 04:07:00,3,1,0,Harju maakond,1,Jalakäijaõnnetus,Pimeda aeg
2012-09-29 19:14:00,1,0,1,Harju maakond,0,Ühesõidukiõnnetus,Pimeda aeg
2012-09-29 23:17:00,2,0,1,Harju maakond,1,Jalakäijaõnnetus,Pimeda aeg
2012-09-30 04:15:00,1,0,3,Harju maakond,0,Ühesõidukiõnnetus,Pimeda aeg
2012-01-10 00:00:00,2,0,1,Harju maakond,1,Jalakäijaõnnetus,Pimeda aeg
2012-02-10 00:00:00,2,0,1,Harju maakond,1,Jalakäijaõnnetus,Valge aeg
2012-09-19 15:10:00,0,0,1,Harju maakond,0,Muu liiklusõnnetus,Valge aeg
2012-03-10 00:00:00,2,0,1,Harju maakond,1,Jalakäijaõnnetus,Valge aeg
2012-01-10 00:00:00,1,0,1,Harju maakond,1,Muu liiklusõnnetus,Valge aeg
2012-05-10 00:00:00,2,0,1,Harju maakond,0,Kokkupõrge,Valge aeg
2012-05-10 00:00:00,2,0,1,Harju maakond,0,Kokkupõrge,Pimeda aeg
2012-05-10 00:00:00,2,0,2,Harju maakond,0,Kokkupõrge,Pimeda aeg
2012-06-10 00:00:00,1,0,1,Harju maakond,1,Jalakäijaõnnetus,Pimeda aeg
2012-06-10 00:00:00,3,0,1,Harju maakond,0,Kokkupõrge,Valge aeg
2012-06-10 00:00:00,2,0,1,Harju maakond,0,Kokkupõrge,Valge aeg
2012-06-10 00:00:00,2,0,1,Harju maakond,1,Jalakäijaõnnetus,Pimeda aeg
2012-07-10 00:00:00,1,1,0,Harju maakond,0,Ühesõidukiõnnetus,Valge aeg
2012-07-10 00:00:00,1,0,1,Harju maakond,1,Jalakäijaõnnetus,Pimeda aeg
2012-08-10 00:00:00,2,0,1,Harju maakond,0,Kokkupõrge,Valge aeg
2012-09-10 00:00:00,2,0,2,Harju maakond,0,Kokkupõrge,Valge aeg
2012-09-10 00:00:00,2,0,1,Harju maakond,0,Kokkupõrge,Valge aeg
2012-09-10 00:00:00,2,0,1,Harju maakond,0,Kokkupõrge,Pimeda aeg
2012-10-10 00:00:00,2,0,2,Harju maakond,0,Kokkupõrge,Valge aeg
2012-10-10 00:00:00,2,0,1,Harju maakond,0,Kokkupõrge,Valge aeg
2012-10-10 00:00:00,2,0,1,Harju maakond,1,Jalakäijaõnnetus,Pimeda aeg
2012-11-10 00:00:00,2,0,1,Harju maakond,1,Jalakäijaõnnetus,Valge aeg
2012-11-10 00:00:00,3,0,1,Harju maakond,0,Kokkupõrge,Pimeda aeg
2012-12-10 00:00:00,2,0,2,Harju maakond,0,Kokkupõrge,Valge aeg
2012-12-10 00:00:00,1,0,1,Harju maakond,0,Muu liiklusõnnetus,Valge aeg
2012-12-10 00:00:00,2,0,2,Harju maakond,0,Kokkupõrge,Valge aeg
2012-10-13 09:05:00,1,0,2,Harju maakond,1,Jalakäijaõnnetus,Valge aeg
2012-10-14 11:35:00,2,0,1,Harju maakond,1,Jalakäijaõnnetus,Valge aeg
2012-10-14 12:30:00,2,1,0,Harju maakond,1,Jalakäijaõnnetus,Valge aeg
2012-11-06 00:00:00,1,0,1,Harju maakond,0,Kokkupõrge,Valge aeg
2012-10-16 09:47:00,3,0,1,Harju maakond,1,Jalakäijaõnnetus,Valge aeg
2012-10-16 15:53:00,2,0,1,Harju maakond,1,Jalakäijaõnnetus,Valge aeg
2012-10-18 16:02:00,2,0,1,Harju maakond,1,Jalakäijaõnnetus,Valge aeg
2012-10-18 17:37:00,1,0,1,Harju maakond,0,Muu liiklusõnnetus,Pimeda aeg
2012-10-19 14:47:00,1,0,1,Harju maakond,0,Muu liiklusõnnetus,Valge aeg
2012-10-19 18:15:00,2,0,3,Harju maakond,0,Teadmata,Pimeda aeg
2012-10-20 00:54:00,2,0,1,Harju maakond,0,Kokkupõrge,Pimeda aeg
2012-10-21 19:32:00,2,0,1,Harju maakond,1,Jalakäijaõnnetus,Pimeda aeg
2012-10-22 08:30:00,1,0,1,Harju maakond,1,Jalakäijaõnnetus,Valge aeg
2012-10-22 20:34:00,2,0,2,Harju maakond,0,Kokkupõrge,Pimeda aeg
2012-10-24 20:10:00,2,0,1,Harju maakond,1,Jalakäijaõnnetus,Pimeda aeg
2012-10-25 20:15:00,3,0,1,Harju maakond,0,Kokkupõrge,Pimeda aeg
2012-10-26 07:10:00,2,0,1,Harju maakond,0,Kokkupõrge,Pimeda aeg
2012-10-26 12:34:00,1,0,1,Harju maakond,0,Ühesõidukiõnnetus,Valge aeg
2012-10-26 14:10:00,2,0,1,Harju maakond,0,Kokkupõrge,Valge aeg
2012-10-26 16:45:00,2,0,1,Harju maakond,0,Kokkupõrge,Pimeda aeg
2012-10-29 17:48:00,2,0,1,Harju maakond,1,Jalakäijaõnnetus,Pimeda aeg
2012-10-29 18:52:00,2,0,1,Harju maakond,0,Muu liiklusõnnetus,Pimeda aeg
2012-10-30 18:40:00,3,0,2,Harju maakond,1,Jalakäijaõnnetus,Pimeda aeg
2012-10-31 14:25:00,2,0,1,Harju maakond,1,Jalakäijaõnnetus,Valge aeg
2012-01-11 00:00:00,2,0,1,Harju maakond,1,Jalakäijaõnnetus,Pimeda aeg
2012-02-11 00:00:00,2,0,1,Harju maakond,1,Jalakäijaõnnetus,Pimeda aeg
2012-03-11 00:00:00,3,1,1,Harju maakond,1,Jalakäijaõnnetus,Pimeda aeg
2012-04-11 00:00:00,2,0,2,Harju maakond,0,Kokkupõrge,Valge aeg