date,persons_involved,killed,injured,county,pedestrian_involved,accident_type,light_conditions
2012-05-11 00:00:00,2,0,1,Harju maakond,1,Jalakäijaõnnetus,Pimeda aeg
2012-05-11 00:00:00,2,0,1,Harju maakond,1,Jalakäijaõnnetus,Valge aeg
2012-05-11 00:00:00,2,0,1,Harju maakond,1,Jalakäijaõnnetus,Pimeda aeg
2012-07-11 00:00:00,2,0,1,Harju maakond,0,Kokkupõrge,Valge aeg
2012-07-11 00:00:00,2,0,1,Harju maakond,1,Jalakäijaõnnetus,Pimeda aeg
2012-07-11 00:00:00,2,0,1,Harju maakond,1,Jalakäijaõnnetus,Pimeda aeg
2012-08-11 00:00:00,2,0,1,Harju maakond,0,Kokkupõrge,Valge aeg
2012-07-11 00:00:00,1,0,1,Harju maakond,1,Jalakäijaõnnetus,Valge aeg
2012-09-11 00:00:00,2,0,1,Harju maakond,0,Kokkupõrge,Valge aeg
2012-09-11 00:00:00,2,0,1,Harju maakond,1,Jalakäijaõnnetus,Pimeda aeg
2012-09-11 00:00:00,3,0,5,Harju maakond,0,Kokkupõrge,Pimeda aeg
2012-09-11 00:00:00,2,0,1,Harju maakond,0,Kokkupõrge,Pimeda aeg
2012-11-11 00:00:00,1,0,1,Harju maakond,0,Ühesõidukiõnnetus,Pimeda aeg
2012-12-11 00:00:00,2,0,4,Harju maakond,0,Kokkupõrge,Valge aeg
2012-12-11 00:00:00,1,0,1,Harju maakond,1,Jalakäijaõnnetus,Pimeda aeg
2012-11-14 14:17:00,2,0,1,Harju maakond,0,Kokkupõrge,Valge aeg
2012-11-14 16:39:00,2,0,1,Harju maakond,1,Jalakäijaõnnetus,Pimeda aeg
2012-11-15 15:35:00,2,0,1,Harju maakond,0,Kokkupõrge,Valge aeg
2012-11-16 07:38:00,2,0,1,Harju maakond,1,Jalakäijaõnnetus,Valge aeg
2012-11-16 15:32:00,2,0,1,Harju maakond,0,Kokkupõrge,Valge aeg
2012-11-17 17:50:00,2,0,1,Harju maakond,0,Kokkupõrge,Pimeda aeg
2012-11-17 19:09:00,2,0,1,Harju maakond,1,Jalakäijaõnnetus,Pimeda aeg
2012-11-18 14:55:00,1,0,1,Harju maakond,0,Muu liiklusõnnetus,Valge aeg
2012-11-19 12:30:00,2,0,1,Harju maakond,1,Jalakäijaõnnetus,Valge aeg
2012-11-19 13:18:00,2,0,1,Harju maakond,0,Kokkupõrge,Valge aeg
2012-11-19 16:45:00,2,0,1,Harju maakond,1,Jalakäijaõnnetus,Pimeda aeg
2012-11-20 11:25:00,2,0,1,Harju maakond,1,Jalakäijaõnnetus,Valge aeg
2012-11-22 14:26:00,2,0,1,Harju maakond,1,Jalakäijaõnnetus,Valge aeg
2012-11-23 00:00:00,2,0,1,Harju maakond,0,Kokkupõrge,Pimeda aeg
2012-11-25 14:50:00,2,0,1,Harju maakond,0,Muu liiklusõnnetus,Valge aeg
2012-11-26 07:40:00,2,0,3,Harju maakond,0,Kokkupõrge,Pimeda aeg
2012-11-26 13:15:00,2,0,1,Harju maakond,1,Jalakäijaõnnetus,Valge aeg
2012-11-27 13:42:00,2,0,1,Harju maakond,1,Jalakäijaõnnetus,Valge aeg
2012-11-27 16:12:00,2,0,1,Harju maakond,1,Jalakäijaõnnetus,Pimeda aeg
2012-11-27 21:00:00,2,0,1,Harju maakond,0,Kokkupõrge,Pimeda aeg
2012-11-28 15:39:00,2,0,2,Harju maakond,0,Kokkupõrge,Valge aeg
2012-11-29 08:25:00,2,0,3,Harju maakond,0,Kokkupõrge,Valge aeg
2012-11-29 11:54:00,1,0,1,Harju maakond,0,Ühesõidukiõnnetus,Valge aeg
2012-11-29 12:22:00,1,0,1,Harju maakond,1,Jalakäijaõnnetus,Valge aeg
2012-11-29 18:10:00,1,0,1,Harju maakond,1,Jalakäijaõnnetus,Pimeda aeg
2012-02-12 00:00:00,1,0,1,Harju maakond,0,Ühesõidukiõnnetus,Valge aeg
2012-02-12 00:00:00,4,0,2,Harju maakond,0,Kokkupõrge,Valge aeg
2012-02-12 00:00:00,2,0,1,Harju maakond,0,Kokkupõrge,Pimeda aeg
2012-02-12 00:00:00,2,0,1,Harju maakond,0,Kokkupõrge,Pimeda aeg
2012-03-12 00:00:00,2,0,1,Harju maakond,1,Jalakäijaõnnetus,Valge aeg
2012-03-12 00:00:00,2,0,2,Harju maakond,0,Kokkupõrge,Pimeda aeg
2012-03-12 00:00:00,2,0,3,Harju maakond,0,Kokkupõrge,Pimeda aeg
2012-03-12 00:00:00,2,0,1,Harju maakond,1,Jalakäijaõnnetus,Pimeda aeg
2012-03-12 00:00:00,3,0,1,Harju maakond,1,Kokkupõrge,Pimeda aeg
2012-04-12 00:00:00,2,0,1,Harju maakond,1,Jalakäijaõnnetus,Valge aeg
2012-05-12 00:00:00,2,0,1,Harju maakond,1,Jalakäijaõnnetus,Pimeda aeg
2012-06-12 00:00:00,1,0,1,Harju maakond,1,Jalakäijaõnnetus,Valge aeg
2012-06-12 00:00:00,2,0,1,Harju maakond,0,Kokkupõrge,Valge aeg
2012-07-12 00:00:00,2,0,1,Harju maakond,1,Jalakäijaõnnetus,Valge aeg
2012-08-12 00:00:00,2,0,1,Harju maakond,1,Jalakäijaõnnetus,Pimeda aeg
2012-08-12 00:00:00,1,0,1,Harju maakond,0,Ühesõidukiõnnetus,Pimeda aeg
2012-09-12 00:00:00,2,0,1,Harju maakond,1,Jalakäijaõnnetus,Valge aeg
2012-09-12 00:00:00,1,1,0,Harju maakond,1,Jalakäijaõnnetus,Pimeda aeg
2012-10-12 00:00:00,1,0,1,Harju maakond,0,Ühesõidukiõnnetus,Pimeda aeg
2012-10-12 00:00:00,2,0,1,Harju maakond,1,Jalakäijaõnnetus,Valge aeg
2012-10-12 00:00:00,2,0,1,Harju maakond,0,Kokkupõrge,Pimeda aeg
2012-10-12 00:00:00,2,0,1,Harju maakond,0,Kokkupõrge,Pimeda aeg
2012-10-12 00:00:00,2,0,1,Harju maakond,1,Jalakäijaõnnetus,Pimeda aeg
2012-10-12 00:00:00,2,0,1,Harju maakond,0,Kokkupõrge,Valge aeg
2012-11-12 00:00:00,2,0,1,Harju maakond,0,Kokkupõrge,Valge aeg
2012-11-12 00:00:00,3,0,2,Harju maakond,1,Jalakäijaõnnetus,Valge aeg
2012-11-12 00:00:00,2,0,1,Harju maakond,0,Muu liiklusõnnetus,Pimeda aeg
2012-11-12 00:00:00,2,0,1,Harju maakond,1,Jalakäijaõnnetus,Pimeda aeg
2012-12-12 00:00:00,2,0,1,Harju maakond,1,Jalakäijaõnnetus,Pimeda aeg
2012-12-13 17:52:00,2,0,1,Harju maakond,1,Jalakäijaõnnetus,Pimeda aeg
2012-12-13 21:55:00,2,0,1,Harju maakond,0,Kokkupõrge,Pimeda aeg
2012-12-13 23:10:00,2,0,1,Harju maakond,1,Jalakäijaõnnetus,Pimeda aeg
2012-12-15 17:30:00,2,0,1,Harju maakond,0,Kokkupõrge,Pimeda aeg
2012-12-16 19:58:00,2,0,1,Harju maakond,0,Kokkupõrge,Pimeda aeg
2012-12-17 08:03:00,2,0,1,Harju maakond,0,Kokkupõrge,Valge aeg
2012-12-17 14:39:00,2,0,1,Harju maakond,1,Jalakäijaõnnetus,Valge aeg
2012-12-17 19:28:00,3,1,0,Harju maakond,1,Jalakäijaõnnetus,Pimeda aeg
2012-12-18 08:10:00,2,0,1,Harju maakond,1,Jalakäijaõnnetus,Valge aeg
2012-12-18 17:12:00,2,0,1,Harju maakond,1,Jalakäijaõnnetus,Pimeda aeg
2012-12-18 17:45:00,2,0,1,Harju maakond,1,Jalakäijaõnnetus,Pimeda aeg
2012-12-19 17:07:00,2,0,1,Harju maakond,1,Jalakäijaõnnetus,Pimeda aeg
2012-12-19 18:56:00,2,0,1,Harju maakond,1,Jalakäijaõnnetus,Pimeda aeg
2012-12-19 21:10:00,2,0,1,Harju maakond,1,Muu liiklusõnnetus,Pimeda aeg
2012-12-20 16:31:00,3,0,1,Harju maakond,1,Jalakäijaõnnetus,Pimeda aeg
2012-12-21 12:00:00,2,0,1,Harju maakond,0,Kokkupõrge,Valge aeg
2012-12-21 13:30:00,2,0,1,Harju maakond,1,Jalakäijaõnnetus,Valge aeg
2012-12-21 14:00:00,2,0,1,Harju maakond,0,Kokkupõrge,Valge aeg
2012-12-22 13:58:00,2,1,0,Harju maakond,1,Jalakäijaõnnetus,Valge aeg
2012-12-22 15:25:00,2,0,1,Harju maakond,0,Kokkupõrge,Valge aeg
2012-12-24 13:08:00,2,0,1,Harju maakond,1,Jalakäijaõnnetus,Valge aeg
2012-12-25 20:36:00,2,0,1,Harju maakond,1,Jalakäijaõnnetus,Pimeda aeg
2012-12-28 01:13:00,1,0,2,Harju maakond,0,Ühesõidukiõnnetus,Pimeda aeg
2012-12-28 21:37:00,2,0,1,Harju maakond,0,Kokkupõrge,Pimeda aeg
2012-12-29 11:28:00,2,0,1,Harju maakond,1,Jalakäijaõnnetus,Valge aeg
2012-12-29 15:43:00,2,0,1,Harju maakond,1,Jalakäijaõnnetus,Pimeda aeg
2012-12-29 16:25:00,2,0,1,Harju maakond,0,Kokkupõrge,Pimeda aeg
2012-12-30 21:30:00,2,0,1,Harju maakond,1,Jalakäijaõnnetus,Pimeda aeg
2012-12-31 15:10:00,2,0,1,Harju maakond,1,Jalakäijaõnnetus,Pimeda aeg
2012-12-31 18:57:00,2,0,1,Harju maakond,1,Jalakäijaõnnetus,Pimeda aeg
2013-01-01 03:39:00,2,0,1,Harju maakond,1,Jalakäijaõnnetus,Pimeda aeg
2013-02-01 00:00:00,2,0,1,Harju maakond,1,Jalakäijaõnnetus,Pimeda aeg
2013-03-01 00:00:00,2,0,1,Harju maakond,1,Jalakäijaõnnetus,Pimeda aeg
2013-03-01 00:00:00,2,1,0,Harju maakond,1,Jalakäijaõnnetus,Pimeda aeg
2013-03-01 00:00:00,4,0,1,Harju maakond,0,Kokkupõrge,Pimeda aeg
2013-04-01 00:00:00,2,0,1,Harju maakond,1,Jalakäijaõnnetus,Valge aeg
2013-04-01 00:00:00,1,0,1,Harju maakond,1,Jalakäijaõnnetus,Pimeda aeg
2013-06-01 00:00:00,2,0,2,Harju maakond,0,Kokkupõrge,Pimeda aeg
2013-07-01 00:00:00,1,0,1,Harju maakond,0,Ühesõidukiõnnetus,Valge aeg
2013-08-01 00:00:00,2,0,1,Harju maakond,1,Jalakäijaõnnetus,Pimeda aeg
2013-09-01 00:00:00,2,0,1,Harju maakond,0,Kokkupõrge,Pimeda aeg
2013-09-01 00:00:00,1,0,2,Harju maakond,0,Ühesõidukiõnnetus,Pimeda aeg
2013-10-01 00:00:00,2,0,7,Harju maakond,0,Kokkupõrge,Pimeda aeg
2013-11-01 00:00:00,2,0,1,Harju maakond,0,Kokkupõrge,Valge aeg
2013-11-01 00:00:00,2,1,0,Harju maakond,1,Jalakäijaõnnetus,Pimeda aeg
2013-12-01 00:00:00,1,0,3,Harju maakond,0,Ühesõidukiõnnetus,Pimeda aeg
2013-01-15 09:38:00,2,0,1,Harju maakond,0,Kokkupõrge,Valge aeg
2013-01-15 17:38:00,2,0,1,Harju maakond,1,Jalakäijaõnnetus,Pimeda aeg
2013-01-16 17:15:00,2,0,1,Harju maakond,1,Muu liiklusõnnetus,Pimeda aeg
2013-01-17 07:16:00,2,0,1,Harju maakond,0,Kokkupõrge,Valge aeg
2013-01-17 11:10:00,2,0,1,Harju maakond,0,Kokkupõrge,Valge aeg
2013-01-19 13:49:00,2,0,1,Harju maakond,1,Jalakäijaõnnetus,Valge aeg
2013-01-21 17:00:00,2,0,1,Harju maakond,0,Kokkupõrge,Pimeda aeg
2013-01-22 14:14:00,2,0,1,Harju maakond,1,Muu liiklusõnnetus,Valge aeg
2013-01-22 18:30:00,2,0,1,Harju maakond,1,Jalakäijaõnnetus,Pimeda aeg
2013-01-24 07:36:00,3,0,3,Harju maakond,0,Kokkupõrge,Pimeda aeg
2013-01-24 19:30:00,2,0,1,Harju maakond,0,Kokkupõrge,Pimeda aeg
2013-01-24 23:06:00,2,0,2,Harju maakond,0,Kokkupõrge,Pimeda aeg
2013-01-25 13:00:00,1,0,1,Harju maakond,0,Muu liiklusõnnetus,Valge aeg
2013-01-25 17:37:00,2,0,1,Harju maakond,1,Jalakäijaõnnetus,Pimeda aeg
2013-01-25 17:40:00,2,0,1,Harju maakond,1,Jalakäijaõnnetus,Pimeda aeg
2013-01-28 15:30:00,2,0,1,Harju maakond,0,Kokkupõrge,Valge aeg
2013-01-28 22:51:00,1,0,1,Harju maakond,0,Ühesõidukiõnnetus,Pimeda aeg
2013-01-29 19:30:00,2,0,1,Harju maakond,1,Jalakäijaõnnetus,Valge aeg
2013-01-02 00:00:00,2,0,1,Harju maakond,1,Kokkupõrge,Valge aeg
2013-01-02 00:00:00,2,0,1,Harju maakond,1,Jalakäijaõnnetus,Valge aeg
2013-03-02 00:00:00,1,0,1,Harju maakond,1,Jalakäijaõnnetus,Valge aeg
2013-03-02 00:00:00,1,0,1,Harju maakond,0,Ühesõidukiõnnetus,Pimeda aeg
2013-03-02 00:00:00,2,0,1,Harju maakond,1,Kokkupõrge,Valge aeg
2013-05-02 00:00:00,2,0,1,Harju maakond,0,Kokkupõrge,Pimeda aeg
2013-06-02 00:00:00,2,0,2,Harju maakond,0,Kokkupõrge,Pimeda aeg
2013-07-02 00:00:00,2,0,1,Harju maakond,0,Kokkupõrge,Valge aeg
2013-07-02 00:00:00,2,1,0,Harju maakond,1,Jalakäijaõnnetus,Valge aeg
2013-10-02 00:00:00,2,0,1,Harju maakond,1,Jalakäijaõnnetus,Pimeda aeg
2013-10-02 00:00:00,2,0,4,Harju maakond,0,Kokkupõrge,Pimeda aeg
2013-10-02 00:00:00,1,0,2,Harju maakond,0,Ühesõidukiõnnetus,Pimeda aeg
2013-01-29 17:30:00,1,0,1,Harju maakond,1,Muu liiklusõnnetus,Pimeda aeg
2013-02-13 17:36:00,2,0,1,Harju maakond,1,Jalakäijaõnnetus,Pimeda aeg
2013-02-16 15:00:00,2,0,1,Harju maakond,1,Jalakäijaõnnetus,Valge aeg
2013-02-18 16:00:00,2,0,1,Harju maakond,0,Kokkupõrge,Valge aeg
2013-02-18 17:40:00,3,0,2,Harju maakond,1,Jalakäijaõnnetus,Pimeda aeg
2013-02-19 17:15:00,2,0,1,Harju maakond,0,Kokkupõrge,Pimeda aeg
2013-02-24 15:14:00,2,0,1,Harju maakond,0,Kokkupõrge,Valge aeg
2013-02-25 15:21:00,2,0,1,Harju maakond,1,Jalakäijaõnnetus,Valge aeg
2013-02-25 18:40:00,2,0,1,Harju maakond,0,Kokkupõrge,Pimeda aeg
2013-02-25 21:08:00,1,0,1,Harju maakond,1,Jalakäijaõnnetus,Pimeda aeg
2013-02-26 06:47:00,1,0,1,Harju maakond,0,Ühesõidukiõnnetus,Valge aeg
2013-02-27 15:14:00,1,0,1,Harju maakond,0,Muu liiklusõnnetus,Valge aeg
2013-01-03 00:00:00,2,0,1,Harju maakond,1,Jalakäijaõnnetus,Valge aeg
2013-02-03 00:00:00,1,0,1,Harju maakond,0,Muu liiklusõnnetus,Valge aeg
2013-05-03 00:00:00,2,0,1,Harju maakond,1,Jalakäijaõnnetus,Pimeda aeg
2013-07-03 00:00:00,2,0,1,Harju maakond,1,Jalakäijaõnnetus,Valge aeg
2013-08-03 00:00:00,2,0,1,Harju maakond,1,Jalakäijaõnnetus,Pimeda aeg
2013-07-03 00:00:00,2,0,1,Harju maakond,1,Jalakäijaõnnetus,Valge aeg
2013-03-14 11:24:00,1,0,1,Harju maakond,0,Ühesõidukiõnnetus,Valge aeg
2013-03-19 15:45:00,2,0,1,Harju maakond,1,Jalakäijaõnnetus,Valge aeg
2013-10-04 00:00:00,2,0,1,Harju maakond,0,Kokkupõrge,Pimeda aeg
2013-11-04 00:00:00,2,0,1,Harju maakond,1,Jalakäijaõnnetus,Valge aeg
2013-04-26 08:08:00,2,0,1,Harju maakond,1,Jalakäijaõnnetus,Valge aeg
2013-01-05 00:00:00,2,0,1,Harju maakond,0,Kokkupõrge,Valge aeg
2013-09-05 00:00:00,3,0,1,Harju maakond,0,Kokkupõrge,Valge aeg
2013-05-14 12:10:00,3,0,2,Harju maakond,0,Kokkupõrge,Valge aeg
2013-09-05 00:00:00,2,0,1,Harju maakond,0,Kokkupõrge,Valge aeg
2013-05-29 18:20:00,2,0,1,Harju maakond,0,Kokkupõrge,Valge aeg
2013-04-06 00:00:00,1,0,1,Harju maakond,0,Muu liiklusõnnetus,Valge aeg
2013-06-23 06:23:00,1,0,1,Harju maakond,0,Ühesõidukiõnnetus,Valge aeg
2013-11-07 00:00:00,2,0,1,Harju maakond,0,Kokkupõrge,Valge aeg
2013-07-22 09:07:00,1,0,1,Harju maakond,0,Ühesõidukiõnnetus,Valge aeg
2013-06-26 12:00:00,1,0,1,Harju maakond,0,Kokkupõrge,Valge aeg
2013-07-22 14:30:00,2,0,1,Harju maakond,0,Kokkupõrge,Valge aeg
2013-07-28 16:30:00,2,0,2,Järva maakond,0,Kokkupõrge,Valge aeg
2013-04-07 00:00:00,1,0,1,Harju maakond,0,Kokkupõrge,Valge aeg
2013-07-16 00:00:00,1,0,1,Harju maakond,1,Jalakäijaõnnetus,Valge aeg
2013-07-29 23:57:00,1,0,1,Harju maakond,0,Muu liiklusõnnetus,Pimeda aeg
2013-03-08 00:00:00,1,0,1,Harju maakond,1,Jalakäijaõnnetus,Pimeda aeg
2013-07-23 20:20:00,2,0,1,Harju maakond,1,Jalakäijaõnnetus,Valge aeg
2013-08-14 08:29:00,2,0,3,Harju maakond,0,Kokkupõrge,Valge aeg
2013-08-20 16:21:00,2,0,1,Harju maakond,0,Kokkupõrge,Valge aeg
2013-08-24 19:09:00,2,0,1,Harju maakond,1,Jalakäijaõnnetus,Valge aeg
2013-08-28 09:30:00,1,0,1,Harju maakond,1,Jalakäijaõnnetus,Valge aeg
2013-08-31 13:49:00,2,0,1,Harju maakond,1,Jalakäijaõnnetus,Valge aeg
2013-08-31 18:55:00,1,0,1,Harju maakond,0,Ühesõidukiõnnetus,Valge aeg
2013-09-14 17:30:00,2,0,1,Harju maakond,0,Kokkupõrge,Valge aeg
2013-12-09 00:00:00,1,0,1,Harju maakond,0,Kokkupõrge,Valge aeg
2013-08-16 07:00:00,1,0,1,Harju maakond,1,Jalakäijaõnnetus,Valge aeg
2013-08-09 00:00:00,2,0,1,Harju maakond,1,Jalakäijaõnnetus,Valge aeg
2013-09-25 17:40:00,2,0,1,Harju maakond,1,Jalakäijaõnnetus,Valge aeg
2013-09-27 23:46:00,2,0,1,Harju maakond,1,Ühesõidukiõnnetus,Pimeda aeg
2013-09-25 13:46:00,2,0,1,Harju maakond,1,Jalakäijaõnnetus,Valge aeg
2013-01-10 00:00:00,2,0,1,Harju maakond,0,Kokkupõrge,Valge aeg
2013-10-24 18:10:00,2,0,1,Harju maakond,0,Muu liiklusõnnetus,Pimeda aeg
2013-11-11 00:00:00,2,0,1,Harju maakond,1,Jalakäijaõnnetus,Pimeda aeg
2013-01-12 00:00:00,1,0,1,Harju maakond,0,Ühesõidukiõnnetus,Valge aeg
2013-03-12 00:00:00,1,0,1,Harju maakond,1,Jalakäijaõnnetus,Pimeda aeg
2013-11-28 00:00:00,2,0,1,Harju maakond,1,Muu liiklusõnnetus,Valge aeg
2013-06-12 00:00:00,1,0,1,Harju maakond,0,Ühesõidukiõnnetus,Valge aeg
2013-12-22 18:55:00,2,0,2,Harju maakond,0,Kokkupõrge,Pimeda aeg
2014-09-01 00:00:00,2,0,1,Harju maakond,0,Kokkupõrge,Valge aeg
2014-11-01 00:00:00,2,0,1,Harju maakond,1,Jalakäijaõnnetus,Pimeda aeg
2014-01-29 12:55:00,3,0,1,Harju maakond,1,Jalakäijaõnnetus,Valge aeg
2014-10-03 00:00:00,2,0,1,Harju maakond,0,Kokkupõrge,Valge aeg
2014-03-14 15:07:00,2,0,1,Harju maakond,0,Kokkupõrge,Valge aeg
2014-03-22 15:40:00,2,0,1,Harju maakond,1,Jalakäijaõnnetus,Valge aeg
2014-03-05 00:00:00,1,1,0,Harju maakond,0,Ühesõidukiõnnetus,Valge aeg
2014-05-18 16:44:00,2,0,1,Harju maakond,0,Kokkupõrge,Valge aeg
2014-05-13 14:36:00,1,0,1,Harju maakond,1,Jalakäijaõnnetus,Valge aeg
2014-05-29 10:00:00,2,0,1,Harju maakond,1,Jalakäijaõnnetus,Valge aeg
2014-05-31 18:08:00,2,0,1,Harju maakond,0,Kokkupõrge,Valge aeg
2014-04-06 00:00:00,2,0,1,Harju maakond,0,Kokkupõrge,Valge aeg
2014-07-06 00:00:00,1,0,1,Harju maakond,1,Jalakäijaõnnetus,Pimeda aeg
2014-06-18 14:30:00,2,0,1,Harju maakond,1,Muu liiklusõnnetus,Valge aeg
2014-07-22 22:00:00,1,0,2,Harju maakond,0,Muu liiklusõnnetus,Valge aeg
2014-07-31 14:06:00,3,0,1,Harju maakond,0,Kokkupõrge,Valge aeg
2014-07-28 21:45:00,1,0,1,Harju maakond,1,Jalakäijaõnnetus,Pimeda aeg
2014-08-25 21:45:00,1,0,1,Harju maakond,0,Ühesõidukiõnnetus,Pimeda aeg
2014-08-26 18:29:00,2,0,3,Harju maakond,0,Kokkupõrge,Valge aeg
2014-03-09 00:00:00,1,0,1,Harju maakond,0,Ühesõidukiõnnetus,Pimeda aeg
2014-04-09 00:00:00,2,0,1,Harju maakond,0,Kokkupõrge,Pimeda aeg
2014-05-09 00:00:00,2,0,1,Harju maakond,0,Kokkupõrge,Valge aeg
2014-08-09 00:00:00,1,0,1,Harju maakond,0,Ühesõidukiõnnetus,Valge aeg
2014-04-09 00:00:00,1,0,1,Harju maakond,1,Jalakäijaõnnetus,Valge aeg
2014-09-29 08:35:00,2,0,1,Harju maakond,1,Jalakäijaõnnetus,Valge aeg
2014-10-23 07:35:00,1,0,1,Harju maakond,0,Muu liiklusõnnetus,Pimeda aeg
2014-11-25 13:00:00,1,0,1,Harju maakond,1,Jalakäijaõnnetus,Valge aeg
2014-11-25 07:50:00,1,0,1,Harju maakond,1,Jalakäijaõnnetus,Pimeda aeg
2014-11-21 18:30:00,2,0,1,Harju maakond,0,Muu liiklusõnnetus,Pimeda aeg
2014-12-15 08:00:00,2,0,1,Harju maakond,1,Jalakäijaõnnetus,Pimeda aeg
2015-09-01 00:00:00,1,0,1,Harju maakond,1,Jalakäijaõnnetus,Valge aeg
2015-06-02 00:00:00,1,0,1,Harju maakond,0,Muu liiklusõnnetus,Valge aeg
2015-02-14 05:02:00,1,0,1,Harju maakond,0,Ühesõidukiõnnetus,Pimeda aeg
2015-10-03 00:00:00,1,0,1,Harju maakond,1,Jalakäijaõnnetus,Valge aeg
2015-02-22 21:05:00,2,0,1,Harju maakond,0,Muu liiklusõnnetus,Pimeda aeg
2015-07-04 00:00:00,1,0,1,Harju maakond,0,Muu liiklusõnnetus,Valge aeg
2015-04-23 07:47:00,1,0,1,Harju maakond,1,Jalakäijaõnnetus,Valge aeg
2015-07-24 14:47:00,1,0,1,Harju maakond,1,Muu liiklusõnnetus,Valge aeg
2015-02-09 00:00:00,2,0,1,Harju maakond,0,Muu liiklusõnnetus,Valge aeg
2015-09-13 15:13:00,2,0,1,Harju maakond,1,Jalakäijaõnnetus,Valge aeg
2015-09-16 13:55:00,2,0,1,Harju maakond,1,Jalakäijaõnnetus,Valge aeg
2015-11-13 13:00:00,1,0,1,Harju maakond,0,Muu liiklusõnnetus,Valge aeg
2015-12-14 07:47:00,2,0,1,Harju maakond,1,Jalakäijaõnnetus,Pimeda aeg
2015-11-09 00:00:00,3,0,1,Harju maakond,0,Muu liiklusõnnetus,Valge aeg
2016-11-01 00:00:00,2,0,1,Harju maakond,1,Jalakäijaõnnetus,Pimeda aeg
2015-08-12 00:00:00,1,0,1,Harju maakond,0,Muu liiklusõnnetus,Valge aeg
2016-01-25 08:45:00,1,0,1,Harju maakond,0,Kokkupõrge,Valge aeg
2016-01-27 08:07:00,2,0,1,Harju maakond,1,Jalakäijaõnnetus,Pimeda aeg
2016-03-28 19:35:00,1,0,1,Harju maakond,1,Jalakäijaõnnetus,Valge aeg
2016-11-05 00:00:00,2,0,1,Harju maakond,1,Jalakäijaõnnetus,Valge aeg
2016-08-08 00:00:00,1,0,1,Harju maakond,0,Ühesõidukiõnnetus,Valge aeg
2016-09-08 00:00:00,1,0,1,Harju maakond,1,Jalakäijaõnnetus,Valge aeg
2016-05-10 00:00:00,2,0,1,Harju maakond,1,Muu liiklusõnnetus,Valge aeg
2016-08-10 00:00:00,2,0,1,Harju maakond,1,Jalakäijaõnnetus,Pimeda aeg
2016-12-23 10:24:00,1,0,1,Harju maakond,1,Jalakäijaõnnetus,Valge aeg
2017-01-19 17:15:00,3,0,1,Harju maakond,0,Muu liiklusõnnetus,Pimeda aeg
2017-12-02 00:00:00,2,0,1,Harju maakond,1,Jalakäijaõnnetus,Valge aeg
2017-03-16 07:48:00,1,0,1,Harju maakond,1,Jalakäijaõnnetus,Valge aeg
2017-03-17 17:00:00,1,0,1,Harju maakond,1,Jalakäijaõnnetus,Valge aeg
2017-08-15 00:17:00,1,0,1,Harju maakond,0,Ühesõidukiõnnetus,Pimeda aeg
2017-07-09 00:00:00,2,0,1,Harju maakond,1,Jalakäijaõnnetus,Valge aeg
2017-05-10 00:00:00,2,0,1,Harju maakond,1,Jalakäijaõnnetus,Valge aeg
2017-10-11 00:00:00,1,0,1,Harju maakond,1,Jalakäijaõnnetus,Valge aeg
2017-12-28 21:12:00,2,0,1,Harju maakond,1,Jalakäijaõnnetus,Pimeda aeg
2018-10-01 00:00:00,2,0,1,Harju maakond,0,Muu liiklusõnnetus,Pimeda aeg
2018-03-19 19:35:00,1,0,1,Harju maakond,1,Jalakäijaõnnetus,Pimeda aeg
2018-05-25 22:14:00,1,0,1,Harju maakond,0,Ühesõidukiõnnetus,Pimeda aeg
2018-05-15 13:00:00,1,0,1,Harju maakond,0,Muu liiklusõnnetus,Valge aeg
2018-05-16 18:56:00,2,0,1,Harju maakond,0,Muu liiklusõnnetus,Valge aeg
2018-05-23 17:21:00,2,0,1,Harju maakond,1,Jalakäijaõnnetus,Valge aeg
2018-06-06 00:00:00,2,0,1,Harju maakond,0,Muu liiklusõnnetus,Valge aeg
2018-02-08 00:00:00,2,0,1,Harju maakond,0,Muu liiklusõnnetus,Valge aeg
2018-08-29 18:15:00,1,0,1,Harju maakond,0,Muu liiklusõnnetus,Valge aeg
2018-07-09 00:00:00,3,0,1,Harju maakond,0,Kokkupõrge,Pimeda aeg
2018-09-26 09:50:00,2,0,1,Harju maakond,0,Muu liiklusõnnetus,Valge aeg
2018-08-11 00:00:00,1,0,1,Harju maakond,1,Jalakäijaõnnetus,Valge aeg
2018-10-12 00:00:00,1,0,1,Harju maakond,1,Jalakäijaõnnetus,Pimeda aeg
2018-12-14 12:54:00,2,0,1,Harju maakond,1,Jalakäijaõnnetus,Valge aeg
2019-01-15 20:30:00,2,0,1,Harju maakond,0,Muu liiklusõnnetus,Pimeda aeg