date,persons_involved,killed,injured,county,pedestrian_involved,accident_type,light_conditions
2019-02-17 16:45:00,2,0,1,Harju maakond,1,Jalakäijaõnnetus,Valge aeg
2019-05-14 09:14:00,1,0,1,Harju maakond,1,Jalakäijaõnnetus,Valge aeg
2019-05-19 21:05:00,2,0,1,Harju maakond,1,Muu liiklusõnnetus,Valge aeg
2019-01-08 00:00:00,2,0,1,Harju maakond,1,Jalakäijaõnnetus,Valge aeg
2019-12-09 00:00:00,2,0,1,Harju maakond,1,Jalakäijaõnnetus,Valge aeg
2019-10-11 00:00:00,1,0,1,Harju maakond,1,Jalakäijaõnnetus,Pimeda aeg
2019-10-18 16:40:00,2,0,1,Harju maakond,0,Muu liiklusõnnetus,Valge aeg
2020-05-29 07:48:00,2,0,1,Harju maakond,0,Ühesõidukiõnnetus,Valge aeg
2020-06-18 17:28:00,2,0,1,Harju maakond,1,Jalakäijaõnnetus,Valge aeg
2020-07-26 19:40:00,2,0,2,Harju maakond,1,Jalakäijaõnnetus,Valge aeg
2020-08-24 08:00:00,2,0,1,Harju maakond,1,Jalakäijaõnnetus,Valge aeg
2020-06-09 00:00:00,2,0,1,Harju maakond,0,Ühesõidukiõnnetus,Valge aeg
2020-06-09 00:00:00,2,0,1,Harju maakond,1,Jalakäijaõnnetus,Valge aeg
2020-10-06 00:00:00,3,0,1,Harju maakond,0,Kokkupõrge,Valge aeg
2020-05-10 00:00:00,2,0,1,Harju maakond,0,Muu liiklusõnnetus,Valge aeg
2020-10-14 09:43:00,2,0,1,Harju maakond,1,Jalakäijaõnnetus,Valge aeg
2020-10-31 17:20:00,2,0,1,Harju maakond,1,Jalakäijaõnnetus,Valge aeg
2020-10-22 19:23:00,1,0,1,Harju maakond,1,Jalakäijaõnnetus,Pimeda aeg
2020-11-18 17:30:00,2,0,1,Harju maakond,1,Jalakäijaõnnetus,Pimeda aeg
2020-08-12 00:00:00,2,0,1,Harju maakond,0,Muu liiklusõnnetus,Pimeda aeg
2020-12-28 19:38:00,2,0,1,Harju maakond,0,Muu liiklusõnnetus,Pimeda aeg
2021-01-20 08:48:00,2,0,1,Harju maakond,1,Jalakäijaõnnetus,Valge aeg
2021-10-04 00:00:00,1,0,1,Harju maakond,1,Jalakäijaõnnetus,Valge aeg
2021-03-05 00:00:00,2,0,1,Harju maakond,1,Jalakäijaõnnetus,Valge aeg
2021-04-16 11:30:00,2,0,1,Harju maakond,1,Jalakäijaõnnetus,Valge aeg
2021-10-05 00:00:00,2,0,1,Harju maakond,0,Muu liiklusõnnetus,Valge aeg
2021-05-19 11:24:00,1,0,1,Harju maakond,0,Ühesõidukiõnnetus,Valge aeg
2021-05-14 19:49:00,1,0,1,Harju maakond,1,Jalakäijaõnnetus,Valge aeg
2021-05-28 11:04:00,1,0,1,Harju maakond,0,Kokkupõrge,Valge aeg
2021-11-06 00:00:00,1,0,1,Harju maakond,1,Jalakäijaõnnetus,Valge aeg
2021-08-07 00:00:00,2,0,1,Harju maakond,0,Kokkupõrge,Valge aeg
2021-08-14 16:53:00,1,0,1,Harju maakond,1,Jalakäijaõnnetus,Valge aeg
2021-11-09 00:00:00,2,0,1,Harju maakond,1,Jalakäijaõnnetus,Valge aeg
2021-04-08 00:00:00,2,0,1,Harju maakond,0,Kokkupõrge,Valge aeg
2021-08-26 10:33:00,1,0,1,Harju maakond,1,Jalakäijaõnnetus,Valge aeg
2021-05-07 00:00:00,2,0,2,Harju maakond,0,Muu liiklusõnnetus,Valge aeg
2021-10-14 17:00:00,2,0,1,Harju maakond,1,Jalakäijaõnnetus,Valge aeg
2021-12-11 00:00:00,1,0,1,Harju maakond,0,Kokkupõrge,Valge aeg
2021-09-18 17:07:00,2,0,1,Harju maakond,0,Muu liiklusõnnetus,Valge aeg
2012-04-26 11:20:00,1,0,1,Tartu maakond,0,Muu liiklusõnnetus,Valge aeg
2012-07-22 13:30:00,1,0,1,Harju maakond,1,Jalakäijaõnnetus,Valge aeg
2014-07-01 00:00:00,2,0,1,Harju maakond,1,Jalakäijaõnnetus,Valge aeg
2015-03-19 10:47:00,1,0,1,Harju maakond,0,Muu liiklusõnnetus,Valge aeg
2015-07-23 12:10:00,1,0,1,Harju maakond,0,Muu liiklusõnnetus,Valge aeg
2011-11-11 00:00:00,1,0,1,Harju maakond,1,Jalakäijaõnnetus,Valge aeg
2016-05-16 19:30:00,1,0,1,Harju maakond,0,Kokkupõrge,Valge aeg
2020-07-09 00:00:00,2,0,1,Harju maakond,1,Jalakäijaõnnetus,Valge aeg
2014-06-10 00:00:00,2,0,1,Harju maakond,0,Kokkupõrge,Valge aeg
2015-01-27 18:00:00,1,0,1,Harju maakond,1,Muu liiklusõnnetus,Pimeda aeg
2017-02-28 12:45:00,1,0,1,Harju maakond,1,Jalakäijaõnnetus,Valge aeg
2019-12-09 00:00:00,1,0,1,Harju maakond,1,Jalakäijaõnnetus,Valge aeg
2020-12-28 19:30:00,2,0,1,Harju maakond,1,Jalakäijaõnnetus,Pimeda aeg
2012-12-21 13:10:00,2,0,1,Ida-Viru maakond,1,Jalakäijaõnnetus,Valge aeg
2015-11-10 00:00:00,1,0,1,Ida-Viru maakond,0,Jalakäijaõnnetus,Valge aeg
2011-07-11 00:00:00,2,0,1,Hiiu maakond,0,Ühesõidukiõnnetus,Pimeda aeg
2012-12-29 01:55:00,1,0,1,Hiiu maakond,0,Muu liiklusõnnetus,Pimeda aeg
2013-12-10 00:00:00,2,0,1,Hiiu maakond,1,Jalakäijaõnnetus,Valge aeg
2018-06-08 00:00:00,1,0,1,Hiiu maakond,0,Ühesõidukiõnnetus,Valge aeg
2014-09-11 00:00:00,1,0,3,Lääne-Viru maakond,0,Ühesõidukiõnnetus,Valge aeg
2014-12-22 11:10:00,2,0,1,Ida-Viru maakond,1,Jalakäijaõnnetus,Valge aeg
2015-03-18 15:00:00,2,0,1,Ida-Viru maakond,1,Jalakäijaõnnetus,Valge aeg
2015-03-30 19:00:00,2,0,1,Ida-Viru maakond,0,Kokkupõrge,Valge aeg
2015-04-24 12:18:00,1,0,1,Lääne-Viru maakond,0,Ühesõidukiõnnetus,Valge aeg
2015-02-05 00:00:00,1,0,1,Lääne-Viru maakond,0,Ühesõidukiõnnetus,Valge aeg
2015-05-13 20:36:00,3,0,1,Ida-Viru maakond,0,Kokkupõrge,Valge aeg
2015-05-20 18:51:00,6,0,2,Ida-Viru maakond,0,Kokkupõrge,Valge aeg
2015-04-07 00:00:00,2,0,1,Lääne-Viru maakond,0,Kokkupõrge,Valge aeg
2015-07-27 08:45:00,3,0,1,Lääne-Viru maakond,0,Kokkupõrge,Valge aeg
2015-08-28 09:25:00,24,1,22,Lääne-Viru maakond,0,Kokkupõrge,Valge aeg
2016-04-01 00:00:00,6,1,5,Ida-Viru maakond,0,Kokkupõrge,Valge aeg
2016-07-04 00:00:00,7,0,5,Lääne-Viru maakond,0,Kokkupõrge,Pimeda aeg
2016-05-19 20:24:00,3,0,2,Ida-Viru maakond,0,Kokkupõrge,Valge aeg
2016-07-30 13:20:00,3,0,3,Ida-Viru maakond,0,Kokkupõrge,Valge aeg
2016-01-08 00:00:00,2,0,1,Ida-Viru maakond,0,Kokkupõrge,Valge aeg
2016-08-27 17:15:00,3,0,1,Lääne-Viru maakond,0,Kokkupõrge,Valge aeg
2016-08-28 00:30:00,1,0,1,Ida-Viru maakond,0,Ühesõidukiõnnetus,Pimeda aeg
2016-12-23 20:10:00,2,0,1,Ida-Viru maakond,1,Jalakäijaõnnetus,Pimeda aeg
2017-01-21 21:10:00,4,0,2,Ida-Viru maakond,0,Muu liiklusõnnetus,Pimeda aeg
2017-01-24 13:35:00,3,0,1,Ida-Viru maakond,0,Kokkupõrge,Valge aeg
2017-04-14 11:35:00,2,1,0,Järva maakond,0,Kokkupõrge,Valge aeg
2017-10-07 00:00:00,4,0,1,Ida-Viru maakond,0,Kokkupõrge,Valge aeg
2017-07-22 02:44:00,2,0,2,Lääne-Viru maakond,0,Ühesõidukiõnnetus,Pimeda aeg
2017-10-17 13:17:00,2,0,1,Ida-Viru maakond,1,Jalakäijaõnnetus,Valge aeg
2017-09-12 00:00:00,7,0,5,Ida-Viru maakond,1,Kokkupõrge,Valge aeg
2018-01-18 22:05:00,4,0,2,Ida-Viru maakond,0,Kokkupõrge,Pimeda aeg
2018-01-24 14:15:00,2,0,1,Lääne-Viru maakond,1,Jalakäijaõnnetus,Valge aeg
2018-04-04 00:00:00,3,0,1,Ida-Viru maakond,0,Kokkupõrge,Valge aeg
2018-04-28 04:05:00,3,0,2,Ida-Viru maakond,0,Kokkupõrge,Pimeda aeg
2018-05-06 00:00:00,2,0,1,Ida-Viru maakond,0,Muu liiklusõnnetus,Valge aeg
2018-07-06 00:00:00,3,0,1,Ida-Viru maakond,0,Kokkupõrge,Valge aeg
2018-11-07 00:00:00,2,0,1,Ida-Viru maakond,0,Muu liiklusõnnetus,Valge aeg
2018-10-13 18:20:00,2,0,1,Ida-Viru maakond,0,Muu liiklusõnnetus,Valge aeg
2018-12-11 00:00:00,2,0,1,Ida-Viru maakond,0,Muu liiklusõnnetus,Valge aeg
2018-11-25 14:17:00,2,0,1,Ida-Viru maakond,0,Kokkupõrge,Valge aeg
2018-12-15 15:25:00,2,0,1,Lääne-Viru maakond,0,Ühesõidukiõnnetus,Valge aeg
2019-09-03 00:00:00,5,0,5,Lääne-Viru maakond,0,Kokkupõrge,Pimeda aeg
2019-06-17 17:20:00,1,0,1,Lääne-Viru maakond,0,Ühesõidukiõnnetus,Valge aeg
2019-07-15 21:13:00,2,0,1,Ida-Viru maakond,0,Muu liiklusõnnetus,Valge aeg
2019-09-18 10:05:00,2,0,1,Ida-Viru maakond,0,Kokkupõrge,Valge aeg
2019-11-26 16:30:00,4,0,2,Ida-Viru maakond,0,Kokkupõrge,Pimeda aeg
2011-10-20 14:50:00,2,0,2,Ida-Viru maakond,1,Jalakäijaõnnetus,Valge aeg
2013-06-24 16:20:00,1,0,5,Ida-Viru maakond,0,Ühesõidukiõnnetus,Valge aeg
2011-01-13 15:00:00,1,0,1,Lääne-Viru maakond,1,Jalakäijaõnnetus,Valge aeg
2011-04-23 03:30:00,1,0,2,Lääne-Viru maakond,0,Ühesõidukiõnnetus,Pimeda aeg
2011-08-05 00:00:00,2,0,2,Jõgeva maakond,0,Kokkupõrge,Valge aeg
2011-05-20 17:30:00,1,0,1,Lääne-Viru maakond,0,Muu liiklusõnnetus,Valge aeg
2011-10-10 00:00:00,2,0,1,Lääne-Viru maakond,1,Jalakäijaõnnetus,Valge aeg
2011-10-14 22:29:00,2,0,1,Ida-Viru maakond,0,Muu liiklusõnnetus,Pimeda aeg
2011-10-16 22:35:00,2,0,1,Ida-Viru maakond,1,Jalakäijaõnnetus,Pimeda aeg
2011-10-16 23:55:00,2,0,1,Ida-Viru maakond,0,Muu liiklusõnnetus,Pimeda aeg
2011-10-20 14:45:00,0,0,1,Ida-Viru maakond,0,Jalakäijaõnnetus,Valge aeg
2011-10-22 14:45:00,2,0,1,Lääne-Viru maakond,0,Muu liiklusõnnetus,Valge aeg
2011-10-28 15:25:00,2,0,2,Lääne-Viru maakond,0,Kokkupõrge,Valge aeg
2011-10-28 20:50:00,2,0,1,Lääne-Viru maakond,1,Jalakäijaõnnetus,Pimeda aeg
2011-06-11 00:00:00,2,0,1,Ida-Viru maakond,1,Jalakäijaõnnetus,Pimeda aeg
2011-07-11 00:00:00,1,1,0,Ida-Viru maakond,0,Ühesõidukiõnnetus,Pimeda aeg
2011-07-11 00:00:00,1,1,0,Ida-Viru maakond,0,Ühesõidukiõnnetus,Pimeda aeg
2011-08-11 00:00:00,1,0,1,Lääne-Viru maakond,0,Ühesõidukiõnnetus,Pimeda aeg
2011-09-11 00:00:00,2,0,1,Lääne-Viru maakond,1,Jalakäijaõnnetus,Pimeda aeg
2011-11-14 12:10:00,1,1,0,Lääne-Viru maakond,0,Ühesõidukiõnnetus,Valge aeg
2011-11-14 16:50:00,2,1,0,Ida-Viru maakond,1,Jalakäijaõnnetus,Pimeda aeg
2011-11-16 18:30:00,2,0,1,Ida-Viru maakond,1,Jalakäijaõnnetus,Pimeda aeg
2011-11-18 20:21:00,1,0,1,Ida-Viru maakond,0,Jalakäijaõnnetus,Pimeda aeg
2011-11-21 20:10:00,1,1,1,Ida-Viru maakond,0,Ühesõidukiõnnetus,Pimeda aeg
2011-11-23 18:12:00,2,0,1,Ida-Viru maakond,0,Kokkupõrge,Pimeda aeg
2011-11-28 16:00:00,2,0,3,Ida-Viru maakond,1,Kokkupõrge,Pimeda aeg
2011-01-12 00:00:00,1,0,2,Jõgeva maakond,0,Ühesõidukiõnnetus,Valge aeg
2011-02-12 00:00:00,2,0,1,Ida-Viru maakond,1,Jalakäijaõnnetus,Pimeda aeg
2011-02-12 00:00:00,2,0,2,Ida-Viru maakond,1,Jalakäijaõnnetus,Pimeda aeg
2011-04-12 00:00:00,1,0,3,Lääne-Viru maakond,0,Ühesõidukiõnnetus,Pimeda aeg
2011-05-12 00:00:00,1,0,3,Lääne-Viru maakond,0,Ühesõidukiõnnetus,Pimeda aeg
2011-05-12 00:00:00,2,0,1,Lääne-Viru maakond,0,Kokkupõrge,Pimeda aeg
2011-08-12 00:00:00,3,2,0,Ida-Viru maakond,0,Kokkupõrge,Valge aeg
2011-09-12 00:00:00,2,0,1,Lääne-Viru maakond,0,Kokkupõrge,Pimeda aeg
2011-10-12 00:00:00,2,0,1,Lääne-Viru maakond,0,Muu liiklusõnnetus,Pimeda aeg
2011-10-12 00:00:00,3,0,1,Lääne-Viru maakond,0,Kokkupõrge,Valge aeg
2011-12-14 07:40:00,2,0,1,Ida-Viru maakond,1,Jalakäijaõnnetus,Pimeda aeg
2011-12-14 07:50:00,2,0,1,Ida-Viru maakond,1,Jalakäijaõnnetus,Pimeda aeg
2011-12-15 05:30:00,1,0,1,Lääne-Viru maakond,0,Ühesõidukiõnnetus,Pimeda aeg
2011-12-16 18:10:00,1,0,1,Lääne-Viru maakond,0,Muu liiklusõnnetus,Pimeda aeg
2011-12-17 11:45:00,2,1,0,Ida-Viru maakond,1,Jalakäijaõnnetus,Valge aeg
2011-12-19 16:20:00,2,0,2,Ida-Viru maakond,1,Jalakäijaõnnetus,Pimeda aeg
2011-12-21 07:20:00,2,0,2,Ida-Viru maakond,0,Kokkupõrge,Pimeda aeg
2011-12-23 00:25:00,2,0,2,Ida-Viru maakond,0,Ühesõidukiõnnetus,Pimeda aeg
2011-12-24 13:15:00,1,0,1,Lääne-Viru maakond,0,Ühesõidukiõnnetus,Valge aeg
2011-12-24 20:15:00,1,0,1,Ida-Viru maakond,0,Ühesõidukiõnnetus,Pimeda aeg
2011-12-29 16:15:00,2,0,1,Lääne-Viru maakond,0,Kokkupõrge,Pimeda aeg
2011-12-31 13:55:00,1,0,1,Ida-Viru maakond,1,Jalakäijaõnnetus,Valge aeg
2012-02-01 00:00:00,1,0,1,Ida-Viru maakond,0,Ühesõidukiõnnetus,Pimeda aeg
2012-05-01 00:00:00,2,0,1,Lääne-Viru maakond,0,Kokkupõrge,Valge aeg
2012-07-01 00:00:00,2,0,1,Ida-Viru maakond,1,Jalakäijaõnnetus,Pimeda aeg
2012-08-01 00:00:00,2,0,1,Ida-Viru maakond,0,Kokkupõrge,Valge aeg
2012-01-13 20:50:00,2,0,1,Lääne-Viru maakond,0,Kokkupõrge,Pimeda aeg
2012-01-14 13:30:00,2,0,5,Lääne-Viru maakond,0,Kokkupõrge,Valge aeg
2012-01-14 14:05:00,1,0,1,Lääne-Viru maakond,0,Ühesõidukiõnnetus,Valge aeg
2012-01-15 14:45:00,2,0,1,Ida-Viru maakond,1,Jalakäijaõnnetus,Valge aeg
2012-01-15 17:40:00,2,3,2,Ida-Viru maakond,0,Kokkupõrge,Pimeda aeg
2012-01-18 03:15:00,2,0,1,Lääne-Viru maakond,0,Kokkupõrge,Pimeda aeg
2012-01-20 16:00:00,2,0,1,Lääne-Viru maakond,0,Kokkupõrge,Valge aeg
2012-01-22 13:30:00,2,0,3,Ida-Viru maakond,0,Kokkupõrge,Valge aeg
2012-01-27 07:45:00,2,0,1,Lääne-Viru maakond,1,Jalakäijaõnnetus,Pimeda aeg
2012-01-29 14:36:00,2,0,1,Ida-Viru maakond,1,Jalakäijaõnnetus,Valge aeg
2012-02-02 00:00:00,2,0,1,Ida-Viru maakond,0,Kokkupõrge,Pimeda aeg
2012-11-02 00:00:00,2,0,1,Ida-Viru maakond,0,Muu liiklusõnnetus,Pimeda aeg
2012-12-02 00:00:00,4,0,4,Ida-Viru maakond,0,Kokkupõrge,Pimeda aeg
2012-02-15 09:02:00,2,1,1,Ida-Viru maakond,0,Kokkupõrge,Valge aeg
2012-02-15 16:10:00,2,0,1,Lääne-Viru maakond,0,Kokkupõrge,Valge aeg
2012-02-19 15:05:00,6,0,2,Ida-Viru maakond,0,Kokkupõrge,Valge aeg
2012-02-22 11:15:00,2,0,1,Ida-Viru maakond,1,Jalakäijaõnnetus,Valge aeg
2012-02-23 19:55:00,3,1,2,Lääne-Viru maakond,0,Kokkupõrge,Pimeda aeg
2012-02-27 08:20:00,1,0,1,Lääne-Viru maakond,0,Ühesõidukiõnnetus,Valge aeg
2012-02-27 10:25:00,2,0,1,Ida-Viru maakond,0,Kokkupõrge,Valge aeg
2012-02-03 00:00:00,2,1,0,Ida-Viru maakond,1,Jalakäijaõnnetus,Pimeda aeg
2012-03-03 00:00:00,2,0,1,Lääne-Viru maakond,1,Jalakäijaõnnetus,Pimeda aeg
2012-12-03 00:00:00,3,0,2,Ida-Viru maakond,1,Jalakäijaõnnetus,Pimeda aeg
2012-03-18 06:35:00,1,1,4,Lääne-Viru maakond,0,Ühesõidukiõnnetus,Valge aeg
2012-03-24 07:40:00,1,0,1,Lääne-Viru maakond,0,Ühesõidukiõnnetus,Valge aeg
2012-03-27 07:40:00,2,0,1,Ida-Viru maakond,1,Jalakäijaõnnetus,Valge aeg
2012-07-04 00:00:00,2,0,1,Ida-Viru maakond,0,Muu liiklusõnnetus,Valge aeg
2012-07-04 00:00:00,2,0,1,Lääne-Viru maakond,1,Jalakäijaõnnetus,Pimeda aeg
2012-08-04 00:00:00,2,0,1,Lääne-Viru maakond,0,Kokkupõrge,Valge aeg
2012-08-04 00:00:00,4,0,3,Ida-Viru maakond,0,Kokkupõrge,Valge aeg
2012-12-04 00:00:00,2,1,0,Lääne-Viru maakond,1,Jalakäijaõnnetus,Valge aeg
2012-04-18 13:15:00,2,0,1,Ida-Viru maakond,0,Kokkupõrge,Valge aeg
2012-04-19 08:02:00,2,0,1,Ida-Viru maakond,0,Muu liiklusõnnetus,Valge aeg
2012-04-20 02:30:00,2,1,0,Ida-Viru maakond,0,Jalakäijaõnnetus,Pimeda aeg
2012-04-24 14:05:00,1,0,1,Lääne-Viru maakond,0,Ühesõidukiõnnetus,Valge aeg
2012-04-27 18:05:00,2,0,1,Lääne-Viru maakond,0,Kokkupõrge,Valge aeg
2012-01-05 00:00:00,2,0,1,Ida-Viru maakond,1,Jalakäijaõnnetus,Valge aeg
2012-08-05 00:00:00,2,0,1,Ida-Viru maakond,1,Jalakäijaõnnetus,Valge aeg
2012-08-05 00:00:00,2,0,1,Ida-Viru maakond,0,Muu liiklusõnnetus,Valge aeg
2012-12-05 00:00:00,3,0,2,Ida-Viru maakond,0,Kokkupõrge,Valge aeg
2012-05-13 19:00:00,2,1,3,Lääne-Viru maakond,0,Ühesõidukiõnnetus,Valge aeg
2012-05-15 08:58:00,2,0,8,Ida-Viru maakond,0,Kokkupõrge,Valge aeg
2012-05-16 11:55:00,2,0,1,Ida-Viru maakond,0,Kokkupõrge,Valge aeg
2012-05-20 23:30:00,3,0,3,Ida-Viru maakond,0,Ühesõidukiõnnetus,Pimeda aeg
2012-05-25 21:00:00,1,0,1,Ida-Viru maakond,0,Ühesõidukiõnnetus,Valge aeg
2012-05-26 17:15:00,1,0,1,Ida-Viru maakond,0,Ühesõidukiõnnetus,Valge aeg
2012-05-31 21:15:00,1,0,1,Lääne-Viru maakond,0,Ühesõidukiõnnetus,Valge aeg
2012-05-06 00:00:00,2,0,2,Lääne-Viru maakond,0,Kokkupõrge,Valge aeg
2012-05-06 00:00:00,2,0,1,Ida-Viru maakond,1,Jalakäijaõnnetus,Valge aeg
2012-05-06 00:00:00,2,1,1,Ida-Viru maakond,0,Kokkupõrge,Valge aeg
2012-06-06 00:00:00,1,0,1,Ida-Viru maakond,0,Ühesõidukiõnnetus,Pimeda aeg
2012-06-06 00:00:00,3,0,1,Ida-Viru maakond,1,Jalakäijaõnnetus,Valge aeg
2012-08-06 00:00:00,2,0,4,Ida-Viru maakond,0,Kokkupõrge,Valge aeg
2012-09-06 00:00:00,4,0,1,Ida-Viru maakond,0,Kokkupõrge,Valge aeg
2012-10-06 00:00:00,1,0,1,Ida-Viru maakond,0,Ühesõidukiõnnetus,Valge aeg
2012-10-06 00:00:00,1,0,1,Ida-Viru maakond,0,Ühesõidukiõnnetus,Valge aeg
2012-06-13 10:45:00,1,0,1,Ida-Viru maakond,1,Jalakäijaõnnetus,Valge aeg
2012-06-14 13:25:00,2,0,1,Ida-Viru maakond,0,Kokkupõrge,Valge aeg
2012-06-16 04:45:00,1,0,1,Lääne-Viru maakond,0,Ühesõidukiõnnetus,Valge aeg
2012-06-17 04:40:00,1,0,1,Lääne-Viru maakond,0,Ühesõidukiõnnetus,Valge aeg
2012-06-17 19:30:00,1,0,1,Ida-Viru maakond,0,Ühesõidukiõnnetus,Valge aeg
2012-06-21 17:15:00,2,0,1,Lääne-Viru maakond,0,Kokkupõrge,Valge aeg
2012-06-23 08:40:00,2,1,0,Lääne-Viru maakond,0,Kokkupõrge,Valge aeg
2012-06-23 18:45:00,2,0,1,Lääne-Viru maakond,1,Jalakäijaõnnetus,Valge aeg
2012-06-25 00:25:00,1,0,1,Lääne-Viru maakond,0,Muu liiklusõnnetus,Pimeda aeg
2012-06-27 13:40:00,2,1,0,Lääne-Viru maakond,0,Kokkupõrge,Valge aeg
2012-06-28 16:25:00,2,0,1,Lääne-Viru maakond,0,Kokkupõrge,Valge aeg
2012-06-07 00:00:00,1,0,1,Lääne-Viru maakond,0,Ühesõidukiõnnetus,Valge aeg
2012-08-07 00:00:00,1,0,1,Lääne-Viru maakond,0,Ühesõidukiõnnetus,Pimeda aeg
2012-09-07 00:00:00,2,0,1,Ida-Viru maakond,0,Kokkupõrge,Valge aeg
2012-07-18 22:50:00,2,0,1,Lääne-Viru maakond,0,Ühesõidukiõnnetus,Pimeda aeg
2012-07-19 10:00:00,1,0,1,Ida-Viru maakond,1,Jalakäijaõnnetus,Valge aeg
2012-07-19 18:25:00,1,0,1,Ida-Viru maakond,1,Jalakäijaõnnetus,Valge aeg
2012-07-21 14:50:00,2,0,1,Lääne-Viru maakond,0,Kokkupõrge,Valge aeg
2012-07-21 19:15:00,1,0,1,Ida-Viru maakond,0,Ühesõidukiõnnetus,Valge aeg
2012-07-23 16:30:00,1,0,1,Lääne-Viru maakond,0,Kokkupõrge,Valge aeg
2012-07-29 13:15:00,2,0,1,Ida-Viru maakond,0,Kokkupõrge,Valge aeg
2012-08-08 00:00:00,2,0,1,Lääne-Viru maakond,0,Kokkupõrge,Valge aeg
2012-08-08 00:00:00,3,0,2,Ida-Viru maakond,1,Jalakäijaõnnetus,Valge aeg
2012-11-08 00:00:00,1,0,1,Ida-Viru maakond,0,Kokkupõrge,Pimeda aeg
2012-08-15 11:25:00,2,0,1,Ida-Viru maakond,0,Muu liiklusõnnetus,Valge aeg
2012-08-18 13:27:00,2,0,1,Ida-Viru maakond,1,Jalakäijaõnnetus,Valge aeg
2012-08-21 16:20:00,1,0,1,Lääne-Viru maakond,0,Ühesõidukiõnnetus,Valge aeg
2012-08-22 15:40:00,3,0,2,Ida-Viru maakond,1,Jalakäijaõnnetus,Valge aeg
2012-08-22 21:05:00,2,0,2,Ida-Viru maakond,0,Ühesõidukiõnnetus,Pimeda aeg
2012-08-25 19:40:00,1,0,1,Lääne-Viru maakond,0,Ühesõidukiõnnetus,Pimeda aeg
2012-08-30 08:00:00,2,0,2,Lääne-Viru maakond,0,Kokkupõrge,Valge aeg
2012-01-09 00:00:00,1,1,0,Lääne-Viru maakond,0,Ühesõidukiõnnetus,Valge aeg
2012-03-09 00:00:00,2,0,1,Lääne-Viru maakond,0,Kokkupõrge,Valge aeg
2012-09-09 00:00:00,2,1,0,Ida-Viru maakond,1,Jalakäijaõnnetus,Pimeda aeg
2012-11-09 00:00:00,2,0,2,Lääne-Viru maakond,0,Kokkupõrge,Valge aeg
2012-09-30 04:00:00,1,0,1,Lääne-Viru maakond,0,Ühesõidukiõnnetus,Pimeda aeg
2012-02-10 00:00:00,2,0,1,Ida-Viru maakond,1,Jalakäijaõnnetus,Valge aeg
2012-02-10 00:00:00,2,0,1,Lääne-Viru maakond,0,Kokkupõrge,Valge aeg
2012-05-10 00:00:00,2,0,1,Ida-Viru maakond,1,Jalakäijaõnnetus,Pimeda aeg
2012-06-10 00:00:00,2,0,1,Lääne-Viru maakond,1,Jalakäijaõnnetus,Pimeda aeg
2012-06-10 00:00:00,1,0,1,Lääne-Viru maakond,0,Ühesõidukiõnnetus,Valge aeg
2012-10-13 13:25:00,2,0,1,Ida-Viru maakond,0,Kokkupõrge,Valge aeg
2012-10-14 02:00:00,1,0,1,Lääne-Viru maakond,0,Ühesõidukiõnnetus,Pimeda aeg
2012-10-15 09:55:00,1,0,1,Ida-Viru maakond,0,Jalakäijaõnnetus,Valge aeg
2012-10-15 10:55:00,2,0,1,Lääne-Viru maakond,1,Jalakäijaõnnetus,Valge aeg
2012-10-17 07:40:00,2,0,1,Ida-Viru maakond,1,Jalakäijaõnnetus,Pimeda aeg
2012-10-19 16:16:00,2,0,1,Ida-Viru maakond,1,Jalakäijaõnnetus,Valge aeg
2012-10-19 20:30:00,2,1,0,Lääne-Viru maakond,1,Jalakäijaõnnetus,Pimeda aeg
2012-10-20 01:00:00,1,0,1,Lääne-Viru maakond,0,Ühesõidukiõnnetus,Pimeda aeg
2012-12-10 00:00:00,1,0,1,Lääne-Viru maakond,1,Jalakäijaõnnetus,Pimeda aeg
2012-10-26 12:05:00,2,0,1,Lääne-Viru maakond,0,Kokkupõrge,Valge aeg
2012-10-26 18:05:00,2,0,1,Lääne-Viru maakond,0,Kokkupõrge,Valge aeg
2012-10-28 11:10:00,3,0,1,Ida-Viru maakond,0,Ühesõidukiõnnetus,Valge aeg
2012-10-29 16:45:00,2,0,1,Ida-Viru maakond,0,Kokkupõrge,Pimeda aeg
2012-02-11 00:00:00,2,0,1,Ida-Viru maakond,1,Jalakäijaõnnetus,Pimeda aeg
2012-04-11 00:00:00,2,0,1,Ida-Viru maakond,0,Kokkupõrge,Pimeda aeg
2012-05-11 00:00:00,1,0,1,Lääne-Viru maakond,0,Ühesõidukiõnnetus,Pimeda aeg
2012-06-11 00:00:00,0,0,1,Ida-Viru maakond,1,Jalakäijaõnnetus,Pimeda aeg
2012-06-11 00:00:00,1,0,1,Ida-Viru maakond,1,Jalakäijaõnnetus,Pimeda aeg
2012-06-11 00:00:00,2,0,1,Ida-Viru maakond,1,Jalakäijaõnnetus,Pimeda aeg
2012-07-11 00:00:00,1,0,1,Ida-Viru maakond,0,Ühesõidukiõnnetus,Valge aeg
2012-11-11 00:00:00,2,1,0,Jõgeva maakond,1,Jalakäijaõnnetus,Pimeda aeg
2012-11-13 03:20:00,1,1,1,Ida-Viru maakond,1,Jalakäijaõnnetus,Pimeda aeg
2012-11-15 17:30:00,3,0,1,Ida-Viru maakond,1,Jalakäijaõnnetus,Pimeda aeg
2012-11-21 07:45:00,2,0,1,Ida-Viru maakond,1,Jalakäijaõnnetus,Pimeda aeg