date,persons_involved,killed,injured,county,pedestrian_involved,accident_type,light_conditions
2012-11-23 12:40:00,2,0,1,Lääne-Viru maakond,1,Jalakäijaõnnetus,Valge aeg
2012-11-23 16:55:00,1,0,1,Lääne-Viru maakond,0,Ühesõidukiõnnetus,Pimeda aeg
2012-11-28 10:50:00,2,0,2,Lääne-Viru maakond,0,Kokkupõrge,Valge aeg
2012-11-29 15:35:00,1,0,1,Ida-Viru maakond,1,Jalakäijaõnnetus,Valge aeg
2012-11-30 11:45:00,2,0,1,Ida-Viru maakond,1,Jalakäijaõnnetus,Valge aeg
2012-01-12 00:00:00,2,0,1,Lääne-Viru maakond,0,Kokkupõrge,Valge aeg
2012-03-12 00:00:00,2,0,1,Ida-Viru maakond,1,Jalakäijaõnnetus,Pimeda aeg
2012-05-12 00:00:00,2,0,2,Järva maakond,0,Kokkupõrge,Pimeda aeg
2012-07-12 00:00:00,4,0,2,Ida-Viru maakond,0,Kokkupõrge,Valge aeg
2012-08-12 00:00:00,2,0,4,Ida-Viru maakond,0,Kokkupõrge,Pimeda aeg
2012-10-12 00:00:00,4,1,3,Lääne-Viru maakond,0,Kokkupõrge,Pimeda aeg
2012-11-12 00:00:00,1,0,1,Ida-Viru maakond,1,Jalakäijaõnnetus,Pimeda aeg
2012-11-12 00:00:00,2,0,1,Ida-Viru maakond,1,Jalakäijaõnnetus,Pimeda aeg
2012-12-15 11:48:00,2,0,1,Lääne-Viru maakond,0,Kokkupõrge,Valge aeg
2012-12-19 00:00:00,2,0,1,Ida-Viru maakond,1,Jalakäijaõnnetus,Valge aeg
2012-12-19 16:40:00,2,0,2,Lääne-Viru maakond,0,Kokkupõrge,Pimeda aeg
2012-12-23 18:15:00,2,0,1,Lääne-Viru maakond,0,Kokkupõrge,Pimeda aeg
2012-12-24 09:50:00,2,0,1,Ida-Viru maakond,1,Jalakäijaõnnetus,Valge aeg
2012-12-28 17:00:00,2,0,1,Lääne-Viru maakond,0,Muu liiklusõnnetus,Pimeda aeg
2013-04-01 00:00:00,0,0,1,Lääne-Viru maakond,0,Muu liiklusõnnetus,Pimeda aeg
2013-08-01 00:00:00,2,0,1,Ida-Viru maakond,1,Jalakäijaõnnetus,Valge aeg
2013-09-01 00:00:00,2,0,2,Ida-Viru maakond,0,Kokkupõrge,Valge aeg
2013-11-01 00:00:00,2,0,1,Jõgeva maakond,0,Kokkupõrge,Pimeda aeg
2013-01-13 21:00:00,1,0,1,Lääne-Viru maakond,0,Ühesõidukiõnnetus,Pimeda aeg
2013-01-24 12:30:00,4,0,1,Jõgeva maakond,0,Kokkupõrge,Valge aeg
2013-01-25 12:20:00,1,0,1,Ida-Viru maakond,1,Jalakäijaõnnetus,Valge aeg
2013-01-02 00:00:00,2,0,1,Ida-Viru maakond,0,Kokkupõrge,Pimeda aeg
2013-05-02 00:00:00,2,0,1,Ida-Viru maakond,0,Kokkupõrge,Valge aeg
2013-09-02 00:00:00,2,0,1,Ida-Viru maakond,1,Jalakäijaõnnetus,Pimeda aeg
2013-02-19 07:33:00,1,0,1,Ida-Viru maakond,0,Ühesõidukiõnnetus,Valge aeg
2013-02-22 02:00:00,2,0,1,Lääne-Viru maakond,1,Jalakäijaõnnetus,Pimeda aeg
2013-02-23 13:20:00,2,0,1,Ida-Viru maakond,1,Jalakäijaõnnetus,Valge aeg
2013-01-03 00:00:00,2,0,1,Ida-Viru maakond,1,Jalakäijaõnnetus,Valge aeg
2013-08-03 00:00:00,6,0,2,Lääne-Viru maakond,0,Muu liiklusõnnetus,Pimeda aeg
2013-11-03 00:00:00,2,0,1,Lääne-Viru maakond,1,Jalakäijaõnnetus,Valge aeg
2013-12-03 00:00:00,2,0,1,Ida-Viru maakond,1,Jalakäijaõnnetus,Valge aeg
2013-03-13 11:35:00,2,0,1,Lääne-Viru maakond,1,Jalakäijaõnnetus,Valge aeg
2013-03-16 13:00:00,2,0,1,Lääne-Viru maakond,0,Kokkupõrge,Valge aeg
2013-03-16 16:15:00,1,0,1,Lääne-Viru maakond,1,Jalakäijaõnnetus,Valge aeg
2013-03-16 19:00:00,1,0,1,Ida-Viru maakond,1,Jalakäijaõnnetus,Pimeda aeg
2013-03-23 20:05:00,2,0,1,Lääne-Viru maakond,1,Jalakäijaõnnetus,Pimeda aeg
2013-03-25 18:00:00,1,0,1,Ida-Viru maakond,1,Jalakäijaõnnetus,Valge aeg
2012-03-26 17:10:00,2,0,1,Ida-Viru maakond,1,Jalakäijaõnnetus,Valge aeg
2013-03-29 15:31:00,3,0,2,Ida-Viru maakond,0,Kokkupõrge,Valge aeg
2013-03-30 22:10:00,1,0,1,Ida-Viru maakond,0,Ühesõidukiõnnetus,Pimeda aeg
2013-02-04 00:00:00,2,0,1,Lääne-Viru maakond,0,Kokkupõrge,Valge aeg
2013-04-04 00:00:00,2,0,2,Ida-Viru maakond,0,Ühesõidukiõnnetus,Pimeda aeg
2013-05-04 00:00:00,2,0,1,Ida-Viru maakond,0,Jalakäijaõnnetus,Valge aeg
2013-06-04 00:00:00,1,0,1,Lääne-Viru maakond,0,Ühesõidukiõnnetus,Valge aeg
2013-04-19 13:40:00,2,0,1,Lääne-Viru maakond,0,Kokkupõrge,Valge aeg
2013-04-30 12:10:00,2,0,3,Lääne-Viru maakond,0,Kokkupõrge,Valge aeg
2013-08-05 00:00:00,2,0,1,Lääne-Viru maakond,1,Jalakäijaõnnetus,Valge aeg
2013-11-05 00:00:00,1,0,1,Ida-Viru maakond,0,Kokkupõrge,Pimeda aeg
2013-11-05 00:00:00,2,0,1,Lääne-Viru maakond,0,Kokkupõrge,Valge aeg
2013-05-15 13:00:00,2,0,1,Ida-Viru maakond,0,Kokkupõrge,Valge aeg
2013-05-18 14:45:00,2,0,1,Ida-Viru maakond,1,Jalakäijaõnnetus,Valge aeg
2013-05-18 17:56:00,2,0,2,Ida-Viru maakond,1,Jalakäijaõnnetus,Valge aeg
2013-05-19 16:08:00,1,0,1,Ida-Viru maakond,1,Jalakäijaõnnetus,Valge aeg
2013-05-19 23:20:00,3,0,1,Ida-Viru maakond,0,Kokkupõrge,Pimeda aeg
2013-05-20 13:30:00,1,1,0,Lääne-Viru maakond,0,Ühesõidukiõnnetus,Valge aeg
2013-05-22 07:45:00,2,0,1,Lääne-Viru maakond,1,Jalakäijaõnnetus,Valge aeg
2013-05-24 02:00:00,1,0,1,Ida-Viru maakond,0,Ühesõidukiõnnetus,Pimeda aeg
2013-05-24 18:40:00,1,0,1,Lääne-Viru maakond,0,Ühesõidukiõnnetus,Valge aeg
2013-05-23 13:15:00,2,0,1,Ida-Viru maakond,1,Jalakäijaõnnetus,Valge aeg
2013-05-31 13:35:00,2,0,1,Lääne-Viru maakond,0,Kokkupõrge,Valge aeg
2013-01-06 00:00:00,1,0,3,Ida-Viru maakond,1,Jalakäijaõnnetus,Valge aeg
2013-01-06 00:00:00,2,1,0,Lääne-Viru maakond,0,Kokkupõrge,Valge aeg
2013-02-06 00:00:00,2,0,1,Ida-Viru maakond,1,Jalakäijaõnnetus,Valge aeg
2013-03-06 00:00:00,2,0,1,Ida-Viru maakond,0,Kokkupõrge,Valge aeg
2013-04-06 00:00:00,2,0,1,Ida-Viru maakond,0,Kokkupõrge,Valge aeg
2013-11-06 00:00:00,1,0,1,Ida-Viru maakond,0,Kokkupõrge,Pimeda aeg
2013-06-24 23:30:00,0,0,1,Ida-Viru maakond,0,Ühesõidukiõnnetus,Pimeda aeg
2013-03-08 00:00:00,1,0,2,Ida-Viru maakond,0,Kokkupõrge,Valge aeg
2013-08-19 09:50:00,4,0,2,Ida-Viru maakond,0,Muu liiklusõnnetus,Valge aeg
2013-10-13 03:25:00,2,0,2,Ida-Viru maakond,0,Muu liiklusõnnetus,Pimeda aeg
2013-11-19 11:00:00,2,0,1,Ida-Viru maakond,1,Jalakäijaõnnetus,Valge aeg
2013-01-12 00:00:00,4,0,2,Ida-Viru maakond,0,Kokkupõrge,Valge aeg
2013-02-12 00:00:00,1,0,2,Ida-Viru maakond,0,Kokkupõrge,Pimeda aeg
2013-08-12 00:00:00,7,3,3,Ida-Viru maakond,0,Kokkupõrge,Valge aeg
2013-12-15 15:15:00,1,0,1,Lääne-Viru maakond,0,Ühesõidukiõnnetus,Pimeda aeg
2013-12-17 21:10:00,2,0,1,Ida-Viru maakond,1,Jalakäijaõnnetus,Pimeda aeg
2013-12-26 05:50:00,1,0,3,Ida-Viru maakond,0,Ühesõidukiõnnetus,Pimeda aeg
2014-01-01 07:15:00,1,0,1,Lääne-Viru maakond,0,Ühesõidukiõnnetus,Valge aeg
2014-01-02 00:00:00,2,0,1,Ida-Viru maakond,0,Kokkupõrge,Pimeda aeg
2014-06-04 00:00:00,3,1,2,Lääne-Viru maakond,0,Ühesõidukiõnnetus,Pimeda aeg
2014-04-21 17:15:00,2,0,4,Ida-Viru maakond,0,Kokkupõrge,Valge aeg
2014-02-05 00:00:00,2,0,1,Lääne-Viru maakond,0,Kokkupõrge,Valge aeg
2014-05-17 18:00:00,1,0,1,Ida-Viru maakond,1,Jalakäijaõnnetus,Valge aeg
2014-08-06 00:00:00,2,0,2,Ida-Viru maakond,0,Ühesõidukiõnnetus,Valge aeg
2014-07-17 13:57:00,2,0,1,Ida-Viru maakond,0,Kokkupõrge,Valge aeg
2014-07-19 16:00:00,1,0,1,Lääne-Viru maakond,0,Ühesõidukiõnnetus,Valge aeg
2014-07-31 17:45:00,2,0,1,Lääne-Viru maakond,0,Kokkupõrge,Valge aeg
2014-05-08 00:00:00,2,0,1,Lääne-Viru maakond,0,Kokkupõrge,Valge aeg
2014-08-19 23:50:00,3,0,1,Ida-Viru maakond,0,Kokkupõrge,Pimeda aeg
2014-06-09 00:00:00,1,0,2,Lääne-Viru maakond,0,Ühesõidukiõnnetus,Pimeda aeg
2014-09-25 13:20:00,1,0,1,Lääne-Viru maakond,0,Muu liiklusõnnetus,Valge aeg
2012-06-15 08:25:00,1,0,1,Ida-Viru maakond,0,Kokkupõrge,Valge aeg
2013-12-30 13:28:00,1,0,1,Ida-Viru maakond,1,Jalakäijaõnnetus,Valge aeg
2014-05-03 00:00:00,1,0,1,Ida-Viru maakond,1,Jalakäijaõnnetus,Pimeda aeg
2017-12-29 12:00:00,2,0,1,Ida-Viru maakond,1,Jalakäijaõnnetus,Valge aeg
2018-03-23 16:50:00,1,0,1,Ida-Viru maakond,1,Jalakäijaõnnetus,Valge aeg
2018-06-13 17:30:00,1,0,1,Ida-Viru maakond,0,Kokkupõrge,Valge aeg
2018-09-19 16:30:00,1,0,1,Ida-Viru maakond,1,Jalakäijaõnnetus,Valge aeg
2018-12-15 01:00:00,2,0,1,Ida-Viru maakond,0,Ühesõidukiõnnetus,Valge aeg
2019-03-21 19:25:00,2,0,1,Ida-Viru maakond,0,Muu liiklusõnnetus,Pimeda aeg
2019-08-11 00:00:00,2,0,1,Ida-Viru maakond,0,Muu liiklusõnnetus,Valge aeg
2011-02-28 23:10:00,1,0,1,Jõgeva maakond,0,Ühesõidukiõnnetus,Pimeda aeg
2011-04-20 15:00:00,2,0,1,Jõgeva maakond,1,Jalakäijaõnnetus,Valge aeg
2011-01-05 00:00:00,1,0,2,Jõgeva maakond,0,Ühesõidukiõnnetus,Valge aeg
2012-08-06 00:00:00,2,0,1,Jõgeva maakond,0,Kokkupõrge,Valge aeg
2012-09-21 19:50:00,1,0,1,Jõgeva maakond,0,Kokkupõrge,Pimeda aeg
2013-04-04 00:00:00,1,0,1,Jõgeva maakond,0,Kokkupõrge,Valge aeg
2013-04-24 14:30:00,1,0,1,Jõgeva maakond,0,Ühesõidukiõnnetus,Valge aeg
2014-07-14 14:50:00,1,0,1,Jõgeva maakond,1,Jalakäijaõnnetus,Valge aeg
2016-01-02 00:00:00,1,0,1,Jõgeva maakond,0,Ühesõidukiõnnetus,Valge aeg
2014-02-10 00:00:00,0,0,2,Rapla maakond,0,Ühesõidukiõnnetus,Valge aeg
2014-03-10 00:00:00,2,0,1,Lääne maakond,0,Kokkupõrge,Valge aeg
2014-09-10 00:00:00,2,0,1,Pärnu maakond,1,Jalakäijaõnnetus,Valge aeg
2014-10-20 10:16:00,1,0,1,Pärnu maakond,0,Ühesõidukiõnnetus,Valge aeg
2014-10-25 04:54:00,1,0,4,Rapla maakond,0,Ühesõidukiõnnetus,Pimeda aeg
2014-10-27 17:10:00,2,0,1,Pärnu maakond,1,Jalakäijaõnnetus,Valge aeg
2014-01-11 00:00:00,1,0,1,Hiiu maakond,0,Ühesõidukiõnnetus,Valge aeg
2014-02-11 00:00:00,1,0,3,Järva maakond,0,Ühesõidukiõnnetus,Valge aeg
2014-10-11 00:00:00,2,0,2,Lääne maakond,0,Kokkupõrge,Pimeda aeg
2014-11-11 00:00:00,2,0,1,Saare maakond,1,Jalakäijaõnnetus,Pimeda aeg
2014-12-11 00:00:00,1,0,2,Järva maakond,0,Ühesõidukiõnnetus,Pimeda aeg
2014-11-14 00:18:00,1,0,5,Pärnu maakond,0,Ühesõidukiõnnetus,Pimeda aeg
2014-11-18 16:10:00,1,0,1,Järva maakond,0,Ühesõidukiõnnetus,Valge aeg
2014-11-20 23:36:00,2,1,0,Lääne maakond,1,Jalakäijaõnnetus,Pimeda aeg
2014-10-12 00:00:00,2,0,1,Pärnu maakond,1,Jalakäijaõnnetus,Pimeda aeg
2014-12-13 08:15:00,3,0,3,Rapla maakond,0,Ühesõidukiõnnetus,Valge aeg
2014-12-23 01:40:00,1,0,1,Pärnu maakond,0,Ühesõidukiõnnetus,Pimeda aeg
2014-12-26 14:00:00,1,0,1,Pärnu maakond,0,Ühesõidukiõnnetus,Valge aeg
2015-08-01 00:00:00,1,0,1,Pärnu maakond,0,Ühesõidukiõnnetus,Pimeda aeg
2015-01-21 13:00:00,1,0,1,Pärnu maakond,0,Ühesõidukiõnnetus,Valge aeg
2015-01-02 00:00:00,6,0,6,Rapla maakond,0,Kokkupõrge,Pimeda aeg
2015-02-02 00:00:00,2,0,1,Saare maakond,0,Muu liiklusõnnetus,Valge aeg
2015-07-02 00:00:00,2,0,1,Pärnu maakond,1,Jalakäijaõnnetus,Pimeda aeg
2015-10-02 00:00:00,2,0,2,Lääne maakond,0,Muu liiklusõnnetus,Valge aeg
2015-03-24 11:40:00,1,0,1,Pärnu maakond,0,Ühesõidukiõnnetus,Valge aeg
2015-03-31 18:29:00,2,0,1,Pärnu maakond,0,Kokkupõrge,Valge aeg
2015-01-05 00:00:00,1,0,1,Saare maakond,0,Ühesõidukiõnnetus,Valge aeg
2015-03-05 00:00:00,1,0,1,Järva maakond,0,Kokkupõrge,Valge aeg
2015-04-30 13:50:00,2,0,2,Järva maakond,0,Ühesõidukiõnnetus,Valge aeg
2015-05-16 04:56:00,2,0,2,Saare maakond,0,Ühesõidukiõnnetus,Valge aeg
2015-09-06 00:00:00,2,0,1,Järva maakond,0,Kokkupõrge,Valge aeg
2015-04-09 00:00:00,3,0,2,Rapla maakond,0,Kokkupõrge,Valge aeg
2015-09-17 19:00:00,1,0,1,Järva maakond,0,Ühesõidukiõnnetus,Valge aeg
2015-02-10 00:00:00,1,0,1,Saare maakond,0,Muu liiklusõnnetus,Pimeda aeg
2015-10-22 18:13:00,5,0,3,Pärnu maakond,0,Kokkupõrge,Pimeda aeg
2015-10-27 11:53:00,1,0,1,Pärnu maakond,0,Ühesõidukiõnnetus,Valge aeg
2015-10-31 12:13:00,3,0,2,Rapla maakond,0,Kokkupõrge,Valge aeg
2015-06-11 00:00:00,2,0,1,Saare maakond,0,Kokkupõrge,Valge aeg
2016-01-27 07:35:00,3,0,2,Pärnu maakond,0,Kokkupõrge,Pimeda aeg
2016-01-27 08:29:00,4,0,1,Pärnu maakond,0,Kokkupõrge,Valge aeg
2016-05-02 00:00:00,2,0,1,Järva maakond,1,Jalakäijaõnnetus,Pimeda aeg
2016-06-02 00:00:00,3,0,1,Pärnu maakond,0,Muu liiklusõnnetus,Valge aeg
2016-04-16 22:47:00,1,0,1,Pärnu maakond,1,Jalakäijaõnnetus,Valge aeg
2016-04-18 22:48:00,2,0,2,Pärnu maakond,0,Ühesõidukiõnnetus,Pimeda aeg
2016-06-21 21:42:00,2,0,1,Järva maakond,0,Ühesõidukiõnnetus,Valge aeg
2016-07-19 17:35:00,2,0,1,Pärnu maakond,0,Kokkupõrge,Valge aeg
2016-09-24 01:30:00,1,0,1,Pärnu maakond,1,Jalakäijaõnnetus,Pimeda aeg
2016-06-10 00:00:00,3,0,2,Pärnu maakond,1,Muu liiklusõnnetus,Valge aeg
2016-11-14 16:50:00,2,0,1,Lääne maakond,1,Jalakäijaõnnetus,Pimeda aeg
2016-11-16 14:55:00,2,0,1,Pärnu maakond,1,Kokkupõrge,Valge aeg
2016-12-17 21:20:00,2,0,2,Järva maakond,0,Ühesõidukiõnnetus,Pimeda aeg
2016-12-27 16:10:00,1,0,1,Pärnu maakond,0,Ühesõidukiõnnetus,Pimeda aeg
2017-11-05 00:00:00,3,0,2,Pärnu maakond,0,Muu liiklusõnnetus,Valge aeg
2017-03-07 00:00:00,1,0,1,Järva maakond,0,Kokkupõrge,Valge aeg
2017-07-13 16:10:00,1,0,1,Pärnu maakond,1,Jalakäijaõnnetus,Valge aeg
2017-12-08 00:00:00,1,0,1,Saare maakond,0,Ühesõidukiõnnetus,Valge aeg
2017-09-25 09:15:00,2,0,1,Pärnu maakond,0,Kokkupõrge,Valge aeg
2017-10-11 00:00:00,2,0,2,Lääne maakond,1,Jalakäijaõnnetus,Pimeda aeg
2017-11-30 17:08:00,2,0,1,Järva maakond,0,Kokkupõrge,Pimeda aeg
2017-12-25 20:20:00,1,0,1,Rapla maakond,0,Ühesõidukiõnnetus,Pimeda aeg
2018-07-04 00:00:00,1,0,1,Järva maakond,0,Ühesõidukiõnnetus,Valge aeg
2018-04-13 16:59:00,2,0,2,Pärnu maakond,0,Kokkupõrge,Valge aeg
2018-06-23 04:55:00,1,0,1,Järva maakond,0,Ühesõidukiõnnetus,Valge aeg
2018-06-23 13:00:00,2,0,1,Saare maakond,0,Ühesõidukiõnnetus,Valge aeg
2018-08-07 00:00:00,1,0,1,Saare maakond,0,Ühesõidukiõnnetus,Valge aeg
2018-07-21 01:00:00,3,0,2,Pärnu maakond,0,Ühesõidukiõnnetus,Pimeda aeg
2018-07-10 00:00:00,1,0,1,Pärnu maakond,0,Ühesõidukiõnnetus,Pimeda aeg
2019-01-24 09:00:00,4,0,1,Pärnu maakond,0,Ühesõidukiõnnetus,Valge aeg
2019-08-03 00:00:00,1,0,1,Pärnu maakond,0,Ühesõidukiõnnetus,Valge aeg
2019-04-04 00:00:00,2,0,1,Pärnu maakond,0,Kokkupõrge,Valge aeg
2019-07-04 00:00:00,2,0,1,Pärnu maakond,1,Jalakäijaõnnetus,Pimeda aeg
2019-10-08 00:00:00,2,0,1,Pärnu maakond,0,Kokkupõrge,Valge aeg
2019-08-17 05:40:00,2,0,2,Pärnu maakond,0,Ühesõidukiõnnetus,Valge aeg
2019-10-29 19:40:00,2,0,1,Saare maakond,0,Kokkupõrge,Pimeda aeg
2020-11-01 00:00:00,4,0,1,Hiiu maakond,0,Ühesõidukiõnnetus,Pimeda aeg
2012-07-23 07:10:00,1,0,1,Pärnu maakond,0,Ühesõidukiõnnetus,Valge aeg
2013-06-06 00:00:00,5,0,1,Järva maakond,0,Ühesõidukiõnnetus,Pimeda aeg
2011-04-19 12:26:00,1,0,1,Lääne maakond,0,Ühesõidukiõnnetus,Valge aeg
2011-04-22 16:59:00,1,0,1,Pärnu maakond,0,Ühesõidukiõnnetus,Valge aeg
2011-01-06 00:00:00,2,0,2,Pärnu maakond,0,Kokkupõrge,Valge aeg
2011-06-29 19:07:00,2,0,1,Pärnu maakond,0,Kokkupõrge,Valge aeg
2011-01-08 00:00:00,1,0,1,Pärnu maakond,0,Ühesõidukiõnnetus,Valge aeg
2011-11-08 00:00:00,2,0,1,Pärnu maakond,0,Kokkupõrge,Valge aeg
2011-08-16 15:22:00,1,0,1,Rapla maakond,0,Ühesõidukiõnnetus,Valge aeg
2011-08-16 16:36:00,1,0,3,Lääne maakond,0,Ühesõidukiõnnetus,Valge aeg
2011-08-18 02:55:00,1,0,1,Hiiu maakond,1,Jalakäijaõnnetus,Pimeda aeg
2011-08-27 19:25:00,1,0,1,Pärnu maakond,0,Ühesõidukiõnnetus,Valge aeg
2011-10-13 13:16:00,2,0,1,Pärnu maakond,0,Kokkupõrge,Valge aeg
2011-10-14 09:55:00,2,0,1,Pärnu maakond,0,Kokkupõrge,Valge aeg
2011-10-14 15:23:00,2,0,1,Pärnu maakond,1,Jalakäijaõnnetus,Valge aeg
2011-10-15 22:50:00,2,0,1,Pärnu maakond,0,Kokkupõrge,Pimeda aeg
2011-10-21 15:00:00,2,0,2,Saare maakond,0,Kokkupõrge,Valge aeg
2011-10-23 20:10:00,1,0,1,Saare maakond,0,Muu liiklusõnnetus,Pimeda aeg
2011-10-24 12:50:00,2,0,3,Saare maakond,0,Kokkupõrge,Valge aeg
2011-10-24 15:44:00,2,1,0,Järva maakond,0,Kokkupõrge,Valge aeg
2011-10-27 08:22:00,1,0,1,Lääne maakond,0,Ühesõidukiõnnetus,Valge aeg
2011-10-28 14:40:00,2,0,1,Rapla maakond,0,Ühesõidukiõnnetus,Valge aeg
2011-10-29 15:30:00,2,0,1,Hiiu maakond,0,Muu liiklusõnnetus,Valge aeg
2011-03-11 00:00:00,1,0,3,Hiiu maakond,0,Ühesõidukiõnnetus,Valge aeg
2011-04-11 00:00:00,1,0,2,Rapla maakond,0,Ühesõidukiõnnetus,Valge aeg
2011-06-11 00:00:00,1,0,3,Pärnu maakond,0,Ühesõidukiõnnetus,Pimeda aeg
2011-08-11 00:00:00,1,0,1,Pärnu maakond,0,Ühesõidukiõnnetus,Pimeda aeg
2011-10-11 00:00:00,2,0,3,Pärnu maakond,0,Kokkupõrge,Pimeda aeg
2011-11-11 00:00:00,2,0,1,Pärnu maakond,0,Kokkupõrge,Valge aeg
2011-12-11 00:00:00,1,0,1,Hiiu maakond,0,Ühesõidukiõnnetus,Pimeda aeg
2011-11-14 17:48:00,3,0,1,Saare maakond,0,Kokkupõrge,Pimeda aeg
2011-11-15 10:35:00,2,0,1,Pärnu maakond,1,Jalakäijaõnnetus,Valge aeg
2011-11-16 17:58:00,2,0,1,Pärnu maakond,0,Kokkupõrge,Pimeda aeg
2011-11-17 18:56:00,2,1,0,Pärnu maakond,1,Jalakäijaõnnetus,Pimeda aeg
2011-11-18 23:20:00,2,0,1,Pärnu maakond,1,Jalakäijaõnnetus,Pimeda aeg
2011-11-19 09:54:00,2,0,1,Pärnu maakond,0,Kokkupõrge,Valge aeg
2011-11-21 00:30:00,2,0,1,Järva maakond,0,Kokkupõrge,Pimeda aeg
2011-11-28 17:09:00,2,1,0,Rapla maakond,0,Kokkupõrge,Pimeda aeg
2011-01-12 00:00:00,2,0,1,Pärnu maakond,1,Jalakäijaõnnetus,Pimeda aeg
2011-01-12 00:00:00,1,0,1,Järva maakond,0,Ühesõidukiõnnetus,Valge aeg
2011-02-12 00:00:00,2,0,1,Pärnu maakond,1,Jalakäijaõnnetus,Pimeda aeg
2011-03-12 00:00:00,1,0,2,Järva maakond,0,Ühesõidukiõnnetus,Valge aeg
2011-03-12 00:00:00,2,0,4,Saare maakond,0,Ühesõidukiõnnetus,Pimeda aeg
2011-04-12 00:00:00,2,0,2,Järva maakond,0,Kokkupõrge,Pimeda aeg
2011-04-12 00:00:00,3,0,2,Lääne maakond,1,Jalakäijaõnnetus,Pimeda aeg
2011-05-12 00:00:00,1,1,0,Hiiu maakond,0,Ühesõidukiõnnetus,Pimeda aeg
2011-06-12 00:00:00,2,0,1,Hiiu maakond,0,Kokkupõrge,Pimeda aeg
2011-07-12 00:00:00,1,0,1,Pärnu maakond,0,Ühesõidukiõnnetus,Valge aeg
2011-07-12 00:00:00,2,0,1,Pärnu maakond,0,Kokkupõrge,Valge aeg
2011-10-12 00:00:00,1,0,1,Pärnu maakond,0,Ühesõidukiõnnetus,Valge aeg
2011-12-12 00:00:00,2,0,1,Pärnu maakond,0,Kokkupõrge,Pimeda aeg
2011-12-14 07:50:00,2,0,1,Pärnu maakond,1,Jalakäijaõnnetus,Pimeda aeg
2011-12-14 23:07:00,1,0,1,Pärnu maakond,0,Ühesõidukiõnnetus,Pimeda aeg
2011-12-17 20:30:00,2,0,1,Pärnu maakond,0,Kokkupõrge,Pimeda aeg
2011-12-23 20:57:00,1,0,1,Saare maakond,0,Ühesõidukiõnnetus,Pimeda aeg
2011-12-31 19:45:00,1,0,1,Pärnu maakond,0,Ühesõidukiõnnetus,Pimeda aeg
2012-04-01 00:00:00,1,0,2,Järva maakond,0,Ühesõidukiõnnetus,Valge aeg
2012-04-01 00:00:00,2,0,1,Saare maakond,1,Jalakäijaõnnetus,Pimeda aeg
2012-08-01 00:00:00,1,0,1,Järva maakond,0,Ühesõidukiõnnetus,Pimeda aeg
2012-10-01 00:00:00,2,0,1,Järva maakond,0,Ühesõidukiõnnetus,Valge aeg
2012-10-01 00:00:00,2,0,1,Pärnu maakond,1,Jalakäijaõnnetus,Pimeda aeg
2012-10-01 00:00:00,2,1,0,Pärnu maakond,0,Muu liiklusõnnetus,Pimeda aeg
2012-11-01 00:00:00,1,0,1,Järva maakond,0,Ühesõidukiõnnetus,Valge aeg
2012-01-13 21:28:00,1,0,1,Järva maakond,0,Ühesõidukiõnnetus,Pimeda aeg
2012-01-14 12:14:00,3,1,2,Järva maakond,0,Muu liiklusõnnetus,Valge aeg
2011-01-15 10:48:00,2,0,5,Rapla maakond,0,Kokkupõrge,Valge aeg
2012-01-17 18:40:00,2,0,1,Rapla maakond,1,Jalakäijaõnnetus,Pimeda aeg
2012-01-20 08:50:00,2,0,1,Pärnu maakond,1,Jalakäijaõnnetus,Valge aeg
2012-01-22 18:45:00,2,0,1,Pärnu maakond,1,Jalakäijaõnnetus,Pimeda aeg
2012-01-24 07:40:00,1,0,1,Pärnu maakond,0,Muu liiklusõnnetus,Pimeda aeg
2012-01-24 18:41:00,4,0,1,Rapla maakond,0,Muu liiklusõnnetus,Pimeda aeg
2012-01-25 16:50:00,2,0,1,Järva maakond,1,Jalakäijaõnnetus,Pimeda aeg
2012-01-27 07:45:00,1,0,1,Pärnu maakond,0,Ühesõidukiõnnetus,Valge aeg
2012-01-28 02:26:00,1,0,1,Pärnu maakond,0,Ühesõidukiõnnetus,Pimeda aeg
2012-08-02 00:00:00,2,1,1,Pärnu maakond,0,Kokkupõrge,Valge aeg
2012-10-02 00:00:00,2,0,1,Rapla maakond,0,Kokkupõrge,Valge aeg
2012-02-13 15:45:00,2,0,1,Hiiu maakond,0,Kokkupõrge,Valge aeg
2012-02-13 18:03:00,2,1,0,Pärnu maakond,0,Kokkupõrge,Pimeda aeg
2012-02-20 08:48:00,1,0,1,Järva maakond,0,Ühesõidukiõnnetus,Valge aeg
2012-02-21 19:00:00,2,0,1,Saare maakond,0,Muu liiklusõnnetus,Pimeda aeg
2012-02-23 15:49:00,2,0,3,Järva maakond,0,Kokkupõrge,Valge aeg
2012-06-03 00:00:00,2,1,0,Saare maakond,1,Jalakäijaõnnetus,Valge aeg
2012-08-03 00:00:00,2,0,1,Pärnu maakond,1,Jalakäijaõnnetus,Valge aeg
2012-09-03 00:00:00,2,0,1,Pärnu maakond,0,Kokkupõrge,Valge aeg
2012-03-13 10:20:00,2,0,1,Pärnu maakond,1,Jalakäijaõnnetus,Valge aeg
2012-03-14 19:34:00,2,0,1,Pärnu maakond,0,Kokkupõrge,Pimeda aeg
2012-03-19 20:20:00,1,0,1,Järva maakond,0,Muu liiklusõnnetus,Pimeda aeg
2012-03-19 22:00:00,2,0,1,Saare maakond,0,Kokkupõrge,Pimeda aeg
2012-03-21 04:05:00,2,0,1,Järva maakond,0,Kokkupõrge,Pimeda aeg
2012-03-23 09:30:00,2,0,2,Pärnu maakond,0,Kokkupõrge,Valge aeg