date,persons_involved,killed,injured,county,pedestrian_involved,accident_type,light_conditions
2012-03-29 09:32:00,2,0,1,Pärnu maakond,0,Kokkupõrge,Valge aeg
2012-03-30 22:05:00,1,0,1,Pärnu maakond,0,Ühesõidukiõnnetus,Pimeda aeg
2012-01-04 00:00:00,2,0,1,Pärnu maakond,1,Jalakäijaõnnetus,Valge aeg
2012-02-04 00:00:00,2,0,1,Rapla maakond,1,Jalakäijaõnnetus,Valge aeg
2012-03-04 00:00:00,2,0,1,Saare maakond,1,Jalakäijaõnnetus,Valge aeg
2012-03-04 00:00:00,2,0,2,Pärnu maakond,0,Kokkupõrge,Valge aeg
2012-07-04 00:00:00,1,0,2,Lääne maakond,0,Ühesõidukiõnnetus,Valge aeg
2012-08-04 00:00:00,2,0,1,Pärnu maakond,0,Kokkupõrge,Valge aeg
2012-04-13 22:24:00,2,0,2,Järva maakond,0,Kokkupõrge,Pimeda aeg
2012-04-15 00:45:00,1,0,2,Pärnu maakond,0,Ühesõidukiõnnetus,Pimeda aeg
2012-04-18 07:48:00,2,0,1,Pärnu maakond,0,Kokkupõrge,Valge aeg
2012-04-21 14:03:00,1,0,1,Saare maakond,0,Ühesõidukiõnnetus,Valge aeg
2012-04-21 21:40:00,1,0,2,Pärnu maakond,0,Ühesõidukiõnnetus,Pimeda aeg
2012-04-30 08:20:00,2,1,0,Pärnu maakond,0,Kokkupõrge,Valge aeg
2012-04-30 14:30:00,2,0,1,Pärnu maakond,0,Kokkupõrge,Valge aeg
2012-01-05 00:00:00,1,0,1,Rapla maakond,0,Ühesõidukiõnnetus,Valge aeg
2012-05-05 00:00:00,2,0,1,Saare maakond,0,Kokkupõrge,Valge aeg
2012-09-05 00:00:00,2,0,1,Rapla maakond,0,Kokkupõrge,Valge aeg
2012-05-13 16:33:00,1,0,2,Saare maakond,0,Ühesõidukiõnnetus,Valge aeg
2012-05-13 22:25:00,2,0,3,Rapla maakond,0,Kokkupõrge,Valge aeg
2012-05-17 02:30:00,3,1,2,Pärnu maakond,0,Kokkupõrge,Pimeda aeg
2012-05-17 21:06:00,1,1,0,Järva maakond,0,Ühesõidukiõnnetus,Valge aeg
2012-05-19 23:20:00,1,0,1,Pärnu maakond,0,Ühesõidukiõnnetus,Pimeda aeg
2012-05-24 11:12:00,1,0,1,Saare maakond,0,Ühesõidukiõnnetus,Valge aeg
2012-05-24 16:30:00,2,0,2,Pärnu maakond,0,Kokkupõrge,Valge aeg
2012-05-24 17:40:00,1,0,3,Rapla maakond,0,Ühesõidukiõnnetus,Valge aeg
2012-05-24 19:58:00,1,0,1,Järva maakond,0,Ühesõidukiõnnetus,Valge aeg
2012-05-27 05:52:00,1,0,1,Saare maakond,0,Ühesõidukiõnnetus,Valge aeg
2012-05-28 15:14:00,1,0,1,Pärnu maakond,0,Ühesõidukiõnnetus,Valge aeg
2012-05-29 12:03:00,1,0,1,Pärnu maakond,0,Ühesõidukiõnnetus,Valge aeg
2012-09-06 00:00:00,2,0,1,Saare maakond,0,Kokkupõrge,Valge aeg
2012-09-06 00:00:00,1,0,1,Järva maakond,0,Ühesõidukiõnnetus,Valge aeg
2012-10-06 00:00:00,1,0,5,Järva maakond,0,Ühesõidukiõnnetus,Pimeda aeg
2012-10-06 00:00:00,2,0,1,Järva maakond,1,Jalakäijaõnnetus,Valge aeg
2012-11-06 00:00:00,2,0,1,Saare maakond,0,Kokkupõrge,Valge aeg
2012-06-16 14:25:00,2,0,2,Rapla maakond,0,Ühesõidukiõnnetus,Valge aeg
2012-06-16 19:10:00,2,0,3,Pärnu maakond,0,Kokkupõrge,Valge aeg
2012-06-18 23:00:00,1,0,2,Rapla maakond,0,Ühesõidukiõnnetus,Pimeda aeg
2012-06-20 00:50:00,1,0,1,Järva maakond,0,Ühesõidukiõnnetus,Pimeda aeg
2012-06-21 16:08:00,1,0,2,Pärnu maakond,0,Ühesõidukiõnnetus,Valge aeg
2012-06-22 11:05:00,2,0,1,Pärnu maakond,0,Muu liiklusõnnetus,Valge aeg
2012-06-24 23:00:00,2,0,1,Pärnu maakond,0,Muu liiklusõnnetus,Pimeda aeg
2012-06-26 18:00:00,2,0,1,Rapla maakond,1,Jalakäijaõnnetus,Valge aeg
2012-06-28 22:35:00,2,0,1,Pärnu maakond,0,Kokkupõrge,Valge aeg
2012-06-29 14:30:00,1,0,1,Pärnu maakond,0,Ühesõidukiõnnetus,Valge aeg
2012-06-30 20:45:00,1,0,1,Rapla maakond,0,Muu liiklusõnnetus,Valge aeg
2012-01-07 00:00:00,1,0,1,Järva maakond,0,Ühesõidukiõnnetus,Valge aeg
2012-07-07 00:00:00,3,0,2,Pärnu maakond,0,Kokkupõrge,Valge aeg
2012-07-07 00:00:00,1,0,1,Hiiu maakond,0,Ühesõidukiõnnetus,Valge aeg
2012-09-07 00:00:00,3,1,0,Rapla maakond,0,Kokkupõrge,Valge aeg
2012-12-07 00:00:00,2,0,1,Järva maakond,0,Kokkupõrge,Valge aeg
2012-12-07 00:00:00,2,0,1,Saare maakond,0,Kokkupõrge,Valge aeg
2012-12-07 00:00:00,2,0,2,Lääne maakond,0,Kokkupõrge,Valge aeg
2012-12-07 00:00:00,2,0,1,Järva maakond,0,Kokkupõrge,Valge aeg
2012-07-13 19:55:00,2,0,1,Pärnu maakond,1,Jalakäijaõnnetus,Valge aeg
2012-07-14 16:40:00,2,1,0,Pärnu maakond,0,Kokkupõrge,Valge aeg
2012-07-15 17:00:00,1,0,2,Järva maakond,0,Ühesõidukiõnnetus,Valge aeg
2012-07-16 15:38:00,1,0,1,Järva maakond,0,Ühesõidukiõnnetus,Valge aeg
2012-07-19 21:20:00,2,1,0,Pärnu maakond,0,Kokkupõrge,Valge aeg
2012-07-21 06:29:00,1,0,1,Saare maakond,0,Ühesõidukiõnnetus,Valge aeg
2012-07-21 18:56:00,2,0,2,Lääne maakond,0,Kokkupõrge,Valge aeg
2012-07-22 12:50:00,1,0,1,Pärnu maakond,0,Ühesõidukiõnnetus,Valge aeg
2012-07-22 20:15:00,1,0,2,Rapla maakond,0,Ühesõidukiõnnetus,Valge aeg
2012-07-23 07:10:00,1,0,1,Pärnu maakond,0,Ühesõidukiõnnetus,Valge aeg
2012-07-23 13:55:00,2,0,1,Rapla maakond,0,Kokkupõrge,Valge aeg
2012-07-23 16:25:00,1,0,1,Saare maakond,0,Ühesõidukiõnnetus,Valge aeg
2012-07-24 12:50:00,1,0,1,Pärnu maakond,0,Ühesõidukiõnnetus,Valge aeg
2012-07-24 18:26:00,2,0,1,Saare maakond,0,Kokkupõrge,Valge aeg
2012-07-25 13:24:00,2,0,1,Pärnu maakond,0,Kokkupõrge,Valge aeg
2012-07-27 14:30:00,2,0,1,Pärnu maakond,0,Kokkupõrge,Valge aeg
2012-07-28 11:05:00,3,0,1,Pärnu maakond,1,Muu liiklusõnnetus,Valge aeg
2012-07-28 21:00:00,1,0,1,Pärnu maakond,0,Ühesõidukiõnnetus,Valge aeg
2012-07-31 16:15:00,2,0,1,Rapla maakond,0,Kokkupõrge,Valge aeg
2012-02-08 00:00:00,2,0,1,Saare maakond,0,Kokkupõrge,Pimeda aeg
2012-03-08 00:00:00,2,0,1,Pärnu maakond,0,Kokkupõrge,Pimeda aeg
2012-04-08 00:00:00,0,0,1,Pärnu maakond,0,Ühesõidukiõnnetus,Pimeda aeg
2012-04-08 00:00:00,0,0,2,Pärnu maakond,0,Ühesõidukiõnnetus,Valge aeg
2012-04-08 00:00:00,1,0,1,Saare maakond,0,Ühesõidukiõnnetus,Valge aeg
2012-06-08 00:00:00,2,0,1,Rapla maakond,0,Kokkupõrge,Valge aeg
2012-07-08 00:00:00,1,0,1,Pärnu maakond,0,Ühesõidukiõnnetus,Valge aeg
2012-12-08 00:00:00,1,0,1,Pärnu maakond,0,Ühesõidukiõnnetus,Valge aeg
2012-08-14 10:12:00,2,1,0,Rapla maakond,1,Jalakäijaõnnetus,Valge aeg
2012-08-17 14:52:00,2,0,1,Lääne maakond,0,Kokkupõrge,Valge aeg
2012-08-18 06:00:00,2,1,3,Rapla maakond,0,Kokkupõrge,Valge aeg
2012-08-18 22:12:00,1,0,1,Hiiu maakond,0,Ühesõidukiõnnetus,Pimeda aeg
2012-08-20 06:20:00,0,0,1,Järva maakond,0,Ühesõidukiõnnetus,Valge aeg
2012-08-22 20:10:00,1,0,2,Järva maakond,0,Ühesõidukiõnnetus,Valge aeg
2012-08-23 06:35:00,2,0,1,Saare maakond,0,Ühesõidukiõnnetus,Valge aeg
2012-08-27 19:32:00,2,0,1,Pärnu maakond,0,Kokkupõrge,Valge aeg
2012-08-28 00:42:00,1,0,1,Saare maakond,0,Ühesõidukiõnnetus,Pimeda aeg
2012-08-29 16:05:00,2,0,1,Saare maakond,0,Kokkupõrge,Valge aeg
2012-08-29 19:59:00,1,0,1,Saare maakond,0,Ühesõidukiõnnetus,Valge aeg
2012-05-09 00:00:00,1,0,1,Järva maakond,0,Ühesõidukiõnnetus,Valge aeg
2012-05-09 00:00:00,2,0,1,Pärnu maakond,0,Kokkupõrge,Valge aeg
2012-06-09 00:00:00,1,0,1,Pärnu maakond,0,Muu liiklusõnnetus,Valge aeg
2012-07-09 00:00:00,2,0,1,Järva maakond,1,Jalakäijaõnnetus,Pimeda aeg
2012-07-09 00:00:00,2,1,0,Järva maakond,1,Jalakäijaõnnetus,Valge aeg
2012-09-09 00:00:00,1,0,1,Pärnu maakond,0,Ühesõidukiõnnetus,Pimeda aeg
2012-09-09 00:00:00,1,0,1,Saare maakond,0,Ühesõidukiõnnetus,Valge aeg
2012-10-09 00:00:00,1,0,4,Järva maakond,0,Ühesõidukiõnnetus,Pimeda aeg
2012-10-09 00:00:00,2,0,2,Pärnu maakond,0,Kokkupõrge,Valge aeg
2012-11-09 00:00:00,2,0,1,Lääne maakond,0,Kokkupõrge,Valge aeg
2012-09-15 00:49:00,1,0,1,Rapla maakond,0,Ühesõidukiõnnetus,Pimeda aeg
2012-09-26 13:45:00,2,0,1,Saare maakond,0,Kokkupõrge,Valge aeg
2012-09-26 15:10:00,2,0,1,Pärnu maakond,0,Kokkupõrge,Valge aeg
2012-09-29 14:35:00,1,0,1,Saare maakond,0,Ühesõidukiõnnetus,Valge aeg
2012-09-29 20:08:00,4,0,4,Pärnu maakond,0,Ühesõidukiõnnetus,Pimeda aeg
2012-03-10 00:00:00,2,0,2,Järva maakond,0,Kokkupõrge,Valge aeg
2012-09-10 00:00:00,2,0,1,Pärnu maakond,1,Jalakäijaõnnetus,Pimeda aeg
2012-10-15 08:36:00,1,0,1,Harju maakond,0,Ühesõidukiõnnetus,Valge aeg
2012-10-16 13:10:00,2,0,1,Pärnu maakond,0,Kokkupõrge,Valge aeg
2012-10-17 08:00:00,2,0,1,Lääne maakond,1,Jalakäijaõnnetus,Pimeda aeg
2012-10-17 14:40:00,3,0,1,Pärnu maakond,1,Jalakäijaõnnetus,Valge aeg
2012-10-19 08:59:00,2,0,1,Pärnu maakond,0,Kokkupõrge,Valge aeg
2012-10-20 00:00:00,2,1,0,Lääne maakond,1,Muu liiklusõnnetus,Pimeda aeg
2012-10-20 19:40:00,2,0,1,Järva maakond,0,Kokkupõrge,Pimeda aeg
2012-10-22 00:09:00,1,0,1,Pärnu maakond,0,Ühesõidukiõnnetus,Pimeda aeg
2012-10-25 10:20:00,2,0,2,Rapla maakond,0,Kokkupõrge,Valge aeg
2012-10-25 11:57:00,1,0,2,Järva maakond,0,Ühesõidukiõnnetus,Valge aeg
2012-10-26 02:20:00,2,1,0,Pärnu maakond,0,Kokkupõrge,Pimeda aeg
2012-10-26 07:00:00,2,0,1,Pärnu maakond,0,Kokkupõrge,Pimeda aeg
2012-10-26 08:04:00,1,0,1,Pärnu maakond,0,Ühesõidukiõnnetus,Pimeda aeg
2012-10-31 21:15:00,2,0,1,Pärnu maakond,1,Jalakäijaõnnetus,Pimeda aeg
2012-02-11 00:00:00,2,0,1,Rapla maakond,0,Kokkupõrge,Valge aeg
2012-03-11 00:00:00,2,0,1,Pärnu maakond,1,Jalakäijaõnnetus,Pimeda aeg
2012-08-11 00:00:00,1,0,1,Pärnu maakond,0,Ühesõidukiõnnetus,Pimeda aeg
2012-10-11 00:00:00,2,0,2,Pärnu maakond,0,Kokkupõrge,Pimeda aeg
2012-11-11 00:00:00,2,1,0,Rapla maakond,1,Jalakäijaõnnetus,Pimeda aeg
2012-12-11 00:00:00,2,0,3,Järva maakond,0,Kokkupõrge,Valge aeg
2012-11-19 11:15:00,2,0,1,Pärnu maakond,1,Jalakäijaõnnetus,Valge aeg
2012-11-21 12:04:00,2,0,3,Pärnu maakond,0,Kokkupõrge,Valge aeg
2012-11-24 15:45:00,2,0,1,Pärnu maakond,0,Muu liiklusõnnetus,Valge aeg
2012-11-28 18:16:00,2,0,1,Saare maakond,0,Kokkupõrge,Pimeda aeg
2012-11-30 16:30:00,1,0,1,Järva maakond,1,Jalakäijaõnnetus,Pimeda aeg
2012-03-12 00:00:00,1,0,1,Pärnu maakond,0,Ühesõidukiõnnetus,Pimeda aeg
2012-10-12 00:00:00,2,0,1,Lääne maakond,0,Kokkupõrge,Valge aeg
2012-11-12 00:00:00,2,0,1,Saare maakond,1,Jalakäijaõnnetus,Pimeda aeg
2012-11-12 00:00:00,2,0,1,Järva maakond,0,Muu liiklusõnnetus,Valge aeg
2012-12-13 14:05:00,2,0,2,Pärnu maakond,0,Kokkupõrge,Valge aeg
2012-12-13 15:55:00,2,0,1,Rapla maakond,1,Jalakäijaõnnetus,Valge aeg
2012-12-14 08:15:00,2,0,1,Saare maakond,1,Jalakäijaõnnetus,Pimeda aeg
2012-12-14 12:40:00,1,0,1,Järva maakond,0,Ühesõidukiõnnetus,Valge aeg
2012-12-15 07:45:00,2,0,1,Järva maakond,1,Jalakäijaõnnetus,Pimeda aeg
2012-12-15 12:20:00,1,0,1,Harju maakond,1,Jalakäijaõnnetus,Valge aeg
2012-12-16 16:28:00,3,0,4,Järva maakond,0,Kokkupõrge,Pimeda aeg
2012-12-19 20:20:00,2,0,2,Pärnu maakond,0,Kokkupõrge,Pimeda aeg
2012-12-19 23:05:00,2,0,1,Pärnu maakond,0,Kokkupõrge,Pimeda aeg
2012-12-20 12:37:00,2,0,1,Pärnu maakond,1,Jalakäijaõnnetus,Valge aeg
2012-12-21 09:00:00,0,0,2,Rapla maakond,0,Ühesõidukiõnnetus,Valge aeg
2012-12-21 22:40:00,2,0,1,Rapla maakond,1,Jalakäijaõnnetus,Pimeda aeg
2012-12-29 09:24:00,1,0,2,Saare maakond,0,Ühesõidukiõnnetus,Valge aeg
2012-12-29 09:45:00,2,0,1,Saare maakond,1,Jalakäijaõnnetus,Valge aeg
2013-07-01 00:00:00,2,0,3,Rapla maakond,0,Kokkupõrge,Valge aeg
2013-01-13 12:58:00,2,0,1,Pärnu maakond,0,Kokkupõrge,Valge aeg
2013-01-15 19:35:00,1,0,1,Järva maakond,0,Ühesõidukiõnnetus,Pimeda aeg
2013-01-23 09:00:00,2,0,1,Pärnu maakond,0,Kokkupõrge,Valge aeg
2013-01-25 11:54:00,2,0,1,Pärnu maakond,1,Jalakäijaõnnetus,Valge aeg
2013-01-25 14:50:00,2,0,4,Pärnu maakond,0,Kokkupõrge,Valge aeg
2013-01-26 12:00:00,1,0,1,Rapla maakond,1,Jalakäijaõnnetus,Valge aeg
2013-01-30 14:34:00,1,0,1,Saare maakond,0,Ühesõidukiõnnetus,Valge aeg
2013-01-30 15:30:00,2,0,1,Pärnu maakond,1,Jalakäijaõnnetus,Valge aeg
2013-01-30 16:07:00,1,0,2,Pärnu maakond,0,Ühesõidukiõnnetus,Pimeda aeg
2013-01-30 19:14:00,1,0,1,Järva maakond,0,Ühesõidukiõnnetus,Pimeda aeg
2013-01-31 16:30:00,2,0,1,Pärnu maakond,0,Kokkupõrge,Valge aeg
2013-01-31 21:58:00,3,0,3,Rapla maakond,0,Kokkupõrge,Pimeda aeg
2013-03-02 00:00:00,2,0,1,Rapla maakond,1,Jalakäijaõnnetus,Pimeda aeg
2013-04-02 00:00:00,1,0,1,Pärnu maakond,0,Ühesõidukiõnnetus,Valge aeg
2013-05-02 00:00:00,2,0,1,Pärnu maakond,1,Jalakäijaõnnetus,Valge aeg
2013-08-02 00:00:00,2,0,1,Pärnu maakond,0,Kokkupõrge,Valge aeg
2013-08-02 00:00:00,3,0,1,Rapla maakond,0,Kokkupõrge,Valge aeg
2013-08-02 00:00:00,2,0,3,Saare maakond,0,Kokkupõrge,Pimeda aeg
2013-09-02 00:00:00,1,0,1,Saare maakond,0,Ühesõidukiõnnetus,Pimeda aeg
2013-10-02 00:00:00,1,0,1,Rapla maakond,0,Ühesõidukiõnnetus,Valge aeg
2013-02-20 10:28:00,1,0,2,Pärnu maakond,0,Ühesõidukiõnnetus,Valge aeg
2013-02-22 14:01:00,1,0,1,Pärnu maakond,0,Ühesõidukiõnnetus,Valge aeg
2013-02-26 09:18:00,2,0,1,Rapla maakond,0,Kokkupõrge,Valge aeg
2013-02-26 12:45:00,3,0,2,Rapla maakond,0,Kokkupõrge,Valge aeg
2013-03-16 00:29:00,1,0,1,Lääne maakond,0,Ühesõidukiõnnetus,Pimeda aeg
2013-03-23 10:20:00,2,0,1,Pärnu maakond,1,Jalakäijaõnnetus,Valge aeg
2013-03-24 08:10:00,1,0,2,Saare maakond,0,Ühesõidukiõnnetus,Valge aeg
2013-03-29 03:38:00,1,0,3,Saare maakond,0,Ühesõidukiõnnetus,Pimeda aeg
2013-04-05 00:00:00,2,0,1,Pärnu maakond,0,Kokkupõrge,Valge aeg
2013-05-05 00:00:00,1,0,1,Lääne maakond,0,Ühesõidukiõnnetus,Valge aeg
2013-06-05 00:00:00,1,0,3,Pärnu maakond,0,Ühesõidukiõnnetus,Valge aeg
2013-05-18 13:55:00,2,0,1,Pärnu maakond,0,Kokkupõrge,Valge aeg
2013-05-19 12:02:00,2,0,1,Pärnu maakond,0,Kokkupõrge,Valge aeg
2013-05-22 14:54:00,2,0,1,Saare maakond,0,Kokkupõrge,Valge aeg
2013-06-06 00:00:00,1,0,1,Saare maakond,0,Ühesõidukiõnnetus,Valge aeg
2013-06-15 18:05:00,1,0,1,Pärnu maakond,0,Ühesõidukiõnnetus,Valge aeg
2013-06-16 05:15:00,1,0,1,Pärnu maakond,0,Ühesõidukiõnnetus,Valge aeg
2013-06-23 12:10:00,3,0,1,Saare maakond,0,Kokkupõrge,Valge aeg
2013-05-07 00:00:00,1,0,1,Pärnu maakond,0,Ühesõidukiõnnetus,Pimeda aeg
2013-08-07 00:00:00,1,0,1,Rapla maakond,0,Muu liiklusõnnetus,Valge aeg
2013-10-07 00:00:00,2,0,1,Pärnu maakond,1,Jalakäijaõnnetus,Valge aeg
2013-07-15 18:05:00,2,0,1,Pärnu maakond,0,Kokkupõrge,Valge aeg
2013-07-23 23:15:00,1,0,1,Saare maakond,0,Ühesõidukiõnnetus,Pimeda aeg
2013-07-24 19:49:00,2,0,1,Järva maakond,0,Kokkupõrge,Valge aeg
2013-07-24 22:40:00,2,0,1,Pärnu maakond,0,Kokkupõrge,Pimeda aeg
2013-07-26 20:18:00,2,0,2,Saare maakond,0,Kokkupõrge,Valge aeg
2013-07-29 13:00:00,1,0,1,Lääne maakond,0,Ühesõidukiõnnetus,Valge aeg
2013-07-30 10:30:00,1,0,1,Järva maakond,0,Ühesõidukiõnnetus,Valge aeg
2013-02-08 00:00:00,1,1,0,Pärnu maakond,0,Ühesõidukiõnnetus,Pimeda aeg
2013-03-08 00:00:00,1,0,2,Rapla maakond,0,Ühesõidukiõnnetus,Pimeda aeg
2013-05-08 00:00:00,2,0,1,Pärnu maakond,1,Jalakäijaõnnetus,Valge aeg
2013-09-08 00:00:00,1,0,1,Pärnu maakond,0,Ühesõidukiõnnetus,Valge aeg
2013-09-08 00:00:00,2,0,1,Saare maakond,1,Jalakäijaõnnetus,Valge aeg
2013-08-15 10:12:00,2,0,1,Pärnu maakond,0,Muu liiklusõnnetus,Valge aeg
2013-08-23 09:40:00,2,0,1,Pärnu maakond,1,Jalakäijaõnnetus,Valge aeg
2013-08-25 14:24:00,1,0,2,Pärnu maakond,0,Ühesõidukiõnnetus,Valge aeg
2013-06-09 00:00:00,2,0,1,Pärnu maakond,0,Kokkupõrge,Pimeda aeg
2013-09-14 16:19:00,1,1,0,Pärnu maakond,0,Ühesõidukiõnnetus,Valge aeg
2013-09-28 14:20:00,1,0,1,Pärnu maakond,0,Ühesõidukiõnnetus,Valge aeg
2013-06-10 00:00:00,1,0,1,Lääne maakond,0,Ühesõidukiõnnetus,Valge aeg
2013-10-10 00:00:00,2,0,1,Pärnu maakond,1,Jalakäijaõnnetus,Valge aeg
2013-10-21 11:06:00,2,0,1,Hiiu maakond,0,Kokkupõrge,Valge aeg
2013-10-28 11:38:00,1,0,2,Pärnu maakond,0,Ühesõidukiõnnetus,Valge aeg
2013-10-28 17:53:00,2,0,1,Pärnu maakond,1,Jalakäijaõnnetus,Pimeda aeg
2013-01-11 00:00:00,6,0,1,Järva maakond,0,Kokkupõrge,Pimeda aeg
2013-06-11 00:00:00,2,1,0,Pärnu maakond,1,Jalakäijaõnnetus,Pimeda aeg
2013-11-14 15:15:00,1,0,2,Järva maakond,0,Ühesõidukiõnnetus,Valge aeg
2013-11-22 13:40:00,2,0,2,Pärnu maakond,0,Kokkupõrge,Valge aeg
2013-11-23 06:31:00,1,1,1,Järva maakond,0,Ühesõidukiõnnetus,Pimeda aeg
2013-11-25 16:02:00,1,0,3,Lääne maakond,0,Ühesõidukiõnnetus,Pimeda aeg
2013-04-12 00:00:00,1,0,2,Saare maakond,0,Ühesõidukiõnnetus,Pimeda aeg
2013-11-12 00:00:00,1,0,1,Pärnu maakond,0,Ühesõidukiõnnetus,Pimeda aeg
2013-12-12 00:00:00,1,0,1,Järva maakond,0,Ühesõidukiõnnetus,Pimeda aeg
2013-12-16 18:35:00,2,0,1,Pärnu maakond,0,Kokkupõrge,Pimeda aeg
2013-12-21 02:35:00,1,0,1,Pärnu maakond,0,Ühesõidukiõnnetus,Pimeda aeg
2014-01-17 14:20:00,1,0,1,Saare maakond,0,Ühesõidukiõnnetus,Valge aeg
2014-10-02 00:00:00,2,0,1,Pärnu maakond,1,Jalakäijaõnnetus,Pimeda aeg
2014-11-02 00:00:00,1,0,2,Rapla maakond,0,Ühesõidukiõnnetus,Pimeda aeg
2014-02-16 04:30:00,1,1,0,Järva maakond,0,Ühesõidukiõnnetus,Pimeda aeg
2014-02-25 18:02:00,2,0,1,Järva maakond,0,Kokkupõrge,Pimeda aeg
2014-02-26 05:50:00,3,0,1,Rapla maakond,0,Kokkupõrge,Pimeda aeg
2014-11-03 00:00:00,1,0,1,Pärnu maakond,0,Ühesõidukiõnnetus,Valge aeg
2014-03-20 17:10:00,1,0,1,Lääne maakond,0,Ühesõidukiõnnetus,Valge aeg
2014-03-23 00:14:00,2,0,3,Rapla maakond,0,Kokkupõrge,Pimeda aeg
2014-02-04 00:00:00,1,0,1,Saare maakond,0,Kokkupõrge,Valge aeg
2014-05-04 00:00:00,1,0,1,Pärnu maakond,1,Jalakäijaõnnetus,Valge aeg
2014-04-20 03:53:00,1,0,4,Pärnu maakond,0,Ühesõidukiõnnetus,Pimeda aeg
2014-04-21 10:45:00,2,0,1,Pärnu maakond,1,Jalakäijaõnnetus,Valge aeg
2014-01-05 00:00:00,1,0,1,Rapla maakond,0,Ühesõidukiõnnetus,Valge aeg
2014-06-05 00:00:00,1,0,1,Lääne maakond,0,Ühesõidukiõnnetus,Valge aeg
2014-06-05 00:00:00,1,0,1,Pärnu maakond,0,Ühesõidukiõnnetus,Valge aeg
2014-05-18 05:35:00,0,0,1,Rapla maakond,0,Ühesõidukiõnnetus,Valge aeg
2014-05-27 19:15:00,3,0,1,Pärnu maakond,1,Jalakäijaõnnetus,Valge aeg
2014-05-28 09:52:00,2,0,2,Rapla maakond,0,Kokkupõrge,Valge aeg
2014-04-06 00:00:00,1,0,1,Pärnu maakond,0,Muu liiklusõnnetus,Pimeda aeg
2014-06-06 00:00:00,2,0,1,Saare maakond,0,Kokkupõrge,Valge aeg
2014-07-06 00:00:00,1,0,1,Pärnu maakond,0,Ühesõidukiõnnetus,Valge aeg
2014-10-06 00:00:00,2,0,1,Saare maakond,0,Kokkupõrge,Valge aeg
2014-11-06 00:00:00,2,1,0,Järva maakond,1,Jalakäijaõnnetus,Valge aeg
2014-06-18 09:03:00,2,0,1,Pärnu maakond,0,Kokkupõrge,Valge aeg
2014-06-18 18:23:00,3,0,8,Järva maakond,0,Kokkupõrge,Valge aeg
2014-06-20 01:18:00,1,0,1,Saare maakond,0,Ühesõidukiõnnetus,Pimeda aeg
2014-06-22 18:30:00,2,0,1,Saare maakond,0,Kokkupõrge,Valge aeg
2014-06-23 12:18:00,2,0,3,Saare maakond,0,Kokkupõrge,Valge aeg
2014-06-23 17:50:00,1,0,1,Pärnu maakond,0,Ühesõidukiõnnetus,Valge aeg
2014-06-24 05:49:00,1,0,1,Pärnu maakond,0,Ühesõidukiõnnetus,Valge aeg
2014-05-07 00:00:00,1,0,1,Saare maakond,0,Ühesõidukiõnnetus,Valge aeg
2014-10-07 00:00:00,2,0,1,Pärnu maakond,0,Kokkupõrge,Valge aeg
2014-11-07 00:00:00,1,1,0,Rapla maakond,0,Ühesõidukiõnnetus,Valge aeg
2014-11-07 00:00:00,2,0,1,Pärnu maakond,1,Jalakäijaõnnetus,Valge aeg
2014-12-07 00:00:00,2,0,2,Pärnu maakond,0,Ühesõidukiõnnetus,Valge aeg
2014-12-07 00:00:00,1,0,1,Saare maakond,0,Muu liiklusõnnetus,Valge aeg
2014-07-15 17:20:00,1,1,0,Hiiu maakond,1,Jalakäijaõnnetus,Valge aeg
2014-07-22 00:40:00,2,0,2,Pärnu maakond,0,Muu liiklusõnnetus,Pimeda aeg
2014-07-22 16:10:00,1,0,1,Pärnu maakond,0,Ühesõidukiõnnetus,Valge aeg
2014-07-26 22:30:00,1,1,0,Rapla maakond,0,Ühesõidukiõnnetus,Pimeda aeg
2014-07-27 13:13:00,2,0,1,Pärnu maakond,1,Jalakäijaõnnetus,Valge aeg
2014-07-31 10:00:00,2,0,1,Pärnu maakond,0,Kokkupõrge,Valge aeg
2014-02-08 00:00:00,1,0,1,Pärnu maakond,0,Ühesõidukiõnnetus,Pimeda aeg
2014-03-08 00:00:00,1,0,1,Pärnu maakond,0,Ühesõidukiõnnetus,Pimeda aeg
2014-06-08 00:00:00,1,0,1,Saare maakond,0,Ühesõidukiõnnetus,Valge aeg
2014-06-08 00:00:00,1,0,1,Pärnu maakond,0,Ühesõidukiõnnetus,Valge aeg
2014-06-08 00:00:00,2,1,0,Järva maakond,0,Kokkupõrge,Valge aeg
2014-08-08 00:00:00,1,0,1,Saare maakond,0,Ühesõidukiõnnetus,Valge aeg
2014-09-08 00:00:00,3,0,2,Saare maakond,0,Kokkupõrge,Valge aeg
2014-10-08 00:00:00,1,0,3,Lääne maakond,0,Ühesõidukiõnnetus,Valge aeg
2014-08-14 08:20:00,1,1,0,Pärnu maakond,0,Ühesõidukiõnnetus,Valge aeg
2014-08-16 11:35:00,1,0,1,Rapla maakond,0,Ühesõidukiõnnetus,Valge aeg
2014-08-16 15:00:00,1,0,1,Pärnu maakond,0,Ühesõidukiõnnetus,Valge aeg
2014-08-17 16:45:00,1,0,1,Pärnu maakond,0,Kokkupõrge,Valge aeg
2014-08-18 12:17:00,1,0,3,Pärnu maakond,0,Ühesõidukiõnnetus,Valge aeg
2014-08-21 02:25:00,1,0,1,Pärnu maakond,0,Ühesõidukiõnnetus,Pimeda aeg
2014-08-23 06:00:00,1,0,1,Pärnu maakond,0,Ühesõidukiõnnetus,Valge aeg