date,persons_involved,killed,injured,county,pedestrian_involved,accident_type,light_conditions
2014-08-24 17:28:00,2,0,2,Pärnu maakond,0,Kokkupõrge,Valge aeg
2014-08-31 08:25:00,2,0,1,Pärnu maakond,0,Kokkupõrge,Valge aeg
2014-06-09 00:00:00,1,1,0,Saare maakond,0,Ühesõidukiõnnetus,Valge aeg
2014-09-13 08:34:00,1,0,1,Lääne maakond,0,Kokkupõrge,Valge aeg
2014-09-13 22:45:00,1,0,1,Lääne maakond,0,Muu liiklusõnnetus,Pimeda aeg
2014-09-17 18:35:00,1,0,1,Pärnu maakond,0,Ühesõidukiõnnetus,Valge aeg
2014-09-18 00:03:00,1,0,1,Pärnu maakond,0,Ühesõidukiõnnetus,Pimeda aeg
2014-09-27 23:13:00,1,1,0,Pärnu maakond,0,Ühesõidukiõnnetus,Pimeda aeg
2014-09-30 17:55:00,2,0,1,Pärnu maakond,0,Kokkupõrge,Valge aeg
2011-09-16 21:30:00,2,0,1,Järva maakond,0,Kokkupõrge,Pimeda aeg
2012-08-01 00:00:00,1,0,3,Järva maakond,0,Ühesõidukiõnnetus,Valge aeg
2012-01-22 22:45:00,1,0,1,Järva maakond,0,Ühesõidukiõnnetus,Pimeda aeg
2012-11-17 15:15:00,2,0,1,Järva maakond,0,Muu liiklusõnnetus,Valge aeg
2013-01-04 00:00:00,0,0,1,Järva maakond,0,Ühesõidukiõnnetus,Valge aeg
2013-12-12 00:00:00,1,0,1,Järva maakond,0,Ühesõidukiõnnetus,Valge aeg
2013-09-27 03:40:00,2,0,1,Järva maakond,1,Jalakäijaõnnetus,Pimeda aeg
2014-02-25 07:58:00,2,0,1,Järva maakond,1,Jalakäijaõnnetus,Valge aeg
2014-06-29 09:50:00,1,0,1,Järva maakond,0,Ühesõidukiõnnetus,Valge aeg
2014-07-29 17:00:00,1,0,1,Järva maakond,0,Kokkupõrge,Valge aeg
2014-03-08 00:00:00,1,0,1,Järva maakond,0,Muu liiklusõnnetus,Valge aeg
2014-11-15 15:00:00,1,0,1,Järva maakond,0,Kokkupõrge,Valge aeg
2015-01-30 07:00:00,1,0,1,Järva maakond,0,Ühesõidukiõnnetus,Pimeda aeg
2015-06-13 16:00:00,1,0,1,Järva maakond,0,Ühesõidukiõnnetus,Valge aeg
2015-07-16 20:20:00,3,0,3,Järva maakond,1,Jalakäijaõnnetus,Valge aeg
2016-12-02 00:00:00,2,0,1,Järva maakond,1,Jalakäijaõnnetus,Valge aeg
2016-04-13 14:30:00,3,0,1,Järva maakond,0,Kokkupõrge,Valge aeg
2016-06-13 19:30:00,1,0,1,Järva maakond,0,Kokkupõrge,Valge aeg
2016-02-11 00:00:00,2,0,1,Järva maakond,0,Ühesõidukiõnnetus,Valge aeg
2017-07-03 00:00:00,3,0,3,Järva maakond,0,Ühesõidukiõnnetus,Valge aeg
2017-03-07 00:00:00,2,0,1,Järva maakond,0,Kokkupõrge,Valge aeg
2017-10-20 12:45:00,1,0,1,Järva maakond,0,Ühesõidukiõnnetus,Valge aeg
2018-05-01 00:00:00,1,0,1,Järva maakond,0,Ühesõidukiõnnetus,Pimeda aeg
2018-08-07 00:00:00,2,0,1,Järva maakond,0,Ühesõidukiõnnetus,Valge aeg
2018-07-24 13:38:00,2,0,1,Järva maakond,0,Kokkupõrge,Valge aeg
2018-08-19 04:00:00,5,0,4,Järva maakond,0,Ühesõidukiõnnetus,Pimeda aeg
2018-11-08 00:00:00,2,0,1,Järva maakond,1,Jalakäijaõnnetus,Valge aeg
2019-07-25 19:00:00,1,0,1,Järva maakond,0,Ühesõidukiõnnetus,Valge aeg
2019-08-18 14:30:00,1,0,1,Järva maakond,0,Ühesõidukiõnnetus,Valge aeg
2019-08-12 00:00:00,2,0,1,Järva maakond,1,Jalakäijaõnnetus,Valge aeg
2020-07-30 09:55:00,2,0,1,Järva maakond,0,Kokkupõrge,Valge aeg
2021-12-06 00:00:00,2,0,1,Järva maakond,1,Jalakäijaõnnetus,Valge aeg
2011-12-06 00:00:00,1,0,1,Pärnu maakond,0,Ühesõidukiõnnetus,Valge aeg
2012-09-17 14:40:00,2,0,1,Lääne maakond,0,Muu liiklusõnnetus,Valge aeg
2013-10-10 00:00:00,2,0,1,Lääne maakond,1,Jalakäijaõnnetus,Valge aeg
2014-06-02 00:00:00,1,0,1,Lääne maakond,1,Muu liiklusõnnetus,Pimeda aeg
2014-06-04 00:00:00,2,0,1,Lääne maakond,0,Muu liiklusõnnetus,Valge aeg
2014-05-13 07:30:00,2,0,1,Lääne maakond,0,Kokkupõrge,Valge aeg
2014-05-20 11:15:00,2,0,1,Lääne maakond,1,Jalakäijaõnnetus,Valge aeg
2014-04-07 00:00:00,1,0,1,Lääne maakond,0,Ühesõidukiõnnetus,Pimeda aeg
2014-02-08 00:00:00,2,0,1,Lääne maakond,0,Kokkupõrge,Valge aeg
2014-07-27 05:00:00,2,0,1,Rapla maakond,0,Ühesõidukiõnnetus,Valge aeg
2014-11-21 21:30:00,2,0,1,Lääne maakond,0,Ühesõidukiõnnetus,Pimeda aeg
2017-05-01 00:00:00,2,0,1,Lääne maakond,1,Jalakäijaõnnetus,Valge aeg
2011-05-03 00:00:00,2,0,2,Lääne-Viru maakond,0,Kokkupõrge,Valge aeg
2011-05-12 00:00:00,3,0,2,Lääne-Viru maakond,0,Kokkupõrge,Pimeda aeg
2013-07-24 11:30:00,1,0,1,Lääne-Viru maakond,1,Jalakäijaõnnetus,Valge aeg
2014-06-23 20:15:00,1,0,2,Lääne-Viru maakond,0,Ühesõidukiõnnetus,Valge aeg
2014-06-29 17:00:00,1,0,1,Lääne-Viru maakond,0,Kokkupõrge,Valge aeg
2016-05-09 00:00:00,1,0,1,Lääne-Viru maakond,0,Ühesõidukiõnnetus,Valge aeg
2018-05-22 21:00:00,1,0,1,Lääne-Viru maakond,0,Ühesõidukiõnnetus,Valge aeg
2020-10-30 00:00:00,2,0,1,Lääne-Viru maakond,1,Jalakäijaõnnetus,Pimeda aeg
2021-09-06 00:00:00,2,0,1,Lääne-Viru maakond,0,Ühesõidukiõnnetus,Valge aeg
2021-04-09 00:00:00,2,0,1,Lääne-Viru maakond,0,Ühesõidukiõnnetus,Valge aeg
2014-10-18 12:30:00,1,0,1,Võru maakond,0,Ühesõidukiõnnetus,Valge aeg
2014-10-28 10:10:00,1,0,1,Valga maakond,0,Ühesõidukiõnnetus,Valge aeg
2014-08-12 00:00:00,2,0,1,Tartu maakond,1,Jalakäijaõnnetus,Pimeda aeg
2014-12-24 15:25:00,1,0,2,Valga maakond,0,Ühesõidukiõnnetus,Valge aeg
2015-05-01 00:00:00,2,0,1,Jõgeva maakond,0,Kokkupõrge,Pimeda aeg
2015-04-20 17:30:00,2,0,1,Tartu maakond,0,Kokkupõrge,Valge aeg
2015-04-29 20:00:00,2,0,1,Tartu maakond,0,Kokkupõrge,Valge aeg
2015-05-05 00:00:00,3,0,2,Tartu maakond,0,Ühesõidukiõnnetus,Pimeda aeg
2015-05-31 03:00:00,2,0,1,Valga maakond,1,Jalakäijaõnnetus,Pimeda aeg
2015-07-15 11:55:00,2,0,1,Võru maakond,0,Kokkupõrge,Valge aeg
2015-01-10 00:00:00,2,0,1,Tartu maakond,1,Jalakäijaõnnetus,Valge aeg
2015-02-12 00:00:00,1,0,1,Viljandi maakond,0,Ühesõidukiõnnetus,Valge aeg
2016-04-16 19:48:00,2,0,1,Tartu maakond,0,Muu liiklusõnnetus,Valge aeg
2016-07-05 00:00:00,1,0,1,Valga maakond,0,Ühesõidukiõnnetus,Pimeda aeg
2016-05-22 02:47:00,2,0,2,Viljandi maakond,0,Ühesõidukiõnnetus,Pimeda aeg
2016-08-14 14:00:00,2,0,1,Põlva maakond,0,Kokkupõrge,Valge aeg
2016-09-17 19:01:00,2,0,1,Viljandi maakond,0,Kokkupõrge,Valge aeg
2017-03-01 00:00:00,2,0,1,Põlva maakond,0,Ühesõidukiõnnetus,Valge aeg
2017-04-02 00:00:00,1,0,1,Põlva maakond,0,Ühesõidukiõnnetus,Pimeda aeg
2017-11-02 00:00:00,1,0,1,Tartu maakond,0,Ühesõidukiõnnetus,Pimeda aeg
2017-02-26 12:14:00,2,0,1,Jõgeva maakond,0,Kokkupõrge,Valge aeg
2017-02-09 00:00:00,4,0,2,Tartu maakond,0,Kokkupõrge,Valge aeg
2017-09-28 13:58:00,2,0,1,Põlva maakond,0,Ühesõidukiõnnetus,Valge aeg
2017-07-12 00:00:00,2,0,1,Võru maakond,0,Kokkupõrge,Pimeda aeg
2018-09-18 21:55:00,2,0,1,Viljandi maakond,1,Jalakäijaõnnetus,Pimeda aeg
2018-02-12 00:00:00,2,0,1,Valga maakond,0,Kokkupõrge,Valge aeg
2018-08-12 00:00:00,2,0,1,Valga maakond,1,Jalakäijaõnnetus,Pimeda aeg
2019-07-07 00:00:00,4,0,1,Jõgeva maakond,0,Kokkupõrge,Valge aeg
2019-10-28 10:28:00,4,0,2,Tartu maakond,0,Kokkupõrge,Valge aeg
2019-11-29 08:35:00,2,0,1,Võru maakond,1,Jalakäijaõnnetus,Pimeda aeg
2020-09-29 16:55:00,2,0,1,Lääne-Viru maakond,0,Kokkupõrge,Valge aeg
2020-11-24 07:50:00,1,0,1,Valga maakond,0,Ühesõidukiõnnetus,Pimeda aeg
2020-09-12 00:00:00,2,0,1,Valga maakond,0,Ühesõidukiõnnetus,Pimeda aeg
2020-12-20 12:52:00,1,0,1,Ida-Viru maakond,0,Ühesõidukiõnnetus,Valge aeg
2021-01-01 02:04:00,1,0,1,Jõgeva maakond,0,Ühesõidukiõnnetus,Pimeda aeg
2021-02-18 12:00:00,1,0,1,Valga maakond,0,Ühesõidukiõnnetus,Valge aeg
2021-02-19 15:55:00,2,0,1,Põlva maakond,0,Kokkupõrge,Valge aeg
2011-05-03 00:00:00,2,0,1,Tartu maakond,1,Jalakäijaõnnetus,Pimeda aeg
2011-05-05 00:00:00,2,0,1,Tartu maakond,1,Jalakäijaõnnetus,Valge aeg
2011-11-05 00:00:00,2,0,2,Tartu maakond,1,Jalakäijaõnnetus,Valge aeg
2011-05-19 21:29:00,2,0,1,Tartu maakond,1,Muu liiklusõnnetus,Valge aeg
2011-12-05 00:00:00,2,0,1,Tartu maakond,0,Kokkupõrge,Valge aeg
2011-09-05 00:00:00,2,0,1,Tartu maakond,1,Jalakäijaõnnetus,Valge aeg
2011-04-08 00:00:00,2,0,1,Tartu maakond,0,Kokkupõrge,Valge aeg
2011-08-20 21:30:00,1,0,1,Tartu maakond,0,Ühesõidukiõnnetus,Valge aeg
2011-02-09 00:00:00,1,1,0,Tartu maakond,0,Ühesõidukiõnnetus,Pimeda aeg
2011-12-10 00:00:00,2,0,3,Jõgeva maakond,0,Kokkupõrge,Valge aeg
2011-12-10 00:00:00,2,0,1,Tartu maakond,0,Kokkupõrge,Valge aeg
2011-10-13 15:10:00,2,0,1,Võru maakond,1,Jalakäijaõnnetus,Valge aeg
2011-10-14 09:24:00,2,0,3,Võru maakond,0,Kokkupõrge,Valge aeg
2011-10-15 00:56:00,1,0,1,Tartu maakond,0,Kokkupõrge,Pimeda aeg
2011-10-15 21:22:00,1,0,1,Tartu maakond,0,Ühesõidukiõnnetus,Pimeda aeg
2011-10-15 23:30:00,1,0,2,Viljandi maakond,0,Ühesõidukiõnnetus,Pimeda aeg
2011-10-17 22:49:00,1,0,1,Tartu maakond,0,Ühesõidukiõnnetus,Pimeda aeg
2011-10-18 18:54:00,2,0,1,Tartu maakond,1,Jalakäijaõnnetus,Pimeda aeg
2011-10-19 19:15:00,2,0,1,Tartu maakond,1,Jalakäijaõnnetus,Pimeda aeg
2011-10-21 17:01:00,1,0,2,Põlva maakond,0,Ühesõidukiõnnetus,Valge aeg
2011-10-23 11:53:00,2,0,3,Tartu maakond,0,Kokkupõrge,Valge aeg
2011-10-24 13:41:00,2,0,1,Tartu maakond,1,Jalakäijaõnnetus,Valge aeg
2011-10-24 23:39:00,1,1,0,Põlva maakond,0,Ühesõidukiõnnetus,Pimeda aeg
2011-10-25 10:19:00,2,0,1,Jõgeva maakond,0,Kokkupõrge,Valge aeg
2011-10-25 23:10:00,1,0,1,Viljandi maakond,0,Ühesõidukiõnnetus,Pimeda aeg
2011-10-27 13:24:00,2,0,1,Tartu maakond,0,Kokkupõrge,Valge aeg
2011-10-27 14:07:00,2,0,1,Tartu maakond,0,Kokkupõrge,Valge aeg
2011-10-18 19:15:00,1,0,1,Tartu maakond,0,Kokkupõrge,Pimeda aeg
2011-10-30 03:16:00,1,0,1,Jõgeva maakond,0,Ühesõidukiõnnetus,Pimeda aeg
2011-10-24 13:00:00,1,0,1,Tartu maakond,0,Kokkupõrge,Valge aeg
2011-02-11 00:00:00,2,0,1,Tartu maakond,0,Kokkupõrge,Valge aeg
2011-04-11 00:00:00,1,0,1,Tartu maakond,0,Ühesõidukiõnnetus,Valge aeg
2011-04-11 00:00:00,2,0,2,Tartu maakond,0,Kokkupõrge,Pimeda aeg
2011-05-11 00:00:00,1,0,3,Võru maakond,0,Ühesõidukiõnnetus,Valge aeg
2011-06-11 00:00:00,1,1,0,Tartu maakond,0,Ühesõidukiõnnetus,Pimeda aeg
2011-06-11 00:00:00,2,0,3,Põlva maakond,0,Muu liiklusõnnetus,Valge aeg
2011-10-23 23:00:00,1,0,1,Tartu maakond,0,Ühesõidukiõnnetus,Pimeda aeg
2011-11-11 00:00:00,1,0,1,Tartu maakond,0,Ühesõidukiõnnetus,Pimeda aeg
2011-12-11 00:00:00,1,0,1,Tartu maakond,1,Jalakäijaõnnetus,Pimeda aeg
2011-11-14 18:44:00,2,0,1,Tartu maakond,1,Jalakäijaõnnetus,Pimeda aeg
2011-11-16 15:12:00,2,0,1,Tartu maakond,0,Kokkupõrge,Valge aeg
2011-11-16 19:38:00,3,0,1,Võru maakond,1,Kokkupõrge,Pimeda aeg
2011-11-17 19:14:00,2,0,1,Valga maakond,1,Jalakäijaõnnetus,Pimeda aeg
2011-11-18 18:43:00,2,0,3,Tartu maakond,0,Kokkupõrge,Pimeda aeg
2011-11-19 12:12:00,1,0,1,Tartu maakond,0,Ühesõidukiõnnetus,Valge aeg
2011-11-19 12:58:00,2,0,2,Tartu maakond,0,Kokkupõrge,Valge aeg
2011-11-19 14:49:00,2,0,1,Tartu maakond,0,Kokkupõrge,Valge aeg
2011-11-19 23:46:00,1,0,1,Viljandi maakond,0,Ühesõidukiõnnetus,Pimeda aeg
2011-11-20 17:00:00,1,1,0,Põlva maakond,0,Ühesõidukiõnnetus,Pimeda aeg
2011-11-21 16:49:00,2,0,1,Tartu maakond,1,Jalakäijaõnnetus,Pimeda aeg
2011-11-25 11:56:00,1,0,1,Valga maakond,0,Ühesõidukiõnnetus,Valge aeg
2011-11-26 20:47:00,1,0,1,Jõgeva maakond,0,Ühesõidukiõnnetus,Pimeda aeg
2011-11-28 17:50:00,2,0,1,Võru maakond,0,Kokkupõrge,Pimeda aeg
2011-11-29 08:08:00,2,0,1,Tartu maakond,1,Jalakäijaõnnetus,Pimeda aeg
2011-11-29 13:13:00,1,0,1,Tartu maakond,0,Ühesõidukiõnnetus,Valge aeg
2011-11-29 20:59:00,1,0,1,Viljandi maakond,0,Ühesõidukiõnnetus,Pimeda aeg
2011-11-30 16:45:00,2,0,1,Jõgeva maakond,0,Muu liiklusõnnetus,Pimeda aeg
2011-01-12 00:00:00,2,0,1,Tartu maakond,1,Jalakäijaõnnetus,Valge aeg
2011-03-12 00:00:00,1,0,3,Viljandi maakond,0,Ühesõidukiõnnetus,Pimeda aeg
2011-03-12 00:00:00,2,0,1,Põlva maakond,0,Kokkupõrge,Valge aeg
2011-05-12 00:00:00,2,0,1,Tartu maakond,1,Jalakäijaõnnetus,Pimeda aeg
2011-06-12 00:00:00,2,0,1,Viljandi maakond,1,Jalakäijaõnnetus,Pimeda aeg
2011-06-12 00:00:00,2,1,0,Tartu maakond,0,Kokkupõrge,Valge aeg
2011-06-12 00:00:00,2,0,1,Tartu maakond,1,Jalakäijaõnnetus,Pimeda aeg
2011-07-12 00:00:00,2,0,1,Tartu maakond,0,Kokkupõrge,Pimeda aeg
2011-07-12 00:00:00,2,0,1,Viljandi maakond,0,Kokkupõrge,Pimeda aeg
2011-07-12 00:00:00,2,0,2,Tartu maakond,0,Kokkupõrge,Pimeda aeg
2011-01-12 00:00:00,0,0,1,Tartu maakond,0,Ühesõidukiõnnetus,Pimeda aeg
2011-09-12 00:00:00,2,0,1,Tartu maakond,1,Jalakäijaõnnetus,Valge aeg
2011-09-12 00:00:00,2,0,2,Põlva maakond,0,Kokkupõrge,Pimeda aeg
2011-09-12 00:00:00,3,0,2,Tartu maakond,1,Ühesõidukiõnnetus,Pimeda aeg
2011-10-12 00:00:00,1,0,1,Tartu maakond,0,Kokkupõrge,Pimeda aeg
2011-10-12 00:00:00,3,0,3,Tartu maakond,0,Kokkupõrge,Valge aeg
2011-12-13 20:15:00,2,0,3,Võru maakond,0,Kokkupõrge,Pimeda aeg
2011-02-12 00:00:00,2,0,1,Tartu maakond,1,Jalakäijaõnnetus,Valge aeg
2011-12-16 17:04:00,2,0,1,Viljandi maakond,0,Kokkupõrge,Pimeda aeg
2011-12-18 18:23:00,2,0,1,Tartu maakond,1,Jalakäijaõnnetus,Pimeda aeg
2011-12-19 15:26:00,2,0,1,Tartu maakond,1,Jalakäijaõnnetus,Valge aeg
2011-12-19 18:10:00,2,0,1,Tartu maakond,1,Jalakäijaõnnetus,Pimeda aeg
2011-12-19 19:20:00,1,0,1,Jõgeva maakond,1,Jalakäijaõnnetus,Pimeda aeg
2011-12-19 20:37:00,1,0,1,Tartu maakond,0,Ühesõidukiõnnetus,Pimeda aeg
2011-12-20 16:43:00,2,3,1,Jõgeva maakond,0,Kokkupõrge,Pimeda aeg
2011-12-20 16:58:00,2,1,0,Tartu maakond,0,Kokkupõrge,Pimeda aeg
2011-12-20 17:42:00,2,0,1,Tartu maakond,1,Jalakäijaõnnetus,Pimeda aeg
2011-11-12 00:00:00,1,0,1,Tartu maakond,0,Kokkupõrge,Valge aeg
2011-12-21 12:55:00,1,0,1,Tartu maakond,0,Kokkupõrge,Valge aeg
2011-12-13 07:30:00,1,0,1,Tartu maakond,1,Jalakäijaõnnetus,Pimeda aeg
2011-12-24 13:11:00,1,0,1,Tartu maakond,0,Ühesõidukiõnnetus,Valge aeg
2011-12-24 23:17:00,2,1,1,Tartu maakond,1,Jalakäijaõnnetus,Pimeda aeg
2011-12-25 16:20:00,2,0,1,Tartu maakond,1,Jalakäijaõnnetus,Pimeda aeg
2011-12-25 17:07:00,2,0,1,Tartu maakond,0,Kokkupõrge,Pimeda aeg
2011-12-25 20:01:00,2,1,0,Põlva maakond,1,Jalakäijaõnnetus,Pimeda aeg
2011-12-17 15:50:00,1,0,1,Tartu maakond,0,Kokkupõrge,Valge aeg
2011-12-28 19:33:00,2,0,1,Jõgeva maakond,0,Kokkupõrge,Pimeda aeg
2011-11-26 15:40:00,1,0,1,Tartu maakond,0,Kokkupõrge,Valge aeg
2011-12-31 05:25:00,2,0,1,Tartu maakond,0,Muu liiklusõnnetus,Pimeda aeg
2012-01-01 01:55:00,1,0,1,Valga maakond,0,Ühesõidukiõnnetus,Pimeda aeg
2012-02-01 00:00:00,2,0,2,Valga maakond,0,Kokkupõrge,Valge aeg
2012-04-01 00:00:00,1,0,1,Tartu maakond,0,Kokkupõrge,Valge aeg
2012-05-01 00:00:00,2,0,1,Valga maakond,0,Kokkupõrge,Valge aeg
2012-06-01 00:00:00,2,0,1,Tartu maakond,0,Kokkupõrge,Pimeda aeg
2012-08-01 00:00:00,1,0,1,Põlva maakond,0,Ühesõidukiõnnetus,Valge aeg
2012-09-01 00:00:00,1,1,0,Tartu maakond,0,Ühesõidukiõnnetus,Valge aeg
2012-10-01 00:00:00,1,0,1,Tartu maakond,1,Jalakäijaõnnetus,Pimeda aeg
2012-11-01 00:00:00,2,0,2,Valga maakond,0,Kokkupõrge,Valge aeg
2012-11-01 00:00:00,1,0,1,Põlva maakond,0,Ühesõidukiõnnetus,Valge aeg
2012-11-01 00:00:00,3,0,1,Viljandi maakond,0,Ühesõidukiõnnetus,Pimeda aeg
2012-11-01 00:00:00,1,0,1,Tartu maakond,0,Ühesõidukiõnnetus,Pimeda aeg
2012-12-01 00:00:00,2,0,2,Tartu maakond,0,Kokkupõrge,Pimeda aeg
2012-01-13 09:10:00,1,0,1,Tartu maakond,0,Kokkupõrge,Valge aeg
2012-01-13 18:46:00,2,1,2,Tartu maakond,0,Kokkupõrge,Pimeda aeg
2012-01-14 14:50:00,1,0,1,Jõgeva maakond,0,Ühesõidukiõnnetus,Valge aeg
2012-01-16 12:35:00,2,0,1,Viljandi maakond,0,Kokkupõrge,Valge aeg
2012-01-18 07:47:00,2,0,1,Tartu maakond,1,Jalakäijaõnnetus,Pimeda aeg
2012-03-01 00:00:00,1,0,1,Tartu maakond,1,Jalakäijaõnnetus,Valge aeg
2012-01-20 10:02:00,2,1,5,Jõgeva maakond,0,Kokkupõrge,Valge aeg
2012-01-23 16:42:00,2,0,1,Tartu maakond,1,Jalakäijaõnnetus,Pimeda aeg
2012-01-23 17:20:00,2,0,1,Põlva maakond,1,Jalakäijaõnnetus,Pimeda aeg
2012-01-25 08:51:00,2,0,1,Tartu maakond,1,Jalakäijaõnnetus,Valge aeg
2012-01-25 11:52:00,2,0,1,Viljandi maakond,1,Jalakäijaõnnetus,Valge aeg
2012-01-25 17:10:00,1,0,1,Tartu maakond,1,Jalakäijaõnnetus,Pimeda aeg
2012-01-30 15:35:00,2,0,1,Võru maakond,0,Kokkupõrge,Valge aeg
2012-01-31 07:32:00,2,0,1,Tartu maakond,1,Jalakäijaõnnetus,Valge aeg
2012-01-02 00:00:00,2,0,1,Viljandi maakond,1,Jalakäijaõnnetus,Valge aeg
2012-01-17 15:45:00,1,0,1,Tartu maakond,1,Jalakäijaõnnetus,Valge aeg
2012-05-02 00:00:00,2,0,1,Tartu maakond,0,Kokkupõrge,Pimeda aeg
2012-05-02 00:00:00,1,0,1,Tartu maakond,0,Kokkupõrge,Valge aeg
2012-07-02 00:00:00,2,0,1,Tartu maakond,1,Jalakäijaõnnetus,Valge aeg
2012-08-02 00:00:00,2,0,2,Viljandi maakond,0,Kokkupõrge,Valge aeg
2012-09-02 00:00:00,2,2,0,Jõgeva maakond,0,Kokkupõrge,Valge aeg
2012-10-02 00:00:00,2,1,0,Tartu maakond,1,Jalakäijaõnnetus,Pimeda aeg
2012-11-02 00:00:00,1,0,1,Viljandi maakond,0,Ühesõidukiõnnetus,Valge aeg
2012-04-02 00:00:00,1,0,1,Tartu maakond,1,Jalakäijaõnnetus,Valge aeg
2012-02-16 00:05:00,0,0,1,Tartu maakond,0,Kokkupõrge,Pimeda aeg
2012-02-18 16:45:00,1,0,1,Tartu maakond,0,Kokkupõrge,Valge aeg
2012-02-21 15:22:00,1,0,1,Põlva maakond,0,Ühesõidukiõnnetus,Valge aeg
2012-02-21 16:40:00,2,0,1,Jõgeva maakond,1,Jalakäijaõnnetus,Valge aeg
2012-02-22 22:15:00,2,0,3,Viljandi maakond,0,Kokkupõrge,Pimeda aeg
2012-02-23 07:50:00,3,0,2,Võru maakond,1,Kokkupõrge,Valge aeg
2012-02-27 00:30:00,1,0,1,Põlva maakond,0,Ühesõidukiõnnetus,Pimeda aeg
2012-02-28 16:42:00,2,0,1,Tartu maakond,1,Jalakäijaõnnetus,Valge aeg
2012-01-03 00:00:00,2,0,1,Võru maakond,0,Kokkupõrge,Valge aeg
2012-02-21 07:40:00,1,0,1,Tartu maakond,0,Kokkupõrge,Valge aeg
2012-02-03 00:00:00,1,0,1,Tartu maakond,0,Ühesõidukiõnnetus,Pimeda aeg
2012-03-03 00:00:00,1,0,1,Põlva maakond,0,Ühesõidukiõnnetus,Pimeda aeg
2012-05-03 00:00:00,2,0,1,Viljandi maakond,1,Jalakäijaõnnetus,Valge aeg
2012-06-03 00:00:00,2,0,1,Tartu maakond,1,Jalakäijaõnnetus,Valge aeg
2012-07-03 00:00:00,2,0,1,Tartu maakond,1,Jalakäijaõnnetus,Valge aeg
2012-09-03 00:00:00,1,0,1,Tartu maakond,0,Ühesõidukiõnnetus,Valge aeg
2012-11-03 00:00:00,1,0,1,Viljandi maakond,0,Ühesõidukiõnnetus,Pimeda aeg
2012-12-03 00:00:00,2,1,0,Põlva maakond,1,Jalakäijaõnnetus,Pimeda aeg
2012-03-13 07:30:00,1,0,1,Võru maakond,0,Ühesõidukiõnnetus,Valge aeg
2012-03-19 09:22:00,2,1,0,Tartu maakond,0,Kokkupõrge,Valge aeg
2012-03-20 14:40:00,1,0,1,Võru maakond,0,Muu liiklusõnnetus,Valge aeg
2012-03-22 13:10:00,2,0,1,Viljandi maakond,0,Kokkupõrge,Valge aeg
2012-03-23 11:37:00,1,0,1,Põlva maakond,0,Ühesõidukiõnnetus,Valge aeg
2012-03-23 17:44:00,2,0,1,Viljandi maakond,1,Jalakäijaõnnetus,Valge aeg
2012-03-23 18:32:00,1,0,2,Põlva maakond,0,Muu liiklusõnnetus,Valge aeg
2012-03-24 03:39:00,1,0,2,Valga maakond,0,Ühesõidukiõnnetus,Pimeda aeg
2012-03-24 05:50:00,1,0,1,Jõgeva maakond,0,Ühesõidukiõnnetus,Valge aeg
2012-03-24 05:00:00,1,1,0,Jõgeva maakond,0,Ühesõidukiõnnetus,Pimeda aeg
2012-03-25 05:30:00,1,0,1,Põlva maakond,0,Ühesõidukiõnnetus,Pimeda aeg
2012-03-26 09:00:00,0,0,1,Tartu maakond,0,Kokkupõrge,Valge aeg
2012-03-28 19:45:00,1,0,1,Tartu maakond,0,Kokkupõrge,Pimeda aeg
2012-03-30 06:45:00,2,0,1,Võru maakond,1,Jalakäijaõnnetus,Valge aeg
2012-03-21 10:45:00,1,0,1,Tartu maakond,0,Ühesõidukiõnnetus,Valge aeg
2012-03-30 10:13:00,3,2,0,Tartu maakond,0,Kokkupõrge,Valge aeg
2012-03-30 14:25:00,2,0,1,Tartu maakond,1,Jalakäijaõnnetus,Valge aeg
2012-03-30 18:10:00,1,0,2,Viljandi maakond,0,Ühesõidukiõnnetus,Valge aeg
2012-02-04 00:00:00,2,0,1,Viljandi maakond,0,Kokkupõrge,Valge aeg
2012-05-04 00:00:00,2,0,1,Viljandi maakond,1,Jalakäijaõnnetus,Pimeda aeg
2012-06-04 00:00:00,1,0,1,Põlva maakond,0,Ühesõidukiõnnetus,Pimeda aeg
2012-07-04 00:00:00,1,0,1,Tartu maakond,0,Ühesõidukiõnnetus,Pimeda aeg
2012-08-04 00:00:00,2,0,1,Tartu maakond,0,Kokkupõrge,Valge aeg
2012-08-04 00:00:00,1,0,1,Tartu maakond,0,Ühesõidukiõnnetus,Pimeda aeg
2012-10-04 00:00:00,2,0,3,Tartu maakond,0,Muu liiklusõnnetus,Valge aeg
2012-10-04 00:00:00,2,0,1,Tartu maakond,0,Kokkupõrge,Pimeda aeg
2012-11-04 00:00:00,3,0,1,Jõgeva maakond,0,Kokkupõrge,Valge aeg
2012-04-13 16:43:00,2,0,3,Tartu maakond,0,Kokkupõrge,Valge aeg
2012-04-15 16:14:00,2,0,1,Viljandi maakond,1,Jalakäijaõnnetus,Valge aeg
2012-04-17 21:09:00,2,0,1,Tartu maakond,1,Jalakäijaõnnetus,Pimeda aeg
2012-04-18 08:32:00,1,0,6,Tartu maakond,0,Ühesõidukiõnnetus,Valge aeg
2012-04-19 12:52:00,1,0,1,Tartu maakond,0,Kokkupõrge,Valge aeg