date,persons_involved,killed,injured,county,pedestrian_involved,accident_type,light_conditions
2012-04-21 21:00:00,1,0,3,Võru maakond,0,Ühesõidukiõnnetus,Pimeda aeg
2012-04-22 12:27:00,1,0,1,Tartu maakond,0,Muu liiklusõnnetus,Valge aeg
2012-04-22 19:40:00,1,0,1,Viljandi maakond,0,Ühesõidukiõnnetus,Valge aeg
2012-04-22 20:54:00,1,0,1,Põlva maakond,0,Ühesõidukiõnnetus,Valge aeg
2012-04-23 20:44:00,2,0,1,Tartu maakond,0,Kokkupõrge,Valge aeg
2012-12-04 00:00:00,1,0,1,Tartu maakond,1,Jalakäijaõnnetus,Valge aeg
2012-04-25 07:45:00,1,1,1,Võru maakond,0,Ühesõidukiõnnetus,Valge aeg
2012-04-25 17:09:00,2,0,1,Tartu maakond,0,Kokkupõrge,Valge aeg
2012-04-28 16:19:00,2,0,1,Tartu maakond,0,Kokkupõrge,Valge aeg
2012-04-28 18:10:00,2,0,2,Tartu maakond,0,Kokkupõrge,Valge aeg
2012-01-05 00:00:00,2,0,1,Põlva maakond,0,Kokkupõrge,Valge aeg
2012-01-05 00:00:00,1,0,2,Tartu maakond,0,Ühesõidukiõnnetus,Pimeda aeg
2012-03-05 00:00:00,1,0,1,Jõgeva maakond,0,Ühesõidukiõnnetus,Pimeda aeg
2012-05-05 00:00:00,1,0,1,Tartu maakond,0,Ühesõidukiõnnetus,Valge aeg
2012-07-05 00:00:00,1,0,1,Viljandi maakond,0,Ühesõidukiõnnetus,Valge aeg
2012-07-05 00:00:00,1,0,1,Viljandi maakond,0,Ühesõidukiõnnetus,Valge aeg
2012-07-05 00:00:00,2,0,1,Võru maakond,0,Kokkupõrge,Valge aeg
2012-04-25 10:30:00,0,0,1,Tartu maakond,0,Kokkupõrge,Valge aeg
2012-09-05 00:00:00,1,0,1,Valga maakond,0,Ühesõidukiõnnetus,Valge aeg
2012-10-05 00:00:00,1,0,2,Tartu maakond,0,Ühesõidukiõnnetus,Valge aeg
2012-11-05 00:00:00,1,0,2,Tartu maakond,0,Ühesõidukiõnnetus,Valge aeg
2012-05-14 07:37:00,2,0,1,Valga maakond,0,Kokkupõrge,Valge aeg
2012-05-15 07:31:00,1,0,2,Tartu maakond,0,Muu liiklusõnnetus,Valge aeg
2012-05-17 08:05:00,1,0,1,Tartu maakond,0,Kokkupõrge,Valge aeg
2012-05-17 17:07:00,1,0,1,Tartu maakond,0,Ühesõidukiõnnetus,Valge aeg
2012-04-05 00:00:00,1,0,1,Tartu maakond,1,Jalakäijaõnnetus,Valge aeg
2012-05-18 00:00:00,2,0,1,Tartu maakond,0,Muu liiklusõnnetus,Valge aeg
2012-05-19 20:25:00,2,0,2,Võru maakond,0,Kokkupõrge,Valge aeg
2012-05-19 21:56:00,2,0,1,Põlva maakond,1,Jalakäijaõnnetus,Valge aeg
2012-05-21 18:52:00,2,0,1,Võru maakond,0,Muu liiklusõnnetus,Valge aeg
2012-11-05 00:00:00,1,0,1,Tartu maakond,0,Kokkupõrge,Valge aeg
2012-05-23 10:40:00,2,0,2,Jõgeva maakond,0,Kokkupõrge,Valge aeg
2012-05-24 12:50:00,1,0,1,Tartu maakond,0,Kokkupõrge,Valge aeg
2012-05-25 12:21:00,1,0,1,Tartu maakond,0,Ühesõidukiõnnetus,Valge aeg
2012-05-25 13:57:00,1,0,1,Tartu maakond,0,Kokkupõrge,Valge aeg
2012-05-26 13:08:00,4,0,1,Tartu maakond,0,Kokkupõrge,Valge aeg
2012-05-26 18:36:00,1,0,3,Tartu maakond,0,Ühesõidukiõnnetus,Valge aeg
2012-05-27 13:55:00,2,0,1,Võru maakond,0,Kokkupõrge,Valge aeg
2012-05-28 16:53:00,1,0,1,Tartu maakond,0,Kokkupõrge,Valge aeg
2012-05-30 19:07:00,2,0,1,Tartu maakond,1,Jalakäijaõnnetus,Valge aeg
2012-05-30 23:16:00,2,0,1,Tartu maakond,0,Kokkupõrge,Pimeda aeg
2012-05-31 15:08:00,2,0,6,Tartu maakond,0,Kokkupõrge,Valge aeg
2012-05-24 08:30:00,1,0,2,Tartu maakond,0,Kokkupõrge,Valge aeg
2012-05-24 20:30:00,1,0,1,Tartu maakond,0,Ühesõidukiõnnetus,Valge aeg
2012-04-06 00:00:00,1,0,2,Võru maakond,0,Ühesõidukiõnnetus,Valge aeg
2012-04-06 00:00:00,1,0,4,Tartu maakond,0,Ühesõidukiõnnetus,Valge aeg
2012-05-06 00:00:00,2,0,1,Viljandi maakond,1,Jalakäijaõnnetus,Valge aeg
2012-05-06 00:00:00,2,0,1,Tartu maakond,0,Kokkupõrge,Valge aeg
2012-06-06 00:00:00,2,0,2,Tartu maakond,0,Kokkupõrge,Valge aeg
2012-07-06 00:00:00,2,0,1,Valga maakond,0,Kokkupõrge,Pimeda aeg
2012-07-06 00:00:00,2,0,2,Tartu maakond,1,Ühesõidukiõnnetus,Valge aeg
2012-07-06 00:00:00,1,0,2,Jõgeva maakond,0,Ühesõidukiõnnetus,Valge aeg
2012-07-06 00:00:00,1,0,1,Jõgeva maakond,0,Ühesõidukiõnnetus,Valge aeg
2012-08-06 00:00:00,2,0,1,Jõgeva maakond,0,Kokkupõrge,Valge aeg
2012-09-06 00:00:00,1,0,1,Võru maakond,0,Ühesõidukiõnnetus,Valge aeg
2012-09-06 00:00:00,2,0,1,Tartu maakond,0,Kokkupõrge,Valge aeg
2012-10-06 00:00:00,2,0,3,Tartu maakond,0,Kokkupõrge,Valge aeg
2012-11-06 00:00:00,1,0,1,Võru maakond,0,Ühesõidukiõnnetus,Valge aeg
2012-06-13 08:30:00,1,0,1,Tartu maakond,0,Kokkupõrge,Valge aeg
2012-06-13 12:45:00,1,0,1,Jõgeva maakond,0,Ühesõidukiõnnetus,Valge aeg
2012-05-31 17:00:00,1,0,1,Tartu maakond,0,Kokkupõrge,Valge aeg
2012-06-15 11:06:00,2,0,1,Tartu maakond,0,Kokkupõrge,Valge aeg
2012-06-16 04:23:00,1,0,1,Võru maakond,0,Ühesõidukiõnnetus,Valge aeg
2012-06-16 15:54:00,1,0,1,Põlva maakond,0,Muu liiklusõnnetus,Valge aeg
2012-06-16 21:50:00,1,0,1,Valga maakond,0,Ühesõidukiõnnetus,Valge aeg
2012-06-16 23:20:00,2,0,1,Valga maakond,0,Kokkupõrge,Pimeda aeg
2012-06-17 07:05:00,1,0,1,Valga maakond,0,Ühesõidukiõnnetus,Valge aeg
2012-06-17 20:56:00,1,0,1,Tartu maakond,0,Ühesõidukiõnnetus,Valge aeg
2012-09-06 00:00:00,1,0,1,Tartu maakond,0,Ühesõidukiõnnetus,Pimeda aeg
2012-06-21 14:46:00,1,0,1,Võru maakond,0,Ühesõidukiõnnetus,Valge aeg
2012-06-21 17:18:00,2,0,1,Tartu maakond,1,Jalakäijaõnnetus,Valge aeg
2012-06-22 17:00:00,1,0,1,Tartu maakond,0,Muu liiklusõnnetus,Valge aeg
2012-06-23 12:05:00,1,0,4,Põlva maakond,0,Ühesõidukiõnnetus,Valge aeg
2012-06-24 15:01:00,1,0,1,Võru maakond,0,Ühesõidukiõnnetus,Valge aeg
2012-06-24 21:36:00,1,0,1,Tartu maakond,0,Muu liiklusõnnetus,Valge aeg
2012-06-24 23:30:00,1,0,1,Võru maakond,0,Ühesõidukiõnnetus,Pimeda aeg
2012-06-26 09:40:00,2,0,2,Tartu maakond,0,Kokkupõrge,Valge aeg
2012-06-26 14:50:00,1,0,1,Jõgeva maakond,0,Ühesõidukiõnnetus,Valge aeg
2012-06-20 07:40:00,2,0,1,Tartu maakond,1,Jalakäijaõnnetus,Valge aeg
2012-06-21 07:30:00,2,0,1,Tartu maakond,0,Muu liiklusõnnetus,Valge aeg
2012-06-28 05:39:00,1,0,1,Valga maakond,0,Ühesõidukiõnnetus,Valge aeg
2012-06-30 12:08:00,2,0,2,Põlva maakond,0,Ühesõidukiõnnetus,Valge aeg
2012-06-30 22:29:00,2,0,2,Tartu maakond,0,Kokkupõrge,Valge aeg
2012-06-30 09:00:00,2,0,1,Tartu maakond,1,Jalakäijaõnnetus,Valge aeg
2012-01-07 00:00:00,2,0,1,Põlva maakond,0,Kokkupõrge,Valge aeg
2012-02-07 00:00:00,1,0,1,Tartu maakond,0,Kokkupõrge,Pimeda aeg
2012-02-07 00:00:00,1,0,1,Tartu maakond,0,Kokkupõrge,Valge aeg
2012-06-18 17:25:00,2,0,1,Tartu maakond,1,Jalakäijaõnnetus,Valge aeg
2012-03-07 00:00:00,2,0,3,Tartu maakond,0,Kokkupõrge,Valge aeg
2012-05-07 00:00:00,1,0,1,Tartu maakond,0,Muu liiklusõnnetus,Valge aeg
2012-06-07 00:00:00,1,0,1,Põlva maakond,0,Ühesõidukiõnnetus,Valge aeg
2012-06-16 17:00:00,0,0,1,Tartu maakond,0,Ühesõidukiõnnetus,Valge aeg
2012-08-07 00:00:00,2,0,1,Põlva maakond,0,Kokkupõrge,Valge aeg
2012-08-07 00:00:00,1,0,1,Tartu maakond,0,Ühesõidukiõnnetus,Valge aeg
2012-10-07 00:00:00,1,0,1,Tartu maakond,0,Muu liiklusõnnetus,Valge aeg
2012-06-28 03:00:00,1,0,1,Tartu maakond,1,Muu liiklusõnnetus,Valge aeg
2012-12-07 00:00:00,1,0,1,Viljandi maakond,0,Ühesõidukiõnnetus,Valge aeg
2012-12-07 00:00:00,1,0,2,Viljandi maakond,0,Ühesõidukiõnnetus,Valge aeg
2012-07-07 00:00:00,1,0,1,Tartu maakond,1,Muu liiklusõnnetus,Valge aeg
2012-07-07 00:00:00,1,0,1,Tartu maakond,0,Ühesõidukiõnnetus,Valge aeg
2012-07-13 23:07:00,1,0,1,Põlva maakond,0,Muu liiklusõnnetus,Pimeda aeg
2012-07-14 23:12:00,1,0,1,Valga maakond,0,Ühesõidukiõnnetus,Valge aeg
2012-04-07 00:00:00,1,0,1,Tartu maakond,1,Jalakäijaõnnetus,Valge aeg
2012-09-07 00:00:00,1,0,1,Tartu maakond,0,Muu liiklusõnnetus,Valge aeg
2012-07-16 17:00:00,1,0,1,Viljandi maakond,1,Muu liiklusõnnetus,Valge aeg
2012-07-17 09:03:00,2,0,1,Jõgeva maakond,0,Kokkupõrge,Valge aeg
2012-11-07 00:00:00,1,0,1,Tartu maakond,0,Ühesõidukiõnnetus,Valge aeg
2012-07-18 17:06:00,1,0,1,Tartu maakond,1,Jalakäijaõnnetus,Valge aeg
2012-07-19 03:30:00,1,0,1,Jõgeva maakond,0,Muu liiklusõnnetus,Valge aeg
2012-07-19 16:27:00,1,0,1,Tartu maakond,0,Ühesõidukiõnnetus,Valge aeg
2012-07-20 22:29:00,1,0,1,Põlva maakond,0,Ühesõidukiõnnetus,Pimeda aeg
2012-07-21 00:52:00,2,0,2,Tartu maakond,0,Kokkupõrge,Pimeda aeg
2012-07-21 05:01:00,1,1,0,Valga maakond,0,Ühesõidukiõnnetus,Valge aeg
2012-07-21 17:23:00,1,0,2,Võru maakond,0,Ühesõidukiõnnetus,Valge aeg
2012-07-22 06:30:00,1,0,1,Valga maakond,0,Ühesõidukiõnnetus,Valge aeg
2012-07-22 14:35:00,1,0,1,Tartu maakond,0,Kokkupõrge,Valge aeg
2012-07-23 00:09:00,1,0,1,Jõgeva maakond,0,Ühesõidukiõnnetus,Pimeda aeg
2012-07-23 04:25:00,1,0,1,Võru maakond,0,Ühesõidukiõnnetus,Pimeda aeg
2012-07-23 16:27:00,1,0,1,Tartu maakond,0,Kokkupõrge,Valge aeg
2012-12-07 00:00:00,1,0,1,Tartu maakond,0,Ühesõidukiõnnetus,Pimeda aeg
2012-07-26 13:55:00,2,0,1,Valga maakond,1,Jalakäijaõnnetus,Valge aeg
2012-07-26 14:12:00,2,0,1,Tartu maakond,0,Kokkupõrge,Valge aeg
2012-07-27 21:12:00,2,0,1,Tartu maakond,0,Kokkupõrge,Valge aeg
2012-07-28 15:35:00,2,0,5,Viljandi maakond,0,Kokkupõrge,Valge aeg
2012-07-28 15:57:00,2,0,2,Jõgeva maakond,0,Kokkupõrge,Valge aeg
2012-07-28 19:03:00,2,0,1,Tartu maakond,1,Jalakäijaõnnetus,Valge aeg
2012-07-29 00:00:00,1,0,1,Viljandi maakond,0,Muu liiklusõnnetus,Valge aeg
2012-07-29 06:00:00,1,0,1,Tartu maakond,0,Ühesõidukiõnnetus,Valge aeg
2012-07-28 00:00:00,2,1,0,Viljandi maakond,0,Ühesõidukiõnnetus,Valge aeg
2012-07-29 14:10:00,1,0,1,Põlva maakond,0,Ühesõidukiõnnetus,Valge aeg
2012-07-29 17:44:00,2,0,1,Tartu maakond,0,Kokkupõrge,Valge aeg
2012-07-29 18:55:00,2,0,2,Põlva maakond,0,Muu liiklusõnnetus,Valge aeg
2012-06-25 14:00:00,1,0,1,Tartu maakond,0,Kokkupõrge,Valge aeg
2012-07-31 18:00:00,2,0,1,Tartu maakond,0,Kokkupõrge,Valge aeg
2012-07-31 18:04:00,2,0,1,Tartu maakond,1,Jalakäijaõnnetus,Valge aeg
2012-04-08 00:00:00,1,0,1,Tartu maakond,0,Ühesõidukiõnnetus,Valge aeg
2012-05-08 00:00:00,1,0,1,Võru maakond,0,Ühesõidukiõnnetus,Valge aeg
2012-01-08 00:00:00,1,0,1,Tartu maakond,0,Kokkupõrge,Valge aeg
2012-06-08 00:00:00,2,0,1,Tartu maakond,0,Kokkupõrge,Valge aeg
2012-08-08 00:00:00,2,0,1,Jõgeva maakond,0,Kokkupõrge,Valge aeg
2012-10-08 00:00:00,1,0,1,Tartu maakond,0,Kokkupõrge,Valge aeg
2012-10-08 00:00:00,4,0,3,Viljandi maakond,0,Ühesõidukiõnnetus,Valge aeg
2012-11-08 00:00:00,2,0,1,Võru maakond,1,Jalakäijaõnnetus,Pimeda aeg
2012-11-08 00:00:00,1,0,1,Võru maakond,0,Ühesõidukiõnnetus,Valge aeg
2012-11-08 00:00:00,2,0,1,Põlva maakond,1,Jalakäijaõnnetus,Valge aeg
2012-11-08 00:00:00,1,0,2,Jõgeva maakond,0,Ühesõidukiõnnetus,Valge aeg
2012-12-08 00:00:00,3,0,1,Põlva maakond,0,Kokkupõrge,Valge aeg
2012-08-14 11:30:00,2,0,2,Põlva maakond,0,Kokkupõrge,Valge aeg
2012-08-14 19:20:00,2,0,1,Tartu maakond,0,Kokkupõrge,Valge aeg
2012-08-15 07:30:00,2,0,1,Jõgeva maakond,0,Kokkupõrge,Valge aeg
2012-08-15 16:07:00,1,0,1,Tartu maakond,0,Kokkupõrge,Valge aeg
2012-08-15 23:30:00,1,0,1,Jõgeva maakond,0,Ühesõidukiõnnetus,Pimeda aeg
2012-08-16 14:26:00,2,0,1,Tartu maakond,0,Kokkupõrge,Valge aeg
2012-08-16 19:30:00,2,0,1,Tartu maakond,0,Kokkupõrge,Valge aeg
2012-07-08 00:00:00,1,0,1,Tartu maakond,0,Kokkupõrge,Valge aeg
2012-08-18 14:35:00,2,0,1,Jõgeva maakond,0,Kokkupõrge,Valge aeg
2012-08-19 12:44:00,2,0,1,Tartu maakond,1,Jalakäijaõnnetus,Valge aeg
2012-08-20 03:30:00,1,0,3,Jõgeva maakond,0,Ühesõidukiõnnetus,Pimeda aeg
2012-02-08 00:00:00,1,0,1,Tartu maakond,0,Kokkupõrge,Valge aeg
2012-08-21 20:10:00,1,0,1,Põlva maakond,0,Ühesõidukiõnnetus,Valge aeg
2012-08-21 21:52:00,2,0,2,Tartu maakond,0,Kokkupõrge,Pimeda aeg
2012-08-23 20:00:00,1,0,1,Jõgeva maakond,0,Ühesõidukiõnnetus,Pimeda aeg
2012-08-08 00:00:00,1,0,1,Tartu maakond,0,Muu liiklusõnnetus,Valge aeg
2012-11-08 00:00:00,1,0,1,Tartu maakond,0,Muu liiklusõnnetus,Valge aeg
2012-08-28 15:11:00,2,0,1,Tartu maakond,0,Kokkupõrge,Valge aeg
2012-08-29 10:00:00,2,0,1,Tartu maakond,0,Kokkupõrge,Valge aeg
2012-08-30 06:44:00,2,0,1,Tartu maakond,0,Kokkupõrge,Valge aeg
2012-08-18 21:25:00,1,0,1,Tartu maakond,0,Kokkupõrge,Valge aeg
2012-08-31 09:38:00,2,0,1,Tartu maakond,0,Kokkupõrge,Valge aeg
2012-05-09 00:00:00,2,0,1,Tartu maakond,0,Kokkupõrge,Valge aeg
2012-06-09 00:00:00,2,0,1,Tartu maakond,0,Kokkupõrge,Valge aeg
2012-06-09 00:00:00,1,0,1,Viljandi maakond,0,Muu liiklusõnnetus,Valge aeg
2012-10-08 00:00:00,1,0,1,Tartu maakond,1,Jalakäijaõnnetus,Valge aeg
2012-02-09 00:00:00,1,0,1,Tartu maakond,1,Muu liiklusõnnetus,Valge aeg
2012-09-09 00:00:00,2,0,2,Valga maakond,0,Kokkupõrge,Pimeda aeg
2012-09-09 00:00:00,1,0,1,Põlva maakond,0,Ühesõidukiõnnetus,Pimeda aeg
2012-10-09 00:00:00,2,0,1,Valga maakond,0,Kokkupõrge,Valge aeg
2012-10-09 00:00:00,2,0,1,Valga maakond,0,Kokkupõrge,Valge aeg
2012-12-09 00:00:00,2,0,1,Võru maakond,1,Jalakäijaõnnetus,Valge aeg
2012-09-13 13:05:00,2,0,1,Tartu maakond,0,Kokkupõrge,Valge aeg
2012-09-13 12:30:00,1,0,1,Põlva maakond,0,Ühesõidukiõnnetus,Valge aeg
2012-09-13 23:59:00,2,0,1,Võru maakond,1,Jalakäijaõnnetus,Pimeda aeg
2012-09-14 11:59:00,2,0,1,Tartu maakond,0,Kokkupõrge,Valge aeg
2012-09-14 13:29:00,2,0,1,Tartu maakond,1,Jalakäijaõnnetus,Valge aeg
2012-09-14 14:13:00,1,0,1,Tartu maakond,0,Ühesõidukiõnnetus,Valge aeg
2012-09-14 15:39:00,1,0,1,Tartu maakond,0,Jalakäijaõnnetus,Valge aeg
2012-09-16 20:09:00,2,0,1,Tartu maakond,0,Kokkupõrge,Pimeda aeg
2012-08-30 11:45:00,1,0,1,Tartu maakond,0,Muu liiklusõnnetus,Valge aeg
2012-11-09 00:00:00,1,0,1,Tartu maakond,0,Kokkupõrge,Valge aeg
2012-09-17 17:34:00,1,0,1,Põlva maakond,0,Jalakäijaõnnetus,Valge aeg
2012-09-18 15:04:00,2,0,2,Tartu maakond,0,Kokkupõrge,Valge aeg
2012-09-16 19:45:00,1,0,1,Tartu maakond,0,Ühesõidukiõnnetus,Pimeda aeg
2012-09-19 17:07:00,2,0,1,Tartu maakond,0,Kokkupõrge,Valge aeg
2012-09-20 16:34:00,2,0,4,Tartu maakond,0,Kokkupõrge,Valge aeg
2012-09-20 16:45:00,1,0,1,Põlva maakond,0,Ühesõidukiõnnetus,Valge aeg
2012-09-22 18:11:00,2,0,1,Tartu maakond,0,Kokkupõrge,Valge aeg
2012-09-24 14:31:00,2,0,1,Tartu maakond,0,Kokkupõrge,Valge aeg
2012-09-24 19:30:00,1,0,2,Viljandi maakond,0,Ühesõidukiõnnetus,Pimeda aeg
2012-09-24 21:12:00,2,1,0,Põlva maakond,1,Jalakäijaõnnetus,Pimeda aeg
2012-09-14 18:30:00,1,0,1,Tartu maakond,1,Jalakäijaõnnetus,Valge aeg
2012-09-26 16:53:00,2,0,3,Viljandi maakond,0,Kokkupõrge,Valge aeg
2012-09-26 17:48:00,1,0,1,Valga maakond,0,Ühesõidukiõnnetus,Valge aeg
2012-09-26 21:19:00,2,0,2,Tartu maakond,0,Kokkupõrge,Pimeda aeg
2012-09-16 07:00:00,1,0,1,Tartu maakond,1,Jalakäijaõnnetus,Valge aeg
2012-09-27 19:35:00,3,0,1,Võru maakond,0,Kokkupõrge,Pimeda aeg
2012-09-28 01:13:00,1,0,1,Tartu maakond,0,Ühesõidukiõnnetus,Pimeda aeg
2012-09-28 06:51:00,0,0,1,Tartu maakond,0,Ühesõidukiõnnetus,Valge aeg
2012-09-28 07:50:00,2,0,2,Tartu maakond,0,Kokkupõrge,Valge aeg
2012-09-28 10:20:00,1,0,1,Valga maakond,0,Ühesõidukiõnnetus,Valge aeg
2012-09-28 14:45:00,1,0,1,Võru maakond,0,Ühesõidukiõnnetus,Valge aeg
2012-09-29 07:03:00,1,1,0,Tartu maakond,0,Ühesõidukiõnnetus,Valge aeg
2012-01-10 00:00:00,2,0,1,Viljandi maakond,0,Kokkupõrge,Valge aeg
2012-01-10 00:00:00,1,0,1,Valga maakond,0,Muu liiklusõnnetus,Valge aeg
2012-09-21 18:30:00,0,0,1,Tartu maakond,0,Kokkupõrge,Valge aeg
2012-02-10 00:00:00,1,0,1,Tartu maakond,0,Kokkupõrge,Valge aeg
2012-06-10 00:00:00,2,0,1,Tartu maakond,0,Kokkupõrge,Pimeda aeg
2012-07-10 00:00:00,1,0,2,Jõgeva maakond,0,Ühesõidukiõnnetus,Pimeda aeg
2012-08-10 00:00:00,2,0,1,Tartu maakond,0,Kokkupõrge,Valge aeg
2012-09-10 00:00:00,1,0,1,Jõgeva maakond,0,Ühesõidukiõnnetus,Pimeda aeg
2012-04-10 00:00:00,1,0,1,Tartu maakond,0,Muu liiklusõnnetus,Valge aeg
2012-10-10 00:00:00,2,0,1,Tartu maakond,1,Jalakäijaõnnetus,Valge aeg
2012-10-10 00:00:00,2,0,1,Võru maakond,0,Kokkupõrge,Valge aeg
2012-10-10 00:00:00,2,0,2,Jõgeva maakond,0,Kokkupõrge,Valge aeg
2012-10-10 00:00:00,2,0,1,Tartu maakond,1,Jalakäijaõnnetus,Pimeda aeg
2012-09-27 22:00:00,1,0,1,Tartu maakond,0,Kokkupõrge,Valge aeg
2012-11-10 00:00:00,2,0,1,Tartu maakond,0,Kokkupõrge,Pimeda aeg
2012-12-10 00:00:00,2,0,1,Valga maakond,1,Jalakäijaõnnetus,Valge aeg
2012-10-13 01:53:00,1,0,1,Tartu maakond,0,Ühesõidukiõnnetus,Pimeda aeg
2012-10-13 23:29:00,2,0,4,Viljandi maakond,0,Ühesõidukiõnnetus,Pimeda aeg
2012-10-16 11:43:00,2,0,1,Tartu maakond,0,Kokkupõrge,Valge aeg
2012-10-18 05:30:00,1,0,1,Viljandi maakond,0,Ühesõidukiõnnetus,Pimeda aeg
2012-11-10 00:00:00,1,0,1,Tartu maakond,0,Kokkupõrge,Pimeda aeg
2012-10-19 07:25:00,2,0,1,Viljandi maakond,1,Jalakäijaõnnetus,Valge aeg
2012-10-19 19:00:00,2,0,1,Võru maakond,0,Kokkupõrge,Pimeda aeg
2012-10-19 20:04:00,2,0,1,Tartu maakond,0,Kokkupõrge,Pimeda aeg
2012-10-21 00:19:00,1,0,1,Jõgeva maakond,0,Ühesõidukiõnnetus,Pimeda aeg
2012-10-21 05:56:00,1,0,1,Tartu maakond,0,Ühesõidukiõnnetus,Pimeda aeg
2012-10-23 06:55:00,2,0,2,Võru maakond,0,Kokkupõrge,Pimeda aeg
2012-10-23 19:59:00,2,0,1,Tartu maakond,0,Kokkupõrge,Pimeda aeg
2012-10-24 07:27:00,2,0,1,Tartu maakond,1,Jalakäijaõnnetus,Pimeda aeg
2012-10-26 17:15:00,1,0,1,Võru maakond,0,Ühesõidukiõnnetus,Valge aeg
2012-10-26 18:48:00,2,0,1,Tartu maakond,1,Jalakäijaõnnetus,Pimeda aeg
2012-10-27 16:03:00,4,0,2,Tartu maakond,0,Kokkupõrge,Valge aeg
2012-10-28 00:30:00,1,0,1,Viljandi maakond,0,Ühesõidukiõnnetus,Pimeda aeg
2012-10-28 16:08:00,2,0,1,Tartu maakond,0,Kokkupõrge,Valge aeg
2012-10-29 07:30:00,2,0,1,Tartu maakond,0,Kokkupõrge,Valge aeg
2012-05-10 00:00:00,1,0,1,Tartu maakond,0,Kokkupõrge,Valge aeg
2012-10-31 20:08:00,2,1,0,Jõgeva maakond,1,Jalakäijaõnnetus,Pimeda aeg
2012-10-17 16:30:00,1,0,1,Tartu maakond,0,Kokkupõrge,Valge aeg
2012-03-11 00:00:00,1,0,2,Viljandi maakond,0,Ühesõidukiõnnetus,Pimeda aeg
2012-03-11 00:00:00,2,0,2,Tartu maakond,0,Kokkupõrge,Pimeda aeg
2012-03-11 00:00:00,1,0,1,Valga maakond,0,Ühesõidukiõnnetus,Pimeda aeg
2012-10-25 16:45:00,1,0,1,Tartu maakond,1,Jalakäijaõnnetus,Valge aeg
2012-06-11 00:00:00,1,0,1,Tartu maakond,1,Jalakäijaõnnetus,Valge aeg
2012-06-11 00:00:00,2,0,1,Tartu maakond,1,Jalakäijaõnnetus,Pimeda aeg
2012-10-17 07:45:00,1,0,1,Tartu maakond,1,Jalakäijaõnnetus,Valge aeg
2012-08-11 00:00:00,2,1,0,Valga maakond,0,Kokkupõrge,Valge aeg
2012-08-11 00:00:00,2,0,1,Võru maakond,1,Jalakäijaõnnetus,Pimeda aeg
2012-09-11 00:00:00,2,0,1,Tartu maakond,1,Jalakäijaõnnetus,Valge aeg
2012-09-11 00:00:00,1,0,1,Jõgeva maakond,0,Ühesõidukiõnnetus,Valge aeg
2012-09-11 00:00:00,2,0,1,Tartu maakond,1,Jalakäijaõnnetus,Valge aeg
2012-09-11 00:00:00,2,0,1,Tartu maakond,1,Jalakäijaõnnetus,Valge aeg
2012-09-11 00:00:00,2,0,1,Tartu maakond,0,Kokkupõrge,Valge aeg
2012-09-11 00:00:00,1,0,1,Tartu maakond,0,Ühesõidukiõnnetus,Pimeda aeg
2012-12-11 00:00:00,2,0,1,Tartu maakond,0,Kokkupõrge,Valge aeg
2012-11-13 19:00:00,2,0,2,Tartu maakond,0,Kokkupõrge,Pimeda aeg
2012-11-14 00:00:00,1,0,1,Tartu maakond,0,Kokkupõrge,Valge aeg
2012-11-14 20:38:00,2,0,1,Tartu maakond,0,Kokkupõrge,Pimeda aeg
2012-11-15 17:08:00,2,0,1,Põlva maakond,1,Jalakäijaõnnetus,Pimeda aeg
2012-11-15 23:35:00,1,0,3,Tartu maakond,0,Ühesõidukiõnnetus,Pimeda aeg
2012-11-17 06:00:00,2,0,2,Tartu maakond,0,Kokkupõrge,Pimeda aeg
2012-11-17 15:34:00,0,0,1,Tartu maakond,0,Ühesõidukiõnnetus,Valge aeg
2012-11-17 18:15:00,1,0,3,Viljandi maakond,0,Ühesõidukiõnnetus,Pimeda aeg
2012-11-18 20:50:00,3,0,1,Jõgeva maakond,0,Ühesõidukiõnnetus,Pimeda aeg
2012-11-19 15:00:00,2,0,1,Võru maakond,0,Kokkupõrge,Valge aeg
2012-11-22 10:06:00,1,0,1,Tartu maakond,0,Ühesõidukiõnnetus,Valge aeg
2012-11-23 07:29:00,2,0,1,Põlva maakond,1,Jalakäijaõnnetus,Pimeda aeg
2012-11-23 19:07:00,2,0,1,Valga maakond,1,Jalakäijaõnnetus,Pimeda aeg
2012-11-24 02:04:00,0,0,4,Tartu maakond,0,Ühesõidukiõnnetus,Pimeda aeg
2012-11-24 14:50:00,2,0,1,Tartu maakond,1,Jalakäijaõnnetus,Valge aeg
2012-11-24 15:47:00,2,0,1,Tartu maakond,1,Jalakäijaõnnetus,Pimeda aeg
2012-11-26 17:00:00,1,0,1,Jõgeva maakond,0,Kokkupõrge,Pimeda aeg
2012-11-30 10:36:00,1,0,1,Tartu maakond,1,Jalakäijaõnnetus,Pimeda aeg
2012-11-30 16:20:00,2,0,1,Tartu maakond,0,Kokkupõrge,Pimeda aeg
2012-01-12 00:00:00,2,0,1,Valga maakond,1,Jalakäijaõnnetus,Pimeda aeg
2012-03-12 00:00:00,3,0,1,Valga maakond,1,Muu liiklusõnnetus,Pimeda aeg
2012-06-12 00:00:00,2,0,4,Põlva maakond,0,Kokkupõrge,Valge aeg