date,persons_involved,killed,injured,county,pedestrian_involved,accident_type,light_conditions
2011-05-11 00:00:00,1,0,3,Viljandi maakond,0,Ühesõidukiõnnetus,Pimeda aeg
2011-03-12 00:00:00,2,0,1,Viljandi maakond,1,Jalakäijaõnnetus,Pimeda aeg
2011-09-12 00:00:00,1,0,1,Viljandi maakond,0,Ühesõidukiõnnetus,Pimeda aeg
2012-07-28 22:36:00,4,0,3,Viljandi maakond,1,Jalakäijaõnnetus,Pimeda aeg
2012-09-24 23:30:00,1,0,1,Viljandi maakond,0,Muu liiklusõnnetus,Pimeda aeg
2012-01-12 00:00:00,2,0,1,Viljandi maakond,0,Kokkupõrge,Valge aeg
2013-06-14 12:29:00,1,0,1,Viljandi maakond,0,Ühesõidukiõnnetus,Valge aeg
2014-12-09 00:00:00,1,0,2,Viljandi maakond,1,Ühesõidukiõnnetus,Valge aeg
2016-08-02 00:00:00,2,0,1,Viljandi maakond,1,Jalakäijaõnnetus,Pimeda aeg
2017-04-27 12:40:00,1,0,1,Viljandi maakond,1,Jalakäijaõnnetus,Valge aeg
2011-08-22 15:30:00,1,0,1,Võru maakond,1,Jalakäijaõnnetus,Valge aeg
2011-11-10 00:00:00,2,0,1,Võru maakond,0,Kokkupõrge,Valge aeg
2011-11-22 10:55:00,2,0,1,Võru maakond,1,Jalakäijaõnnetus,Valge aeg
2011-04-12 00:00:00,2,0,1,Võru maakond,1,Jalakäijaõnnetus,Valge aeg
2012-06-17 00:30:00,1,0,1,Võru maakond,1,Jalakäijaõnnetus,Pimeda aeg
2012-06-25 05:15:00,3,0,2,Võru maakond,0,Ühesõidukiõnnetus,Valge aeg
2013-06-21 14:13:00,1,0,1,Võru maakond,0,Ühesõidukiõnnetus,Valge aeg
2013-09-08 00:00:00,1,0,1,Võru maakond,0,Ühesõidukiõnnetus,Valge aeg
2013-11-08 00:00:00,2,0,1,Võru maakond,1,Jalakäijaõnnetus,Valge aeg
2013-08-16 11:45:00,2,0,1,Võru maakond,0,Kokkupõrge,Valge aeg
2014-04-03 00:00:00,2,0,1,Võru maakond,1,Jalakäijaõnnetus,Valge aeg
2014-07-12 00:00:00,1,0,1,Võru maakond,0,Ühesõidukiõnnetus,Pimeda aeg
2015-09-19 00:05:00,1,0,1,Võru maakond,0,Ühesõidukiõnnetus,Pimeda aeg
2015-05-10 00:00:00,2,0,1,Võru maakond,0,Kokkupõrge,Valge aeg
2016-05-30 03:15:00,1,0,1,Võru maakond,0,Ühesõidukiõnnetus,Pimeda aeg
2017-02-25 11:00:00,3,0,3,Põlva maakond,0,Ühesõidukiõnnetus,Valge aeg
2013-01-03 00:00:00,1,0,1,Harju maakond,0,Muu liiklusõnnetus,Valge aeg
2013-02-03 00:00:00,2,0,2,Harju maakond,0,Kokkupõrge,Pimeda aeg
2013-04-03 00:00:00,3,0,1,Harju maakond,1,Jalakäijaõnnetus,Valge aeg
2013-04-03 00:00:00,2,0,1,Harju maakond,1,Jalakäijaõnnetus,Valge aeg
2013-06-03 00:00:00,2,0,1,Harju maakond,0,Kokkupõrge,Valge aeg
2013-09-03 00:00:00,2,0,1,Harju maakond,0,Kokkupõrge,Valge aeg
2013-10-03 00:00:00,1,0,1,Harju maakond,0,Ühesõidukiõnnetus,Valge aeg
2013-03-14 09:50:00,2,0,2,Harju maakond,0,Muu liiklusõnnetus,Valge aeg
2013-03-15 08:00:00,4,0,3,Harju maakond,1,Jalakäijaõnnetus,Valge aeg
2013-03-16 12:51:00,2,0,1,Harju maakond,1,Jalakäijaõnnetus,Valge aeg
2013-03-17 15:20:00,2,0,1,Harju maakond,1,Jalakäijaõnnetus,Valge aeg
2013-03-18 12:37:00,2,0,1,Harju maakond,0,Kokkupõrge,Valge aeg
2013-03-18 14:02:00,2,0,1,Harju maakond,0,Kokkupõrge,Valge aeg
2013-03-21 15:14:00,2,0,1,Harju maakond,1,Jalakäijaõnnetus,Valge aeg
2013-03-24 16:16:00,1,0,1,Harju maakond,0,Muu liiklusõnnetus,Valge aeg
2013-03-26 14:30:00,2,0,1,Harju maakond,1,Jalakäijaõnnetus,Valge aeg
2013-03-27 14:09:00,2,0,1,Harju maakond,1,Jalakäijaõnnetus,Valge aeg
2013-03-28 14:30:00,2,0,1,Harju maakond,1,Jalakäijaõnnetus,Valge aeg
2013-03-30 12:30:00,2,0,1,Harju maakond,1,Jalakäijaõnnetus,Valge aeg
2013-03-31 06:12:00,2,0,1,Harju maakond,1,Jalakäijaõnnetus,Valge aeg
2013-04-04 00:00:00,2,0,1,Harju maakond,1,Jalakäijaõnnetus,Valge aeg
2013-07-04 00:00:00,1,0,1,Harju maakond,0,Ühesõidukiõnnetus,Pimeda aeg
2013-07-04 00:00:00,2,0,1,Harju maakond,0,Muu liiklusõnnetus,Valge aeg
2013-08-04 00:00:00,2,0,1,Harju maakond,1,Jalakäijaõnnetus,Valge aeg
2013-12-04 00:00:00,2,0,2,Harju maakond,0,Kokkupõrge,Valge aeg
2013-04-13 18:58:00,1,1,0,Harju maakond,0,Ühesõidukiõnnetus,Valge aeg
2013-04-16 14:42:00,2,0,1,Harju maakond,0,Kokkupõrge,Valge aeg
2013-04-16 18:05:00,2,0,1,Harju maakond,0,Kokkupõrge,Valge aeg
2013-04-17 14:20:00,2,0,1,Harju maakond,1,Jalakäijaõnnetus,Valge aeg
2013-04-19 20:51:00,2,0,1,Harju maakond,0,Kokkupõrge,Valge aeg
2013-04-20 05:20:00,2,0,1,Harju maakond,1,Jalakäijaõnnetus,Pimeda aeg
2013-04-20 18:53:00,2,0,1,Harju maakond,0,Kokkupõrge,Valge aeg
2013-04-24 07:30:00,2,0,1,Harju maakond,0,Kokkupõrge,Valge aeg
2013-04-26 14:12:00,2,0,1,Harju maakond,1,Jalakäijaõnnetus,Valge aeg
2013-04-26 17:50:00,1,0,1,Harju maakond,1,Jalakäijaõnnetus,Valge aeg
2013-04-26 19:45:00,2,0,1,Harju maakond,0,Kokkupõrge,Valge aeg
2013-04-30 16:10:00,4,0,1,Harju maakond,0,Kokkupõrge,Valge aeg
2013-04-30 16:50:00,2,0,1,Harju maakond,1,Jalakäijaõnnetus,Valge aeg
2013-04-30 18:20:00,2,0,1,Harju maakond,1,Jalakäijaõnnetus,Valge aeg
2013-04-05 00:00:00,1,0,1,Harju maakond,0,Ühesõidukiõnnetus,Valge aeg
2013-08-05 00:00:00,1,0,1,Harju maakond,0,Kokkupõrge,Valge aeg
2013-08-05 00:00:00,1,0,2,Harju maakond,0,Muu liiklusõnnetus,Valge aeg
2013-10-05 00:00:00,1,0,1,Harju maakond,0,Muu liiklusõnnetus,Valge aeg
2013-10-05 00:00:00,2,0,1,Harju maakond,1,Jalakäijaõnnetus,Valge aeg
2013-10-05 00:00:00,2,0,1,Harju maakond,0,Kokkupõrge,Valge aeg
2013-05-13 17:05:00,1,0,1,Harju maakond,0,Muu liiklusõnnetus,Valge aeg
2013-05-15 10:41:00,2,0,1,Harju maakond,0,Kokkupõrge,Valge aeg
2013-05-15 14:30:00,2,0,1,Harju maakond,0,Kokkupõrge,Valge aeg
2013-05-15 17:53:00,2,0,2,Harju maakond,1,Muu liiklusõnnetus,Valge aeg
2013-05-16 14:03:00,2,0,1,Harju maakond,0,Kokkupõrge,Valge aeg
2013-05-19 17:35:00,2,0,1,Harju maakond,0,Kokkupõrge,Valge aeg
2013-05-20 15:55:00,3,0,1,Harju maakond,0,Kokkupõrge,Valge aeg
2013-05-21 05:30:00,1,0,4,Harju maakond,0,Ühesõidukiõnnetus,Valge aeg
2013-05-24 15:35:00,1,0,1,Harju maakond,0,Muu liiklusõnnetus,Valge aeg
2013-05-27 15:00:00,2,0,1,Harju maakond,0,Kokkupõrge,Valge aeg
2013-05-27 18:35:00,2,0,1,Harju maakond,1,Jalakäijaõnnetus,Valge aeg
2013-05-27 00:00:00,2,0,1,Harju maakond,0,Kokkupõrge,Pimeda aeg
2013-05-28 16:43:00,2,0,1,Harju maakond,0,Kokkupõrge,Valge aeg
2013-05-29 12:23:00,2,0,1,Harju maakond,1,Jalakäijaõnnetus,Valge aeg
2013-05-31 08:15:00,2,0,1,Harju maakond,0,Kokkupõrge,Valge aeg
2013-05-31 17:45:00,1,0,1,Harju maakond,1,Muu liiklusõnnetus,Valge aeg
2013-01-06 00:00:00,2,0,1,Harju maakond,1,Jalakäijaõnnetus,Valge aeg
2013-02-06 00:00:00,2,0,1,Harju maakond,0,Kokkupõrge,Valge aeg
2013-02-06 00:00:00,2,0,1,Harju maakond,0,Kokkupõrge,Valge aeg
2013-02-06 00:00:00,2,0,2,Harju maakond,0,Kokkupõrge,Valge aeg
2013-03-06 00:00:00,2,0,1,Harju maakond,0,Kokkupõrge,Valge aeg
2013-04-06 00:00:00,2,0,1,Harju maakond,1,Kokkupõrge,Valge aeg
2013-05-06 00:00:00,2,0,2,Harju maakond,0,Muu liiklusõnnetus,Valge aeg
2013-05-06 00:00:00,2,0,1,Harju maakond,0,Kokkupõrge,Valge aeg
2013-05-06 00:00:00,0,0,1,Harju maakond,0,Ühesõidukiõnnetus,Valge aeg
2013-08-06 00:00:00,1,0,1,Järva maakond,0,Ühesõidukiõnnetus,Valge aeg
2013-11-06 00:00:00,2,0,1,Harju maakond,1,Jalakäijaõnnetus,Valge aeg
2013-11-06 00:00:00,2,0,1,Harju maakond,0,Kokkupõrge,Valge aeg
2013-12-06 00:00:00,2,0,2,Harju maakond,1,Jalakäijaõnnetus,Valge aeg
2013-06-13 19:57:00,2,0,1,Harju maakond,0,Kokkupõrge,Valge aeg
2013-06-14 17:40:00,3,1,0,Harju maakond,0,Kokkupõrge,Valge aeg
2013-06-15 14:45:00,1,0,1,Harju maakond,0,Muu liiklusõnnetus,Valge aeg
2013-06-16 18:36:00,1,0,1,Harju maakond,0,Ühesõidukiõnnetus,Valge aeg
2013-06-17 11:22:00,2,0,3,Harju maakond,1,Jalakäijaõnnetus,Valge aeg
2013-06-18 12:08:00,1,0,1,Harju maakond,0,Muu liiklusõnnetus,Valge aeg
2013-06-19 16:37:00,2,0,1,Harju maakond,0,Kokkupõrge,Valge aeg
2013-06-19 20:35:00,1,0,1,Harju maakond,1,Jalakäijaõnnetus,Valge aeg
2013-06-21 14:05:00,2,0,1,Harju maakond,0,Kokkupõrge,Valge aeg
2013-06-21 23:55:00,1,0,2,Harju maakond,0,Ühesõidukiõnnetus,Valge aeg
2013-06-22 05:37:00,1,0,1,Harju maakond,0,Muu liiklusõnnetus,Valge aeg
2013-06-22 11:25:00,1,0,1,Harju maakond,0,Muu liiklusõnnetus,Valge aeg
2013-06-22 19:30:00,2,0,1,Harju maakond,1,Jalakäijaõnnetus,Valge aeg
2013-06-24 19:00:00,1,0,1,Harju maakond,1,Jalakäijaõnnetus,Valge aeg
2013-06-27 09:28:00,2,0,1,Harju maakond,1,Jalakäijaõnnetus,Valge aeg
2013-06-27 12:53:00,2,0,1,Harju maakond,0,Kokkupõrge,Valge aeg
2013-06-28 17:00:00,2,0,1,Harju maakond,0,Kokkupõrge,Valge aeg
2013-06-28 19:20:00,1,0,1,Harju maakond,0,Ühesõidukiõnnetus,Valge aeg
2013-02-07 00:00:00,2,0,1,Harju maakond,0,Kokkupõrge,Valge aeg
2013-04-07 00:00:00,2,0,1,Harju maakond,1,Jalakäijaõnnetus,Valge aeg
2013-06-07 00:00:00,1,0,2,Harju maakond,0,Kokkupõrge,Valge aeg
2013-06-07 00:00:00,2,0,1,Harju maakond,0,Kokkupõrge,Valge aeg
2013-08-07 00:00:00,2,0,1,Harju maakond,0,Kokkupõrge,Valge aeg
2013-08-07 00:00:00,1,0,1,Harju maakond,0,Ühesõidukiõnnetus,Valge aeg
2013-10-07 00:00:00,2,0,1,Harju maakond,0,Kokkupõrge,Valge aeg
2013-10-07 00:00:00,1,0,1,Harju maakond,0,Muu liiklusõnnetus,Valge aeg
2013-11-07 00:00:00,1,0,2,Harju maakond,0,Ühesõidukiõnnetus,Valge aeg
2013-12-07 00:00:00,1,0,1,Harju maakond,0,Ühesõidukiõnnetus,Valge aeg
2013-07-14 11:00:00,1,0,2,Harju maakond,0,Ühesõidukiõnnetus,Valge aeg
2013-07-14 20:27:00,1,0,1,Harju maakond,0,Ühesõidukiõnnetus,Valge aeg
2013-07-17 08:50:00,3,0,1,Harju maakond,0,Kokkupõrge,Valge aeg
2013-07-20 11:23:00,2,0,1,Harju maakond,0,Kokkupõrge,Valge aeg
2013-07-20 16:52:00,2,0,1,Harju maakond,0,Jalakäijaõnnetus,Valge aeg
2013-07-23 13:30:00,2,0,1,Harju maakond,0,Kokkupõrge,Valge aeg
2013-07-24 01:39:00,1,0,1,Harju maakond,0,Ühesõidukiõnnetus,Pimeda aeg
2013-07-24 01:45:00,1,0,2,Harju maakond,0,Muu liiklusõnnetus,Pimeda aeg
2013-07-24 13:03:00,2,0,1,Harju maakond,0,Kokkupõrge,Valge aeg
2013-07-30 14:29:00,1,0,1,Harju maakond,0,Ühesõidukiõnnetus,Valge aeg
2013-07-31 19:41:00,2,0,1,Harju maakond,0,Kokkupõrge,Valge aeg
2013-02-08 00:00:00,2,0,1,Harju maakond,0,Kokkupõrge,Valge aeg
2013-06-08 00:00:00,1,0,2,Harju maakond,0,Ühesõidukiõnnetus,Pimeda aeg
2013-06-08 00:00:00,1,0,1,Harju maakond,0,Ühesõidukiõnnetus,Valge aeg
2013-07-08 00:00:00,1,0,1,Harju maakond,0,Muu liiklusõnnetus,Valge aeg
2013-07-08 00:00:00,3,0,2,Harju maakond,0,Kokkupõrge,Valge aeg
2013-07-08 00:00:00,2,0,1,Harju maakond,1,Jalakäijaõnnetus,Valge aeg
2013-07-08 00:00:00,1,0,1,Harju maakond,0,Ühesõidukiõnnetus,Valge aeg
2013-11-08 00:00:00,2,0,2,Harju maakond,0,Kokkupõrge,Valge aeg
2013-12-08 00:00:00,2,0,1,Harju maakond,1,Jalakäijaõnnetus,Valge aeg
2013-08-13 14:40:00,2,0,1,Harju maakond,1,Muu liiklusõnnetus,Valge aeg
2013-08-13 15:10:00,2,0,1,Harju maakond,1,Jalakäijaõnnetus,Valge aeg
2013-08-17 11:00:00,2,0,1,Harju maakond,0,Kokkupõrge,Valge aeg
2013-08-17 12:45:00,3,1,4,Harju maakond,0,Kokkupõrge,Valge aeg
2013-08-17 14:50:00,3,0,1,Harju maakond,0,Kokkupõrge,Valge aeg
2013-08-18 22:25:00,1,0,1,Harju maakond,0,Ühesõidukiõnnetus,Pimeda aeg
2013-08-19 20:59:00,1,0,1,Harju maakond,1,Jalakäijaõnnetus,Pimeda aeg
2013-08-20 22:26:00,1,0,1,Harju maakond,0,Muu liiklusõnnetus,Pimeda aeg
2013-08-22 06:38:00,2,0,1,Harju maakond,1,Jalakäijaõnnetus,Valge aeg
2013-08-22 18:45:00,2,0,1,Harju maakond,0,Muu liiklusõnnetus,Valge aeg
2013-08-23 14:39:00,2,1,0,Harju maakond,0,Kokkupõrge,Valge aeg
2013-08-28 11:15:00,2,0,1,Harju maakond,0,Kokkupõrge,Valge aeg
2013-08-28 11:45:00,2,0,1,Harju maakond,1,Jalakäijaõnnetus,Valge aeg
2013-08-29 12:30:00,1,0,1,Harju maakond,0,Ühesõidukiõnnetus,Valge aeg
2013-03-09 00:00:00,4,0,2,Harju maakond,0,Kokkupõrge,Valge aeg
2013-06-09 00:00:00,2,0,1,Harju maakond,0,Kokkupõrge,Valge aeg
2013-06-09 00:00:00,2,0,2,Harju maakond,0,Kokkupõrge,Valge aeg
2013-06-09 00:00:00,0,0,1,Harju maakond,0,Ühesõidukiõnnetus,Valge aeg
2013-06-09 00:00:00,2,0,1,Harju maakond,0,Kokkupõrge,Valge aeg
2013-07-09 00:00:00,2,0,1,Harju maakond,1,Jalakäijaõnnetus,Pimeda aeg
2013-10-09 00:00:00,1,0,1,Harju maakond,0,Ühesõidukiõnnetus,Valge aeg
2013-11-09 00:00:00,2,0,1,Harju maakond,1,Jalakäijaõnnetus,Valge aeg
2013-12-09 00:00:00,2,0,1,Harju maakond,0,Jalakäijaõnnetus,Valge aeg
2013-09-16 14:05:00,2,0,1,Harju maakond,0,Kokkupõrge,Valge aeg
2013-09-17 20:40:00,2,0,1,Harju maakond,1,Jalakäijaõnnetus,Pimeda aeg
2013-09-18 08:50:00,3,0,3,Harju maakond,0,Kokkupõrge,Valge aeg
2013-09-18 12:30:00,2,0,1,Harju maakond,0,Kokkupõrge,Valge aeg
2013-09-23 20:34:00,2,0,1,Harju maakond,1,Jalakäijaõnnetus,Pimeda aeg
2013-09-25 16:34:00,2,0,1,Harju maakond,0,Kokkupõrge,Valge aeg
2013-09-25 17:05:00,2,0,1,Harju maakond,1,Jalakäijaõnnetus,Valge aeg
2013-09-25 17:04:00,1,0,1,Harju maakond,0,Muu liiklusõnnetus,Valge aeg
2013-09-26 20:23:00,2,0,1,Harju maakond,1,Jalakäijaõnnetus,Pimeda aeg
2013-09-30 17:25:00,3,0,1,Harju maakond,0,Kokkupõrge,Valge aeg
2013-01-10 00:00:00,2,0,1,Harju maakond,1,Jalakäijaõnnetus,Valge aeg
2013-02-10 00:00:00,2,0,1,Harju maakond,0,Kokkupõrge,Valge aeg
2013-04-10 00:00:00,2,0,1,Harju maakond,0,Kokkupõrge,Valge aeg
2013-04-10 00:00:00,2,0,2,Harju maakond,0,Kokkupõrge,Pimeda aeg
2013-07-10 00:00:00,1,0,1,Harju maakond,1,Jalakäijaõnnetus,Valge aeg
2013-07-10 00:00:00,2,0,1,Harju maakond,1,Jalakäijaõnnetus,Valge aeg
2013-09-10 00:00:00,3,0,1,Harju maakond,0,Kokkupõrge,Valge aeg
2013-09-10 00:00:00,2,0,1,Harju maakond,0,Kokkupõrge,Valge aeg
2013-09-10 00:00:00,2,0,1,Harju maakond,1,Jalakäijaõnnetus,Pimeda aeg
2013-11-10 00:00:00,0,0,3,Harju maakond,0,Ühesõidukiõnnetus,Pimeda aeg
2013-11-10 00:00:00,2,0,1,Harju maakond,0,Kokkupõrge,Pimeda aeg
2013-12-10 00:00:00,2,0,1,Harju maakond,0,Kokkupõrge,Valge aeg
2013-12-10 00:00:00,1,0,1,Harju maakond,0,Ühesõidukiõnnetus,Valge aeg
2013-10-13 14:48:00,2,0,1,Harju maakond,1,Jalakäijaõnnetus,Valge aeg
2013-10-14 14:10:00,2,0,1,Harju maakond,1,Jalakäijaõnnetus,Valge aeg
2013-10-14 16:24:00,2,0,1,Harju maakond,0,Kokkupõrge,Valge aeg
2013-10-15 18:30:00,1,0,1,Harju maakond,1,Jalakäijaõnnetus,Pimeda aeg
2013-10-16 13:10:00,2,0,1,Harju maakond,0,Kokkupõrge,Valge aeg
2013-10-16 16:40:00,1,0,2,Harju maakond,0,Muu liiklusõnnetus,Valge aeg
2013-10-17 00:26:00,1,0,1,Harju maakond,0,Kokkupõrge,Pimeda aeg
2013-10-19 07:54:00,1,0,2,Harju maakond,0,Ühesõidukiõnnetus,Valge aeg
2013-10-19 14:52:00,2,1,0,Harju maakond,1,Jalakäijaõnnetus,Valge aeg
2013-10-20 10:56:00,2,0,1,Harju maakond,0,Kokkupõrge,Valge aeg
2013-10-21 14:02:00,2,0,1,Harju maakond,0,Kokkupõrge,Valge aeg
2013-10-21 14:35:00,2,0,1,Harju maakond,1,Jalakäijaõnnetus,Valge aeg
2013-10-24 12:30:00,2,0,1,Harju maakond,1,Jalakäijaõnnetus,Valge aeg
2013-10-26 17:02:00,2,0,2,Harju maakond,0,Muu liiklusõnnetus,Valge aeg
2013-10-27 03:30:00,1,0,1,Harju maakond,0,Muu liiklusõnnetus,Pimeda aeg
2013-10-29 17:56:00,2,0,1,Harju maakond,1,Jalakäijaõnnetus,Pimeda aeg
2013-10-29 18:00:00,2,0,1,Harju maakond,0,Muu liiklusõnnetus,Pimeda aeg
2013-10-30 16:39:00,2,0,1,Harju maakond,1,Jalakäijaõnnetus,Valge aeg
2013-01-11 00:00:00,2,0,1,Harju maakond,0,Kokkupõrge,Pimeda aeg
2013-02-11 00:00:00,1,0,1,Harju maakond,1,Jalakäijaõnnetus,Valge aeg
2013-04-11 00:00:00,2,0,1,Harju maakond,0,Kokkupõrge,Valge aeg
2013-05-11 00:00:00,2,0,1,Harju maakond,0,Teadmata,Valge aeg
2013-06-11 00:00:00,2,0,1,Harju maakond,1,Jalakäijaõnnetus,Valge aeg
2013-10-11 00:00:00,2,0,1,Harju maakond,1,Jalakäijaõnnetus,Pimeda aeg
2013-11-15 07:50:00,2,0,1,Harju maakond,1,Jalakäijaõnnetus,Pimeda aeg
2013-11-16 13:05:00,3,0,1,Harju maakond,0,Kokkupõrge,Valge aeg
2013-11-18 13:00:00,2,0,1,Harju maakond,1,Jalakäijaõnnetus,Valge aeg
2013-11-21 16:43:00,2,0,1,Harju maakond,1,Jalakäijaõnnetus,Pimeda aeg
2013-11-22 15:38:00,2,0,1,Harju maakond,1,Jalakäijaõnnetus,Valge aeg
2013-11-24 12:37:00,2,0,1,Harju maakond,0,Kokkupõrge,Valge aeg
2013-11-24 13:53:00,4,0,1,Harju maakond,0,Kokkupõrge,Valge aeg
2013-11-27 16:30:00,2,0,1,Harju maakond,0,Kokkupõrge,Pimeda aeg
2013-03-12 00:00:00,1,0,1,Harju maakond,0,Muu liiklusõnnetus,Valge aeg
2013-03-12 00:00:00,2,0,1,Harju maakond,1,Jalakäijaõnnetus,Pimeda aeg
2013-04-12 00:00:00,1,0,1,Harju maakond,0,Muu liiklusõnnetus,Valge aeg
2013-12-12 00:00:00,1,1,0,Harju maakond,1,Jalakäijaõnnetus,Pimeda aeg
2013-12-12 00:00:00,2,0,1,Harju maakond,1,Jalakäijaõnnetus,Pimeda aeg
2013-12-13 00:00:00,1,0,2,Harju maakond,0,Ühesõidukiõnnetus,Pimeda aeg
2013-12-14 18:55:00,2,0,1,Harju maakond,0,Kokkupõrge,Pimeda aeg
2013-12-14 22:16:00,1,0,1,Harju maakond,0,Ühesõidukiõnnetus,Pimeda aeg
2013-12-15 12:50:00,2,0,1,Harju maakond,0,Kokkupõrge,Valge aeg
2013-12-19 17:30:00,2,0,1,Harju maakond,1,Jalakäijaõnnetus,Pimeda aeg
2013-12-20 06:00:00,1,0,1,Harju maakond,0,Ühesõidukiõnnetus,Pimeda aeg
2013-12-20 07:55:00,2,0,1,Harju maakond,1,Jalakäijaõnnetus,Pimeda aeg
2013-12-20 09:28:00,1,0,1,Harju maakond,0,Muu liiklusõnnetus,Valge aeg
2013-12-20 11:15:00,2,0,1,Harju maakond,1,Jalakäijaõnnetus,Valge aeg
2013-12-20 18:37:00,2,0,1,Harju maakond,1,Jalakäijaõnnetus,Pimeda aeg
2013-12-21 03:25:00,1,0,1,Harju maakond,0,Ühesõidukiõnnetus,Pimeda aeg
2013-12-21 16:24:00,1,0,2,Harju maakond,0,Ühesõidukiõnnetus,Pimeda aeg
2013-12-21 22:09:00,2,0,1,Harju maakond,1,Jalakäijaõnnetus,Pimeda aeg
2013-12-23 01:07:00,1,0,1,Harju maakond,0,Ühesõidukiõnnetus,Pimeda aeg
2013-12-23 13:19:00,2,0,1,Harju maakond,1,Jalakäijaõnnetus,Valge aeg
2013-12-23 16:00:00,2,1,0,Harju maakond,1,Jalakäijaõnnetus,Pimeda aeg
2013-12-26 18:59:00,1,0,1,Harju maakond,0,Ühesõidukiõnnetus,Pimeda aeg
2013-12-26 19:45:00,2,0,1,Harju maakond,0,Kokkupõrge,Pimeda aeg
2013-12-27 22:04:00,0,0,2,Harju maakond,0,Ühesõidukiõnnetus,Pimeda aeg
2013-12-28 21:40:00,2,0,1,Harju maakond,0,Kokkupõrge,Pimeda aeg
2014-01-01 04:02:00,1,0,1,Harju maakond,0,Ühesõidukiõnnetus,Pimeda aeg
2014-02-01 00:00:00,3,0,2,Harju maakond,1,Jalakäijaõnnetus,Pimeda aeg
2014-02-01 00:00:00,1,1,0,Harju maakond,1,Jalakäijaõnnetus,Pimeda aeg
2014-04-01 00:00:00,1,0,1,Harju maakond,1,Jalakäijaõnnetus,Pimeda aeg
2014-09-01 00:00:00,2,0,1,Harju maakond,1,Jalakäijaõnnetus,Pimeda aeg
2014-10-01 00:00:00,2,0,1,Harju maakond,1,Jalakäijaõnnetus,Valge aeg
2014-10-01 00:00:00,2,0,1,Harju maakond,0,Kokkupõrge,Pimeda aeg
2014-10-01 00:00:00,2,0,1,Harju maakond,1,Jalakäijaõnnetus,Pimeda aeg
2014-08-01 00:00:00,2,0,1,Harju maakond,0,Kokkupõrge,Valge aeg
2014-11-01 00:00:00,2,0,3,Harju maakond,0,Kokkupõrge,Pimeda aeg
2014-12-01 00:00:00,1,1,0,Harju maakond,0,Ühesõidukiõnnetus,Pimeda aeg
2014-01-15 22:26:00,2,0,1,Harju maakond,0,Kokkupõrge,Pimeda aeg
2014-01-17 16:20:00,2,0,1,Harju maakond,1,Jalakäijaõnnetus,Pimeda aeg
2014-01-20 12:54:00,2,0,1,Harju maakond,0,Kokkupõrge,Valge aeg
2014-01-21 09:50:00,6,0,3,Harju maakond,0,Kokkupõrge,Valge aeg
2014-01-21 14:05:00,3,0,1,Harju maakond,1,Jalakäijaõnnetus,Valge aeg
2014-01-24 10:20:00,3,0,2,Harju maakond,1,Jalakäijaõnnetus,Valge aeg
2014-01-24 17:15:00,2,0,1,Harju maakond,1,Jalakäijaõnnetus,Pimeda aeg
2014-01-24 19:45:00,2,1,0,Harju maakond,1,Jalakäijaõnnetus,Pimeda aeg
2014-01-25 20:50:00,1,0,1,Harju maakond,0,Muu liiklusõnnetus,Pimeda aeg
2014-01-30 13:10:00,2,0,1,Harju maakond,1,Jalakäijaõnnetus,Valge aeg
2014-01-02 00:00:00,2,0,3,Harju maakond,0,Kokkupõrge,Pimeda aeg
2014-02-02 00:00:00,2,0,1,Harju maakond,1,Jalakäijaõnnetus,Pimeda aeg
2014-04-02 00:00:00,2,0,1,Harju maakond,1,Jalakäijaõnnetus,Valge aeg
2014-08-02 00:00:00,2,0,1,Harju maakond,1,Jalakäijaõnnetus,Pimeda aeg
2014-08-02 00:00:00,1,0,3,Harju maakond,0,Ühesõidukiõnnetus,Pimeda aeg
2014-09-02 00:00:00,1,0,2,Harju maakond,0,Ühesõidukiõnnetus,Pimeda aeg
2014-11-02 00:00:00,1,0,1,Harju maakond,0,Ühesõidukiõnnetus,Pimeda aeg
2014-02-16 18:33:00,2,0,1,Harju maakond,1,Jalakäijaõnnetus,Pimeda aeg
2014-02-22 19:02:00,2,0,1,Harju maakond,1,Jalakäijaõnnetus,Pimeda aeg
2014-02-26 14:43:00,2,0,1,Harju maakond,1,Jalakäijaõnnetus,Valge aeg
2014-02-26 18:45:00,2,0,1,Harju maakond,1,Jalakäijaõnnetus,Pimeda aeg
2014-02-03 00:00:00,2,0,1,Harju maakond,0,Kokkupõrge,Valge aeg
2014-06-03 00:00:00,2,0,1,Harju maakond,0,Kokkupõrge,Valge aeg
2014-07-03 00:00:00,1,0,1,Harju maakond,0,Muu liiklusõnnetus,Valge aeg
2014-10-03 00:00:00,3,0,1,Harju maakond,0,Kokkupõrge,Valge aeg