date,persons_involved,killed,injured,county,pedestrian_involved,accident_type,light_conditions
2014-10-03 00:00:00,2,0,1,Harju maakond,1,Jalakäijaõnnetus,Valge aeg
2014-03-13 18:03:00,2,0,1,Harju maakond,0,Kokkupõrge,Valge aeg
2014-03-18 19:05:00,2,0,1,Harju maakond,0,Kokkupõrge,Pimeda aeg
2014-02-04 00:00:00,2,0,1,Harju maakond,1,Jalakäijaõnnetus,Valge aeg
2014-02-04 00:00:00,2,0,1,Harju maakond,0,Kokkupõrge,Valge aeg
2014-04-04 00:00:00,2,0,1,Pärnu maakond,1,Jalakäijaõnnetus,Valge aeg
2014-04-04 00:00:00,2,0,1,Harju maakond,0,Kokkupõrge,Valge aeg
2014-12-04 00:00:00,3,0,2,Harju maakond,1,Jalakäijaõnnetus,Valge aeg
2014-04-17 20:30:00,2,0,1,Harju maakond,0,Muu liiklusõnnetus,Valge aeg
2014-04-18 19:19:00,2,0,1,Harju maakond,0,Kokkupõrge,Valge aeg
2014-04-19 16:28:00,1,0,1,Harju maakond,0,Ühesõidukiõnnetus,Valge aeg
2014-04-19 17:02:00,3,0,2,Harju maakond,1,Jalakäijaõnnetus,Valge aeg
2014-04-22 07:29:00,2,0,1,Harju maakond,0,Kokkupõrge,Valge aeg
2014-04-23 19:40:00,1,0,1,Rapla maakond,0,Ühesõidukiõnnetus,Valge aeg
2014-04-27 15:26:00,1,0,1,Harju maakond,1,Jalakäijaõnnetus,Valge aeg
2014-04-29 07:35:00,3,0,1,Harju maakond,0,Kokkupõrge,Valge aeg
2014-04-30 17:15:00,2,0,1,Harju maakond,0,Kokkupõrge,Valge aeg
2014-04-05 00:00:00,2,0,1,Harju maakond,0,Kokkupõrge,Valge aeg
2014-04-05 00:00:00,2,0,1,Harju maakond,1,Jalakäijaõnnetus,Valge aeg
2014-05-05 00:00:00,1,0,1,Harju maakond,0,Ühesõidukiõnnetus,Pimeda aeg
2014-09-05 00:00:00,2,0,1,Harju maakond,1,Jalakäijaõnnetus,Valge aeg
2014-10-05 00:00:00,1,0,1,Harju maakond,1,Jalakäijaõnnetus,Valge aeg
2014-12-05 00:00:00,2,0,1,Harju maakond,0,Kokkupõrge,Valge aeg
2014-12-05 00:00:00,2,0,1,Harju maakond,1,Jalakäijaõnnetus,Valge aeg
2014-05-13 17:41:00,2,0,1,Harju maakond,0,Kokkupõrge,Valge aeg
2014-05-15 21:04:00,2,0,1,Harju maakond,1,Jalakäijaõnnetus,Valge aeg
2014-05-16 15:57:00,2,0,1,Harju maakond,1,Jalakäijaõnnetus,Valge aeg
2014-05-19 08:06:00,2,0,1,Viljandi maakond,0,Kokkupõrge,Valge aeg
2014-05-21 17:18:00,2,0,1,Harju maakond,0,Kokkupõrge,Valge aeg
2014-05-26 22:18:00,2,0,1,Harju maakond,0,Kokkupõrge,Pimeda aeg
2014-05-27 10:45:00,2,0,1,Põlva maakond,0,Kokkupõrge,Valge aeg
2014-05-27 12:10:00,1,0,1,Viljandi maakond,0,Ühesõidukiõnnetus,Valge aeg
2014-05-29 15:30:00,2,0,1,Harju maakond,0,Kokkupõrge,Valge aeg
2014-05-31 03:20:00,1,0,1,Tartu maakond,0,Muu liiklusõnnetus,Pimeda aeg
2014-02-06 00:00:00,2,0,1,Harju maakond,1,Jalakäijaõnnetus,Valge aeg
2014-02-06 00:00:00,2,0,1,Tartu maakond,0,Kokkupõrge,Valge aeg
2014-02-06 00:00:00,2,0,1,Harju maakond,0,Kokkupõrge,Valge aeg
2014-02-06 00:00:00,2,0,1,Tartu maakond,0,Kokkupõrge,Valge aeg
2014-03-06 00:00:00,2,0,1,Tartu maakond,1,Jalakäijaõnnetus,Valge aeg
2014-03-06 00:00:00,2,0,1,Harju maakond,0,Kokkupõrge,Valge aeg
2014-03-06 00:00:00,2,0,2,Harju maakond,0,Kokkupõrge,Valge aeg
2014-03-06 00:00:00,2,0,1,Võru maakond,0,Kokkupõrge,Valge aeg
2014-04-06 00:00:00,2,0,1,Viljandi maakond,0,Kokkupõrge,Valge aeg
2014-04-06 00:00:00,2,0,1,Harju maakond,0,Kokkupõrge,Valge aeg
2014-07-06 00:00:00,2,0,1,Harju maakond,0,Teadmata,Valge aeg
2014-11-06 00:00:00,1,0,1,Harju maakond,0,Muu liiklusõnnetus,Valge aeg
2014-11-06 00:00:00,2,0,1,Harju maakond,0,Kokkupõrge,Valge aeg
2014-12-06 00:00:00,1,0,1,Harju maakond,0,Muu liiklusõnnetus,Valge aeg
2014-12-06 00:00:00,1,0,1,Harju maakond,0,Ühesõidukiõnnetus,Pimeda aeg
2014-06-19 12:30:00,2,0,1,Harju maakond,1,Jalakäijaõnnetus,Valge aeg
2014-06-19 15:50:00,2,0,1,Harju maakond,0,Kokkupõrge,Valge aeg
2014-06-20 15:55:00,2,0,1,Harju maakond,0,Kokkupõrge,Valge aeg
2014-01-07 00:00:00,1,0,1,Harju maakond,0,Kokkupõrge,Valge aeg
2014-02-07 00:00:00,1,0,1,Harju maakond,1,Jalakäijaõnnetus,Valge aeg
2014-04-07 00:00:00,2,0,1,Harju maakond,1,Jalakäijaõnnetus,Valge aeg
2014-05-07 00:00:00,1,0,1,Harju maakond,0,Ühesõidukiõnnetus,Pimeda aeg
2014-06-07 00:00:00,2,0,1,Harju maakond,1,Jalakäijaõnnetus,Valge aeg
2014-09-07 00:00:00,2,0,1,Harju maakond,0,Kokkupõrge,Valge aeg
2014-10-07 00:00:00,2,0,1,Harju maakond,1,Jalakäijaõnnetus,Pimeda aeg
2014-12-07 00:00:00,2,0,1,Harju maakond,0,Kokkupõrge,Valge aeg
2014-07-16 13:20:00,1,0,1,Harju maakond,0,Muu liiklusõnnetus,Valge aeg
2014-07-16 17:41:00,2,0,1,Harju maakond,0,Kokkupõrge,Valge aeg
2014-07-17 15:00:00,2,0,1,Harju maakond,1,Jalakäijaõnnetus,Valge aeg
2014-07-18 22:22:00,2,0,1,Harju maakond,1,Jalakäijaõnnetus,Valge aeg
2014-07-20 19:28:00,2,0,1,Harju maakond,0,Kokkupõrge,Valge aeg
2014-07-21 08:07:00,2,0,1,Harju maakond,0,Kokkupõrge,Valge aeg
2014-07-21 13:20:00,2,0,1,Harju maakond,0,Kokkupõrge,Valge aeg
2014-07-22 12:45:00,2,0,1,Harju maakond,1,Jalakäijaõnnetus,Valge aeg
2014-07-22 13:07:00,2,0,1,Harju maakond,1,Jalakäijaõnnetus,Valge aeg
2014-07-22 15:36:00,1,0,1,Harju maakond,0,Muu liiklusõnnetus,Valge aeg
2014-07-23 12:37:00,2,0,1,Harju maakond,0,Kokkupõrge,Valge aeg
2014-07-24 20:45:00,2,0,2,Harju maakond,0,Kokkupõrge,Valge aeg
2014-07-22 17:35:00,1,0,1,Harju maakond,0,Kokkupõrge,Valge aeg
2014-07-25 18:35:00,2,0,2,Harju maakond,0,Kokkupõrge,Valge aeg
2014-07-30 10:08:00,2,0,1,Harju maakond,0,Kokkupõrge,Valge aeg
2014-07-31 17:04:00,1,0,1,Harju maakond,0,Ühesõidukiõnnetus,Valge aeg
2014-01-08 00:00:00,1,0,1,Harju maakond,0,Ühesõidukiõnnetus,Valge aeg
2014-02-08 00:00:00,1,0,1,Harju maakond,0,Muu liiklusõnnetus,Valge aeg
2014-02-08 00:00:00,1,0,1,Harju maakond,0,Kokkupõrge,Pimeda aeg
2014-04-08 00:00:00,2,0,1,Harju maakond,0,Kokkupõrge,Valge aeg
2014-04-08 00:00:00,1,0,1,Saare maakond,0,Ühesõidukiõnnetus,Valge aeg
2014-04-08 00:00:00,5,0,2,Harju maakond,0,Kokkupõrge,Valge aeg
2014-04-08 00:00:00,2,0,1,Harju maakond,1,Jalakäijaõnnetus,Pimeda aeg
2014-06-08 00:00:00,1,0,1,Harju maakond,0,Muu liiklusõnnetus,Valge aeg
2014-06-08 00:00:00,3,0,1,Tartu maakond,0,Kokkupõrge,Valge aeg
2014-07-08 00:00:00,2,1,4,Valga maakond,0,Kokkupõrge,Valge aeg
2014-07-08 00:00:00,2,0,2,Harju maakond,0,Kokkupõrge,Valge aeg
2014-08-08 00:00:00,2,0,1,Harju maakond,0,Teadmata,Valge aeg
2014-08-08 00:00:00,1,0,1,Harju maakond,0,Muu liiklusõnnetus,Valge aeg
2014-08-08 00:00:00,3,0,2,Harju maakond,0,Kokkupõrge,Valge aeg
2014-10-08 00:00:00,1,0,1,Harju maakond,0,Ühesõidukiõnnetus,Pimeda aeg
2014-10-08 00:00:00,2,0,1,Harju maakond,0,Muu liiklusõnnetus,Valge aeg
2014-08-13 13:25:00,2,0,1,Harju maakond,0,Kokkupõrge,Valge aeg
2014-08-13 17:56:00,1,0,1,Harju maakond,0,Muu liiklusõnnetus,Valge aeg
2014-08-13 20:31:00,2,0,1,Harju maakond,0,Teadmata,Valge aeg
2014-08-16 14:30:00,3,0,1,Harju maakond,0,Kokkupõrge,Valge aeg
2014-08-16 16:10:00,2,0,2,Harju maakond,0,Kokkupõrge,Valge aeg
2014-08-20 04:20:00,2,1,0,Harju maakond,0,Kokkupõrge,Valge aeg
2014-08-23 16:50:00,1,0,2,Võru maakond,0,Ühesõidukiõnnetus,Valge aeg
2014-08-24 23:56:00,2,0,1,Harju maakond,1,Jalakäijaõnnetus,Pimeda aeg
2014-08-25 18:50:00,1,0,1,Harju maakond,0,Muu liiklusõnnetus,Valge aeg
2014-08-26 21:59:00,2,0,1,Harju maakond,1,Jalakäijaõnnetus,Pimeda aeg
2014-08-27 10:30:00,2,0,1,Harju maakond,1,Jalakäijaõnnetus,Valge aeg
2014-08-29 22:53:00,3,0,1,Harju maakond,1,Jalakäijaõnnetus,Pimeda aeg
2014-08-30 20:26:00,1,0,1,Harju maakond,0,Ühesõidukiõnnetus,Valge aeg
2014-01-09 00:00:00,2,0,1,Harju maakond,0,Kokkupõrge,Valge aeg
2014-05-09 00:00:00,2,0,1,Harju maakond,1,Jalakäijaõnnetus,Pimeda aeg
2014-06-09 00:00:00,2,0,1,Harju maakond,1,Jalakäijaõnnetus,Valge aeg
2014-06-09 00:00:00,1,0,1,Võru maakond,0,Ühesõidukiõnnetus,Valge aeg
2014-06-09 00:00:00,2,0,1,Harju maakond,0,Kokkupõrge,Valge aeg
2014-07-09 00:00:00,2,0,1,Harju maakond,1,Jalakäijaõnnetus,Valge aeg
2014-08-09 00:00:00,2,0,1,Harju maakond,0,Kokkupõrge,Valge aeg
2014-08-09 00:00:00,2,0,1,Harju maakond,0,Kokkupõrge,Valge aeg
2014-09-09 00:00:00,2,0,1,Harju maakond,1,Jalakäijaõnnetus,Valge aeg
2014-09-09 00:00:00,1,0,1,Harju maakond,0,Muu liiklusõnnetus,Valge aeg
2014-11-09 00:00:00,3,0,2,Harju maakond,0,Kokkupõrge,Valge aeg
2014-11-09 00:00:00,3,0,1,Harju maakond,0,Kokkupõrge,Valge aeg
2014-09-16 18:20:00,2,0,1,Lääne maakond,0,Kokkupõrge,Valge aeg
2014-09-19 14:00:00,2,0,1,Tartu maakond,1,Jalakäijaõnnetus,Valge aeg
2014-09-21 10:05:00,1,0,1,Harju maakond,0,Muu liiklusõnnetus,Valge aeg
2014-09-22 14:42:00,0,0,1,Rapla maakond,0,Ühesõidukiõnnetus,Valge aeg
2014-09-25 22:48:00,2,0,1,Harju maakond,1,Jalakäijaõnnetus,Pimeda aeg
2014-09-28 21:30:00,2,0,1,Harju maakond,0,Kokkupõrge,Pimeda aeg
2014-09-29 07:35:00,2,0,1,Harju maakond,1,Jalakäijaõnnetus,Valge aeg
2014-09-29 11:25:00,2,0,1,Harju maakond,0,Kokkupõrge,Valge aeg
2014-01-10 00:00:00,2,0,1,Harju maakond,0,Kokkupõrge,Valge aeg
2014-01-10 00:00:00,2,0,1,Harju maakond,0,Kokkupõrge,Valge aeg
2014-02-10 00:00:00,2,1,0,Harju maakond,1,Jalakäijaõnnetus,Pimeda aeg
2014-02-10 00:00:00,2,0,1,Harju maakond,0,Kokkupõrge,Pimeda aeg
2014-08-10 00:00:00,1,0,2,Viljandi maakond,0,Ühesõidukiõnnetus,Valge aeg
2014-08-10 00:00:00,2,0,1,Jõgeva maakond,0,Kokkupõrge,Valge aeg
2014-10-26 04:01:00,1,0,1,Tartu maakond,0,Ühesõidukiõnnetus,Pimeda aeg
2014-03-11 00:00:00,2,0,1,Võru maakond,0,Kokkupõrge,Valge aeg
2014-07-11 00:00:00,0,0,1,Harju maakond,0,Muu liiklusõnnetus,Valge aeg
2014-09-11 00:00:00,2,0,1,Viljandi maakond,0,Muu liiklusõnnetus,Pimeda aeg
2014-11-13 10:10:00,2,0,1,Harju maakond,1,Jalakäijaõnnetus,Valge aeg
2014-11-16 00:15:00,2,0,1,Harju maakond,0,Kokkupõrge,Pimeda aeg
2015-02-18 00:00:00,1,0,1,Tartu maakond,0,Ühesõidukiõnnetus,Valge aeg
2015-09-03 00:00:00,2,1,0,Võru maakond,0,Kokkupõrge,Pimeda aeg
2015-06-17 02:00:00,1,0,1,Valga maakond,0,Ühesõidukiõnnetus,Pimeda aeg
2017-05-23 09:55:00,4,0,1,Harju maakond,0,Kokkupõrge,Valge aeg
2017-05-23 19:20:00,1,0,1,Võru maakond,0,Muu liiklusõnnetus,Valge aeg
2017-05-24 13:43:00,2,0,1,Tartu maakond,0,Kokkupõrge,Valge aeg
2017-05-23 16:07:00,2,0,1,Harju maakond,0,Muu liiklusõnnetus,Valge aeg
2017-05-25 09:52:00,2,0,1,Tartu maakond,0,Kokkupõrge,Valge aeg
2017-05-25 11:22:00,1,0,1,Harju maakond,1,Jalakäijaõnnetus,Valge aeg
2017-05-25 15:24:00,1,0,1,Harju maakond,0,Ühesõidukiõnnetus,Valge aeg
2017-05-25 18:15:00,2,0,2,Lääne-Viru maakond,0,Ühesõidukiõnnetus,Valge aeg
2017-05-26 08:04:00,4,0,2,Harju maakond,1,Jalakäijaõnnetus,Valge aeg
2017-05-26 12:10:00,2,0,1,Harju maakond,0,Muu liiklusõnnetus,Valge aeg
2017-05-26 12:10:00,2,0,1,Harju maakond,0,Kokkupõrge,Valge aeg
2017-05-26 14:00:00,1,0,1,Harju maakond,1,Jalakäijaõnnetus,Valge aeg
2017-05-26 17:49:00,2,0,1,Harju maakond,1,Jalakäijaõnnetus,Valge aeg
2017-05-26 20:18:00,3,0,1,Lääne maakond,0,Kokkupõrge,Valge aeg
2017-05-26 20:21:00,1,0,1,Saare maakond,0,Ühesõidukiõnnetus,Valge aeg
2017-05-27 10:45:00,1,0,1,Lääne-Viru maakond,0,Kokkupõrge,Valge aeg
2017-05-27 13:10:00,1,0,1,Harju maakond,0,Ühesõidukiõnnetus,Valge aeg
2017-05-27 13:43:00,2,0,1,Võru maakond,0,Kokkupõrge,Valge aeg
2017-05-27 15:25:00,2,0,1,Harju maakond,1,Jalakäijaõnnetus,Valge aeg
2017-05-27 19:46:00,1,0,1,Harju maakond,0,Muu liiklusõnnetus,Valge aeg
2017-05-28 10:14:00,3,0,2,Harju maakond,1,Jalakäijaõnnetus,Valge aeg
2017-05-28 18:39:00,1,0,1,Harju maakond,0,Muu liiklusõnnetus,Valge aeg
2017-05-28 20:33:00,2,0,2,Harju maakond,0,Teadmata,Valge aeg
2017-05-28 21:13:00,1,0,1,Harju maakond,0,Ühesõidukiõnnetus,Valge aeg
2017-05-28 10:00:00,2,0,1,Harju maakond,0,Kokkupõrge,Valge aeg
2017-05-28 22:47:00,1,0,1,Harju maakond,0,Muu liiklusõnnetus,Pimeda aeg
2017-05-29 12:00:00,2,0,1,Jõgeva maakond,0,Kokkupõrge,Valge aeg
2017-05-29 16:00:00,2,0,1,Harju maakond,0,Kokkupõrge,Valge aeg
2017-05-29 16:42:00,1,0,1,Harju maakond,0,Ühesõidukiõnnetus,Valge aeg
2017-05-29 16:40:00,2,0,1,Harju maakond,0,Kokkupõrge,Valge aeg
2017-05-29 19:02:00,2,0,1,Tartu maakond,0,Kokkupõrge,Valge aeg
2017-05-30 10:30:00,3,0,2,Saare maakond,0,Kokkupõrge,Valge aeg
2017-05-30 13:18:00,2,0,1,Harju maakond,0,Kokkupõrge,Valge aeg
2017-05-30 16:40:00,2,0,2,Tartu maakond,1,Jalakäijaõnnetus,Valge aeg
2017-05-30 19:46:00,1,0,1,Võru maakond,0,Muu liiklusõnnetus,Valge aeg
2017-05-31 11:30:00,4,0,2,Harju maakond,0,Kokkupõrge,Valge aeg
2017-05-31 14:15:00,2,0,1,Harju maakond,0,Muu liiklusõnnetus,Valge aeg
2017-05-31 18:08:00,3,0,3,Harju maakond,0,Kokkupõrge,Valge aeg
2017-05-31 18:37:00,2,0,1,Harju maakond,1,Jalakäijaõnnetus,Valge aeg
2017-01-06 00:00:00,2,0,1,Harju maakond,0,Kokkupõrge,Valge aeg
2017-01-06 00:00:00,1,0,1,Jõgeva maakond,0,Ühesõidukiõnnetus,Valge aeg
2017-02-06 00:00:00,4,0,1,Harju maakond,0,Kokkupõrge,Valge aeg
2017-02-06 00:00:00,2,0,1,Tartu maakond,0,Kokkupõrge,Valge aeg
2017-02-06 00:00:00,3,0,1,Harju maakond,0,Kokkupõrge,Valge aeg
2017-02-06 00:00:00,2,0,1,Harju maakond,0,Kokkupõrge,Valge aeg
2017-02-06 00:00:00,2,0,1,Ida-Viru maakond,0,Ühesõidukiõnnetus,Valge aeg
2017-02-06 00:00:00,2,0,1,Harju maakond,1,Jalakäijaõnnetus,Valge aeg
2017-02-06 00:00:00,1,0,1,Saare maakond,0,Ühesõidukiõnnetus,Pimeda aeg
2017-03-06 00:00:00,2,0,1,Viljandi maakond,0,Ühesõidukiõnnetus,Pimeda aeg
2017-03-06 00:00:00,4,0,2,Pärnu maakond,0,Kokkupõrge,Valge aeg
2017-03-06 00:00:00,2,0,1,Harju maakond,0,Kokkupõrge,Valge aeg
2017-03-06 00:00:00,3,0,1,Lääne-Viru maakond,0,Kokkupõrge,Valge aeg
2017-03-06 00:00:00,6,0,4,Lääne-Viru maakond,0,Kokkupõrge,Valge aeg
2017-04-06 00:00:00,1,0,1,Tartu maakond,0,Ühesõidukiõnnetus,Pimeda aeg
2017-05-06 00:00:00,2,0,1,Tartu maakond,0,Kokkupõrge,Valge aeg
2017-05-06 00:00:00,2,0,2,Harju maakond,1,Jalakäijaõnnetus,Valge aeg
2017-05-06 00:00:00,3,0,1,Viljandi maakond,0,Muu liiklusõnnetus,Valge aeg
2017-06-06 00:00:00,2,0,1,Harju maakond,0,Kokkupõrge,Valge aeg
2017-06-06 00:00:00,2,0,1,Pärnu maakond,0,Kokkupõrge,Valge aeg
2017-06-06 00:00:00,2,0,1,Harju maakond,0,Kokkupõrge,Valge aeg
2017-06-06 00:00:00,2,0,1,Harju maakond,1,Jalakäijaõnnetus,Valge aeg
2017-06-06 00:00:00,1,0,1,Viljandi maakond,0,Ühesõidukiõnnetus,Valge aeg
2017-07-06 00:00:00,3,1,2,Harju maakond,0,Kokkupõrge,Valge aeg
2017-07-06 00:00:00,2,0,1,Lääne-Viru maakond,0,Kokkupõrge,Valge aeg
2017-07-06 00:00:00,2,0,1,Harju maakond,0,Kokkupõrge,Valge aeg
2017-07-06 00:00:00,2,0,1,Harju maakond,1,Muu liiklusõnnetus,Valge aeg
2017-07-06 00:00:00,3,0,1,Rapla maakond,0,Muu liiklusõnnetus,Valge aeg
2017-07-06 00:00:00,2,0,1,Tartu maakond,0,Kokkupõrge,Valge aeg
2017-07-06 00:00:00,3,0,1,Lääne maakond,0,Kokkupõrge,Valge aeg
2017-07-06 00:00:00,2,0,1,Järva maakond,0,Kokkupõrge,Valge aeg
2017-07-06 00:00:00,2,0,1,Ida-Viru maakond,0,Muu liiklusõnnetus,Valge aeg
2017-08-06 00:00:00,2,0,1,Ida-Viru maakond,1,Jalakäijaõnnetus,Valge aeg
2017-07-06 00:00:00,1,0,1,Põlva maakond,0,Muu liiklusõnnetus,Pimeda aeg
2017-08-06 00:00:00,2,0,1,Ida-Viru maakond,1,Jalakäijaõnnetus,Valge aeg
2017-08-06 00:00:00,1,0,1,Pärnu maakond,0,Ühesõidukiõnnetus,Valge aeg
2017-08-06 00:00:00,3,0,1,Tartu maakond,0,Kokkupõrge,Valge aeg
2017-09-06 00:00:00,1,0,1,Viljandi maakond,0,Ühesõidukiõnnetus,Pimeda aeg
2017-09-06 00:00:00,1,0,1,Harju maakond,0,Ühesõidukiõnnetus,Valge aeg
2017-09-06 00:00:00,2,0,1,Tartu maakond,0,Kokkupõrge,Valge aeg
2017-09-06 00:00:00,3,0,1,Harju maakond,0,Kokkupõrge,Valge aeg
2017-09-06 00:00:00,1,0,1,Harju maakond,0,Ühesõidukiõnnetus,Valge aeg
2017-10-06 00:00:00,4,0,1,Lääne-Viru maakond,0,Kokkupõrge,Valge aeg
2017-10-06 00:00:00,1,0,1,Saare maakond,0,Ühesõidukiõnnetus,Valge aeg
2017-10-06 00:00:00,2,0,1,Harju maakond,0,Kokkupõrge,Valge aeg
2017-10-06 00:00:00,3,0,1,Harju maakond,0,Kokkupõrge,Valge aeg
2017-10-06 00:00:00,2,0,1,Pärnu maakond,0,Kokkupõrge,Valge aeg
2017-10-06 00:00:00,4,0,2,Harju maakond,0,Kokkupõrge,Valge aeg
2017-10-06 00:00:00,2,0,1,Harju maakond,0,Kokkupõrge,Pimeda aeg
2017-11-06 00:00:00,1,0,1,Viljandi maakond,0,Ühesõidukiõnnetus,Pimeda aeg
2017-11-06 00:00:00,2,0,1,Harju maakond,0,Muu liiklusõnnetus,Valge aeg
2017-11-06 00:00:00,5,1,4,Tartu maakond,0,Ühesõidukiõnnetus,Valge aeg
2017-11-06 00:00:00,3,0,1,Harju maakond,0,Kokkupõrge,Valge aeg
2017-12-06 00:00:00,2,0,1,Rapla maakond,0,Kokkupõrge,Valge aeg
2017-12-06 00:00:00,2,0,1,Harju maakond,0,Kokkupõrge,Valge aeg
2017-10-06 00:00:00,1,0,1,Harju maakond,1,Jalakäijaõnnetus,Valge aeg
2017-12-06 00:00:00,2,0,1,Harju maakond,0,Muu liiklusõnnetus,Valge aeg
2017-12-06 00:00:00,2,0,1,Harju maakond,0,Kokkupõrge,Valge aeg
2017-06-13 12:28:00,1,0,1,Harju maakond,0,Ühesõidukiõnnetus,Valge aeg
2017-06-13 13:15:00,2,0,1,Pärnu maakond,0,Kokkupõrge,Valge aeg
2017-06-14 07:48:00,2,0,1,Harju maakond,0,Muu liiklusõnnetus,Valge aeg
2017-06-14 08:56:00,2,0,1,Saare maakond,0,Kokkupõrge,Valge aeg
2017-06-14 09:30:00,2,0,1,Harju maakond,0,Muu liiklusõnnetus,Valge aeg
2017-06-14 17:29:00,6,0,4,Harju maakond,0,Kokkupõrge,Valge aeg
2017-06-14 18:30:00,2,0,2,Harju maakond,0,Kokkupõrge,Valge aeg
2017-06-14 18:30:00,2,0,1,Harju maakond,1,Jalakäijaõnnetus,Valge aeg
2017-06-14 20:20:00,2,0,1,Harju maakond,0,Kokkupõrge,Valge aeg
2017-06-15 07:43:00,2,0,1,Tartu maakond,0,Kokkupõrge,Valge aeg
2017-06-15 09:05:00,2,0,1,Harju maakond,0,Kokkupõrge,Valge aeg
2017-06-15 09:36:00,2,0,1,Põlva maakond,0,Muu liiklusõnnetus,Valge aeg
2017-06-15 11:53:00,2,0,1,Harju maakond,0,Kokkupõrge,Valge aeg
2017-06-15 17:59:00,3,0,1,Harju maakond,0,Kokkupõrge,Valge aeg
2017-06-15 19:07:00,1,0,1,Harju maakond,0,Ühesõidukiõnnetus,Valge aeg
2017-06-16 17:44:00,2,0,1,Ida-Viru maakond,0,Muu liiklusõnnetus,Valge aeg
2017-06-17 05:29:00,1,0,1,Tartu maakond,0,Ühesõidukiõnnetus,Valge aeg
2017-06-17 08:48:00,1,0,1,Tartu maakond,0,Ühesõidukiõnnetus,Valge aeg
2017-06-17 09:54:00,1,0,1,Harju maakond,0,Ühesõidukiõnnetus,Valge aeg
2017-06-17 14:15:00,1,0,1,Jõgeva maakond,0,Ühesõidukiõnnetus,Valge aeg
2017-06-17 17:45:00,3,0,1,Harju maakond,0,Kokkupõrge,Valge aeg
2017-06-17 18:30:00,2,0,1,Pärnu maakond,0,Kokkupõrge,Valge aeg
2017-06-18 01:04:00,1,0,1,Harju maakond,0,Ühesõidukiõnnetus,Pimeda aeg
2017-06-18 02:25:00,3,0,3,Ida-Viru maakond,0,Kokkupõrge,Pimeda aeg
2017-06-18 14:53:00,2,0,1,Tartu maakond,0,Kokkupõrge,Valge aeg
2017-06-18 16:32:00,2,0,1,Võru maakond,0,Kokkupõrge,Valge aeg
2017-06-18 19:00:00,2,0,1,Järva maakond,0,Kokkupõrge,Valge aeg
2017-06-18 19:40:00,3,0,3,Põlva maakond,0,Kokkupõrge,Valge aeg
2017-06-19 09:54:00,4,0,1,Harju maakond,0,Kokkupõrge,Valge aeg
2017-06-19 10:51:00,2,0,1,Harju maakond,1,Jalakäijaõnnetus,Valge aeg
2017-06-19 10:50:00,3,0,1,Harju maakond,0,Kokkupõrge,Valge aeg
2017-06-19 15:39:00,2,0,1,Harju maakond,0,Muu liiklusõnnetus,Valge aeg
2017-06-19 17:48:00,3,0,3,Jõgeva maakond,0,Kokkupõrge,Valge aeg
2017-06-19 18:10:00,1,0,1,Harju maakond,0,Ühesõidukiõnnetus,Valge aeg
2017-06-20 01:16:00,4,0,4,Ida-Viru maakond,0,Kokkupõrge,Pimeda aeg
2017-06-20 12:44:00,2,0,1,Harju maakond,1,Jalakäijaõnnetus,Valge aeg
2017-06-20 14:28:00,1,0,1,Harju maakond,0,Muu liiklusõnnetus,Valge aeg
2017-06-20 16:14:00,2,0,1,Harju maakond,0,Kokkupõrge,Valge aeg
2017-06-20 22:00:00,1,0,1,Võru maakond,0,Kokkupõrge,Valge aeg
2017-06-21 10:55:00,2,0,1,Viljandi maakond,1,Jalakäijaõnnetus,Valge aeg
2017-06-21 11:44:00,2,0,1,Harju maakond,0,Kokkupõrge,Valge aeg
2017-06-21 15:50:00,2,0,1,Viljandi maakond,0,Kokkupõrge,Valge aeg
2017-06-21 19:27:00,1,0,1,Harju maakond,0,Ühesõidukiõnnetus,Valge aeg
2017-06-21 19:40:00,2,0,1,Harju maakond,1,Jalakäijaõnnetus,Valge aeg
2017-06-21 20:15:00,1,0,1,Harju maakond,0,Muu liiklusõnnetus,Valge aeg
2017-06-21 21:35:00,3,0,1,Harju maakond,0,Kokkupõrge,Valge aeg
2017-06-21 21:55:00,1,0,1,Harju maakond,0,Teadmata,Pimeda aeg
2017-06-22 05:11:00,1,1,0,Jõgeva maakond,0,Ühesõidukiõnnetus,Valge aeg
2017-06-22 09:12:00,2,0,1,Harju maakond,0,Kokkupõrge,Valge aeg
2017-06-22 15:35:00,2,0,1,Tartu maakond,0,Kokkupõrge,Valge aeg
2017-06-22 19:19:00,1,0,1,Tartu maakond,0,Ühesõidukiõnnetus,Valge aeg
2017-06-22 21:49:00,2,0,1,Harju maakond,1,Jalakäijaõnnetus,Valge aeg