date,persons_involved,killed,injured,county,pedestrian_involved,accident_type,light_conditions
2017-06-23 00:00:00,1,0,1,Rapla maakond,0,Ühesõidukiõnnetus,Valge aeg
2017-06-24 00:51:00,1,0,1,Jõgeva maakond,0,Ühesõidukiõnnetus,Pimeda aeg
2017-06-24 01:47:00,2,0,1,Tartu maakond,0,Kokkupõrge,Pimeda aeg
2017-06-25 17:36:00,2,0,1,Harju maakond,0,Kokkupõrge,Valge aeg
2017-06-25 18:50:00,3,0,1,Harju maakond,0,Kokkupõrge,Valge aeg
2017-06-27 13:40:00,2,0,1,Pärnu maakond,0,Muu liiklusõnnetus,Valge aeg
2017-06-27 21:18:00,3,0,1,Viljandi maakond,0,Kokkupõrge,Valge aeg
2017-06-28 16:49:00,6,0,4,Harju maakond,0,Kokkupõrge,Valge aeg
2017-06-28 17:24:00,2,0,1,Harju maakond,1,Jalakäijaõnnetus,Valge aeg
2017-06-28 17:45:00,1,0,1,Valga maakond,0,Ühesõidukiõnnetus,Valge aeg
2017-06-29 16:20:00,1,0,1,Põlva maakond,0,Ühesõidukiõnnetus,Valge aeg
2017-06-29 17:29:00,2,0,1,Harju maakond,1,Jalakäijaõnnetus,Valge aeg
2017-06-29 21:03:00,2,0,1,Harju maakond,1,Jalakäijaõnnetus,Valge aeg
2017-06-30 02:23:00,2,0,2,Saare maakond,0,Ühesõidukiõnnetus,Pimeda aeg
2017-06-30 11:20:00,2,0,1,Pärnu maakond,0,Kokkupõrge,Valge aeg
2017-06-30 15:50:00,2,0,1,Harju maakond,0,Kokkupõrge,Valge aeg
2017-06-30 21:49:00,4,0,4,Valga maakond,0,Kokkupõrge,Valge aeg
2017-01-07 00:00:00,1,0,1,Viljandi maakond,0,Ühesõidukiõnnetus,Valge aeg
2017-01-07 00:00:00,2,0,1,Viljandi maakond,0,Kokkupõrge,Valge aeg
2017-02-07 00:00:00,1,0,1,Lääne maakond,0,Ühesõidukiõnnetus,Pimeda aeg
2017-02-07 00:00:00,3,1,2,Lääne maakond,0,Kokkupõrge,Valge aeg
2017-02-07 00:00:00,1,0,1,Võru maakond,0,Ühesõidukiõnnetus,Valge aeg
2017-03-07 00:00:00,3,2,1,Tartu maakond,0,Kokkupõrge,Valge aeg
2017-03-07 00:00:00,2,0,2,Rapla maakond,0,Ühesõidukiõnnetus,Valge aeg
2017-03-07 00:00:00,2,0,1,Tartu maakond,0,Kokkupõrge,Valge aeg
2017-04-07 00:00:00,2,0,1,Hiiu maakond,0,Kokkupõrge,Valge aeg
2017-04-07 00:00:00,2,0,1,Pärnu maakond,1,Jalakäijaõnnetus,Valge aeg
2017-04-07 00:00:00,3,0,1,Tartu maakond,1,Jalakäijaõnnetus,Valge aeg
2017-04-07 00:00:00,2,0,1,Põlva maakond,0,Kokkupõrge,Valge aeg
2017-04-07 00:00:00,2,0,1,Võru maakond,0,Kokkupõrge,Valge aeg
2017-05-07 00:00:00,1,0,1,Harju maakond,0,Ühesõidukiõnnetus,Valge aeg
2017-06-07 00:00:00,2,0,2,Harju maakond,0,Ühesõidukiõnnetus,Valge aeg
2017-07-07 00:00:00,1,0,1,Võru maakond,0,Ühesõidukiõnnetus,Valge aeg
2017-07-07 00:00:00,1,0,1,Harju maakond,0,Muu liiklusõnnetus,Valge aeg
2017-07-07 00:00:00,5,0,3,Harju maakond,0,Kokkupõrge,Valge aeg
2017-07-07 00:00:00,1,0,1,Rapla maakond,0,Muu liiklusõnnetus,Valge aeg
2017-07-07 00:00:00,1,1,0,Ida-Viru maakond,0,Ühesõidukiõnnetus,Pimeda aeg
2017-08-07 00:00:00,3,0,2,Järva maakond,0,Muu liiklusõnnetus,Pimeda aeg
2017-08-07 00:00:00,2,0,1,Valga maakond,0,Kokkupõrge,Valge aeg
2017-08-07 00:00:00,1,0,1,Valga maakond,0,Ühesõidukiõnnetus,Valge aeg
2017-08-07 00:00:00,6,1,4,Saare maakond,0,Kokkupõrge,Valge aeg
2017-08-07 00:00:00,2,0,1,Tartu maakond,1,Jalakäijaõnnetus,Valge aeg
2017-09-07 00:00:00,2,0,2,Harju maakond,0,Muu liiklusõnnetus,Pimeda aeg
2017-09-07 00:00:00,1,0,1,Valga maakond,0,Ühesõidukiõnnetus,Valge aeg
2017-09-07 00:00:00,2,0,1,Ida-Viru maakond,0,Muu liiklusõnnetus,Valge aeg
2017-09-07 00:00:00,2,0,1,Jõgeva maakond,0,Kokkupõrge,Valge aeg
2017-09-07 00:00:00,2,0,1,Valga maakond,0,Ühesõidukiõnnetus,Valge aeg
2017-09-07 00:00:00,2,0,2,Harju maakond,0,Ühesõidukiõnnetus,Valge aeg
2017-09-07 00:00:00,3,0,1,Harju maakond,0,Kokkupõrge,Valge aeg
2017-09-07 00:00:00,1,0,1,Harju maakond,0,Muu liiklusõnnetus,Pimeda aeg
2017-09-07 00:00:00,2,0,1,Tartu maakond,0,Kokkupõrge,Pimeda aeg
2017-10-07 00:00:00,2,0,1,Harju maakond,1,Jalakäijaõnnetus,Valge aeg
2017-10-07 00:00:00,2,0,1,Valga maakond,0,Kokkupõrge,Valge aeg
2017-10-07 00:00:00,1,0,1,Valga maakond,0,Muu liiklusõnnetus,Valge aeg
2017-10-07 00:00:00,1,0,1,Tartu maakond,0,Ühesõidukiõnnetus,Pimeda aeg
2017-11-07 00:00:00,2,0,1,Harju maakond,0,Kokkupõrge,Valge aeg
2017-11-07 00:00:00,3,0,1,Võru maakond,0,Kokkupõrge,Valge aeg
2017-11-07 00:00:00,1,0,1,Järva maakond,0,Ühesõidukiõnnetus,Valge aeg
2017-11-07 00:00:00,2,0,1,Harju maakond,1,Jalakäijaõnnetus,Valge aeg
2017-12-07 00:00:00,2,0,1,Harju maakond,1,Jalakäijaõnnetus,Valge aeg
2017-12-07 00:00:00,3,0,1,Harju maakond,0,Kokkupõrge,Valge aeg
2017-12-07 00:00:00,2,0,1,Lääne-Viru maakond,0,Kokkupõrge,Valge aeg
2017-12-07 00:00:00,2,0,1,Harju maakond,0,Kokkupõrge,Valge aeg
2017-12-07 00:00:00,2,0,1,Hiiu maakond,0,Kokkupõrge,Valge aeg
2017-07-13 07:52:00,3,0,1,Harju maakond,0,Kokkupõrge,Valge aeg
2017-07-13 13:27:00,2,0,1,Tartu maakond,0,Kokkupõrge,Valge aeg
2017-07-13 14:00:00,2,0,2,Harju maakond,0,Ühesõidukiõnnetus,Valge aeg
2017-07-13 10:45:00,2,0,1,Harju maakond,1,Jalakäijaõnnetus,Valge aeg
2017-07-13 17:05:00,2,0,1,Võru maakond,0,Ühesõidukiõnnetus,Valge aeg
2017-07-13 17:36:00,2,0,1,Tartu maakond,0,Kokkupõrge,Valge aeg
2017-07-13 00:00:00,1,0,1,Pärnu maakond,0,Ühesõidukiõnnetus,Valge aeg
2017-07-13 19:40:00,3,0,2,Harju maakond,0,Kokkupõrge,Valge aeg
2017-07-13 19:54:00,3,0,3,Valga maakond,0,Ühesõidukiõnnetus,Valge aeg
2017-07-14 10:27:00,2,0,1,Hiiu maakond,1,Jalakäijaõnnetus,Valge aeg
2017-07-14 12:59:00,2,0,1,Saare maakond,0,Kokkupõrge,Valge aeg
2017-07-14 15:30:00,6,0,4,Valga maakond,0,Kokkupõrge,Valge aeg
2017-07-14 16:47:00,2,0,1,Harju maakond,1,Jalakäijaõnnetus,Valge aeg
2017-07-14 17:33:00,1,0,1,Põlva maakond,0,Ühesõidukiõnnetus,Valge aeg
2017-07-14 17:31:00,2,0,1,Harju maakond,0,Muu liiklusõnnetus,Valge aeg
2017-07-14 18:08:00,2,0,1,Harju maakond,0,Kokkupõrge,Valge aeg
2017-07-14 18:10:00,2,0,1,Harju maakond,0,Muu liiklusõnnetus,Valge aeg
2017-07-15 11:10:00,2,0,1,Harju maakond,0,Kokkupõrge,Valge aeg
2017-07-15 15:30:00,2,0,1,Harju maakond,1,Jalakäijaõnnetus,Valge aeg
2017-07-15 15:36:00,1,0,1,Pärnu maakond,0,Ühesõidukiõnnetus,Valge aeg
2017-07-15 17:03:00,2,0,1,Pärnu maakond,1,Jalakäijaõnnetus,Valge aeg
2017-07-15 19:00:00,1,0,1,Pärnu maakond,0,Kokkupõrge,Valge aeg
2017-07-15 21:07:00,1,0,1,Pärnu maakond,0,Ühesõidukiõnnetus,Valge aeg
2017-07-15 21:30:00,1,0,1,Harju maakond,0,Ühesõidukiõnnetus,Valge aeg
2017-07-15 23:40:00,4,0,1,Harju maakond,0,Kokkupõrge,Pimeda aeg
2017-07-16 01:15:00,1,0,1,Järva maakond,0,Ühesõidukiõnnetus,Valge aeg
2017-07-16 16:26:00,3,0,2,Pärnu maakond,1,Jalakäijaõnnetus,Valge aeg
2017-07-16 19:12:00,1,0,1,Harju maakond,0,Ühesõidukiõnnetus,Valge aeg
2017-07-16 21:55:00,2,0,1,Ida-Viru maakond,1,Jalakäijaõnnetus,Valge aeg
2017-07-16 22:20:00,1,0,1,Rapla maakond,0,Ühesõidukiõnnetus,Pimeda aeg
2017-07-17 11:15:00,3,0,1,Lääne-Viru maakond,0,Muu liiklusõnnetus,Valge aeg
2017-07-17 16:32:00,2,0,1,Pärnu maakond,0,Kokkupõrge,Valge aeg
2017-07-17 17:45:00,2,0,1,Harju maakond,0,Muu liiklusõnnetus,Valge aeg
2017-07-18 09:02:00,2,0,1,Viljandi maakond,0,Ühesõidukiõnnetus,Valge aeg
2017-07-18 11:28:00,2,0,1,Saare maakond,0,Kokkupõrge,Valge aeg
2017-07-18 12:15:00,2,0,1,Harju maakond,0,Kokkupõrge,Valge aeg
2017-07-18 15:30:00,5,0,3,Ida-Viru maakond,0,Kokkupõrge,Valge aeg
2017-07-18 21:52:00,1,0,1,Harju maakond,0,Muu liiklusõnnetus,Valge aeg
2017-07-19 10:37:00,2,0,1,Harju maakond,1,Jalakäijaõnnetus,Valge aeg
2017-07-19 14:20:00,1,0,1,Harju maakond,0,Ühesõidukiõnnetus,Valge aeg
2017-07-19 17:45:00,2,0,1,Harju maakond,1,Jalakäijaõnnetus,Valge aeg
2017-07-20 11:04:00,2,0,2,Valga maakond,0,Kokkupõrge,Valge aeg
2017-07-20 13:55:00,1,0,1,Võru maakond,0,Ühesõidukiõnnetus,Valge aeg
2017-07-20 19:30:00,1,0,1,Jõgeva maakond,0,Ühesõidukiõnnetus,Valge aeg
2017-07-21 12:30:00,2,0,1,Harju maakond,1,Jalakäijaõnnetus,Valge aeg
2017-07-21 19:15:00,5,0,3,Harju maakond,0,Kokkupõrge,Valge aeg
2017-07-22 08:15:00,1,0,1,Lääne-Viru maakond,0,Ühesõidukiõnnetus,Valge aeg
2017-07-22 09:50:00,2,0,1,Ida-Viru maakond,0,Muu liiklusõnnetus,Valge aeg
2017-07-22 11:19:00,2,0,2,Saare maakond,0,Ühesõidukiõnnetus,Valge aeg
2017-07-22 16:20:00,2,0,1,Tartu maakond,0,Kokkupõrge,Valge aeg
2017-07-22 18:30:00,3,0,2,Tartu maakond,0,Kokkupõrge,Valge aeg
2017-07-22 18:55:00,1,0,1,Harju maakond,0,Ühesõidukiõnnetus,Valge aeg
2017-07-23 08:23:00,2,0,2,Tartu maakond,0,Ühesõidukiõnnetus,Valge aeg
2017-07-23 11:50:00,5,0,4,Harju maakond,0,Kokkupõrge,Valge aeg
2017-07-23 19:12:00,2,0,1,Ida-Viru maakond,1,Jalakäijaõnnetus,Valge aeg
2017-07-24 15:19:00,2,0,1,Harju maakond,1,Jalakäijaõnnetus,Valge aeg
2017-07-24 17:00:00,2,0,2,Viljandi maakond,0,Kokkupõrge,Valge aeg
2017-07-24 17:41:00,2,0,1,Harju maakond,1,Jalakäijaõnnetus,Valge aeg
2017-07-24 19:55:00,1,0,1,Harju maakond,0,Muu liiklusõnnetus,Valge aeg
2017-07-25 10:15:00,2,0,1,Harju maakond,0,Kokkupõrge,Valge aeg
2017-07-25 11:31:00,2,0,1,Saare maakond,1,Jalakäijaõnnetus,Valge aeg
2017-07-25 17:30:00,1,0,1,Harju maakond,1,Jalakäijaõnnetus,Valge aeg
2017-07-25 19:30:00,2,0,1,Harju maakond,0,Teadmata,Valge aeg
2017-07-26 07:50:00,2,0,1,Ida-Viru maakond,0,Muu liiklusõnnetus,Valge aeg
2017-07-26 10:49:00,1,0,1,Pärnu maakond,0,Ühesõidukiõnnetus,Valge aeg
2017-07-26 13:01:00,4,0,2,Harju maakond,1,Kokkupõrge,Valge aeg
2017-07-26 13:16:00,2,0,1,Harju maakond,0,Muu liiklusõnnetus,Valge aeg
2017-07-26 16:15:00,2,0,1,Järva maakond,0,Kokkupõrge,Valge aeg
2017-07-26 18:43:00,3,0,1,Harju maakond,0,Kokkupõrge,Valge aeg
2017-07-26 19:48:00,1,0,1,Harju maakond,0,Ühesõidukiõnnetus,Valge aeg
2017-07-26 20:58:00,1,0,1,Harju maakond,0,Muu liiklusõnnetus,Valge aeg
2017-07-27 10:20:00,2,0,2,Saare maakond,0,Kokkupõrge,Valge aeg
2017-07-27 14:47:00,2,0,1,Harju maakond,0,Kokkupõrge,Valge aeg
2017-07-27 21:46:00,1,0,1,Jõgeva maakond,0,Ühesõidukiõnnetus,Pimeda aeg
2017-07-28 10:55:00,3,0,3,Harju maakond,0,Kokkupõrge,Valge aeg
2017-07-28 11:42:00,2,0,1,Harju maakond,0,Kokkupõrge,Valge aeg
2017-07-28 15:09:00,1,0,1,Harju maakond,1,Jalakäijaõnnetus,Valge aeg
2017-07-28 16:19:00,2,0,1,Viljandi maakond,1,Jalakäijaõnnetus,Valge aeg
2017-07-28 18:17:00,5,0,2,Lääne-Viru maakond,0,Kokkupõrge,Valge aeg
2017-07-28 19:23:00,2,0,1,Jõgeva maakond,0,Kokkupõrge,Valge aeg
2017-07-29 00:38:00,1,0,1,Võru maakond,0,Ühesõidukiõnnetus,Pimeda aeg
2017-07-29 11:40:00,2,0,1,Jõgeva maakond,0,Muu liiklusõnnetus,Valge aeg
2017-07-29 13:38:00,1,0,1,Harju maakond,0,Ühesõidukiõnnetus,Valge aeg
2017-07-29 14:45:00,2,0,1,Harju maakond,1,Muu liiklusõnnetus,Valge aeg
2017-07-29 16:40:00,1,0,1,Pärnu maakond,0,Ühesõidukiõnnetus,Valge aeg
2017-07-30 04:34:00,1,0,1,Rapla maakond,0,Ühesõidukiõnnetus,Valge aeg
2017-07-30 20:21:00,1,0,1,Harju maakond,0,Ühesõidukiõnnetus,Valge aeg
2017-07-30 22:09:00,3,0,1,Harju maakond,0,Kokkupõrge,Valge aeg
2017-07-30 22:26:00,2,0,1,Põlva maakond,0,Muu liiklusõnnetus,Pimeda aeg
2017-07-31 10:52:00,2,0,1,Harju maakond,0,Kokkupõrge,Valge aeg
2017-07-31 13:10:00,2,0,1,Harju maakond,1,Jalakäijaõnnetus,Valge aeg
2017-07-31 13:24:00,2,0,2,Viljandi maakond,0,Kokkupõrge,Valge aeg
2017-07-31 15:38:00,2,0,1,Harju maakond,0,Muu liiklusõnnetus,Valge aeg
2017-07-31 18:29:00,2,0,1,Harju maakond,1,Jalakäijaõnnetus,Valge aeg
2017-07-31 19:10:00,1,0,1,Ida-Viru maakond,1,Jalakäijaõnnetus,Valge aeg
2017-07-31 20:05:00,2,0,1,Harju maakond,0,Ühesõidukiõnnetus,Valge aeg
2017-07-31 20:00:00,2,0,1,Järva maakond,0,Kokkupõrge,Valge aeg
2017-07-31 21:16:00,1,0,1,Tartu maakond,0,Ühesõidukiõnnetus,Valge aeg
2017-01-08 00:00:00,1,0,1,Võru maakond,0,Ühesõidukiõnnetus,Valge aeg
2017-01-08 00:00:00,2,0,1,Harju maakond,0,Kokkupõrge,Valge aeg
2017-01-08 00:00:00,3,0,2,Võru maakond,0,Kokkupõrge,Valge aeg
2017-01-08 00:00:00,2,0,1,Pärnu maakond,1,Jalakäijaõnnetus,Valge aeg
2017-01-08 00:00:00,2,0,1,Harju maakond,0,Kokkupõrge,Valge aeg
2017-01-08 00:00:00,2,0,2,Tartu maakond,1,Jalakäijaõnnetus,Valge aeg
2017-01-08 00:00:00,1,0,1,Harju maakond,0,Ühesõidukiõnnetus,Pimeda aeg
2017-02-08 00:00:00,2,0,1,Põlva maakond,0,Kokkupõrge,Valge aeg
2017-02-08 00:00:00,1,0,1,Harju maakond,0,Ühesõidukiõnnetus,Valge aeg
2017-02-08 00:00:00,2,0,1,Harju maakond,0,Kokkupõrge,Valge aeg
2017-03-08 00:00:00,2,0,1,Harju maakond,1,Jalakäijaõnnetus,Valge aeg
2017-03-08 00:00:00,2,0,1,Harju maakond,0,Kokkupõrge,Valge aeg
2017-03-08 00:00:00,2,0,1,Harju maakond,0,Kokkupõrge,Valge aeg
2017-03-08 00:00:00,2,0,1,Harju maakond,0,Kokkupõrge,Valge aeg
2017-03-08 00:00:00,1,0,1,Viljandi maakond,0,Ühesõidukiõnnetus,Valge aeg
2017-03-08 00:00:00,4,0,1,Harju maakond,0,Kokkupõrge,Valge aeg
2017-03-08 00:00:00,4,0,1,Harju maakond,0,Kokkupõrge,Valge aeg
2017-04-08 00:00:00,1,0,1,Harju maakond,0,Ühesõidukiõnnetus,Valge aeg
2017-04-08 00:00:00,3,0,1,Lääne-Viru maakond,0,Kokkupõrge,Valge aeg
2017-04-08 00:00:00,2,0,2,Harju maakond,0,Kokkupõrge,Pimeda aeg
2017-05-08 00:00:00,3,0,2,Ida-Viru maakond,0,Ühesõidukiõnnetus,Valge aeg
2017-05-08 00:00:00,1,0,1,Võru maakond,0,Ühesõidukiõnnetus,Valge aeg
2017-05-08 00:00:00,2,0,2,Jõgeva maakond,0,Ühesõidukiõnnetus,Valge aeg
2017-05-08 00:00:00,1,0,1,Jõgeva maakond,0,Ühesõidukiõnnetus,Valge aeg
2017-06-08 00:00:00,1,0,1,Lääne maakond,0,Ühesõidukiõnnetus,Valge aeg
2017-06-08 00:00:00,2,0,1,Harju maakond,0,Ühesõidukiõnnetus,Valge aeg
2017-06-08 00:00:00,2,0,1,Harju maakond,1,Jalakäijaõnnetus,Valge aeg
2017-06-08 00:00:00,1,0,1,Harju maakond,0,Ühesõidukiõnnetus,Valge aeg
2017-06-08 00:00:00,4,0,2,Ida-Viru maakond,0,Muu liiklusõnnetus,Valge aeg
2017-07-08 00:00:00,2,0,1,Harju maakond,0,Kokkupõrge,Valge aeg
2017-07-08 00:00:00,2,0,1,Tartu maakond,0,Kokkupõrge,Valge aeg
2017-07-08 00:00:00,2,0,1,Saare maakond,0,Kokkupõrge,Valge aeg
2017-07-08 00:00:00,3,0,1,Rapla maakond,0,Kokkupõrge,Valge aeg
2017-07-08 00:00:00,5,0,2,Harju maakond,0,Kokkupõrge,Valge aeg
2017-07-08 00:00:00,2,0,1,Ida-Viru maakond,0,Muu liiklusõnnetus,Valge aeg
2017-08-08 00:00:00,1,0,1,Harju maakond,0,Ühesõidukiõnnetus,Valge aeg
2017-08-08 00:00:00,2,0,1,Lääne maakond,0,Kokkupõrge,Valge aeg
2017-08-08 00:00:00,3,1,1,Saare maakond,0,Kokkupõrge,Valge aeg
2017-08-08 00:00:00,1,0,1,Põlva maakond,0,Ühesõidukiõnnetus,Valge aeg
2017-08-08 00:00:00,3,0,2,Harju maakond,0,Kokkupõrge,Valge aeg
2017-09-08 00:00:00,2,0,1,Tartu maakond,0,Kokkupõrge,Valge aeg
2017-09-08 00:00:00,1,0,1,Põlva maakond,0,Ühesõidukiõnnetus,Valge aeg
2017-09-08 00:00:00,2,0,2,Ida-Viru maakond,0,Kokkupõrge,Valge aeg
2017-09-08 00:00:00,2,0,1,Harju maakond,0,Muu liiklusõnnetus,Valge aeg
2017-09-08 00:00:00,2,0,1,Harju maakond,1,Jalakäijaõnnetus,Valge aeg
2017-09-08 00:00:00,4,0,1,Tartu maakond,0,Kokkupõrge,Pimeda aeg
2017-10-08 00:00:00,2,0,1,Harju maakond,0,Kokkupõrge,Valge aeg
2017-10-08 00:00:00,2,0,1,Harju maakond,0,Kokkupõrge,Valge aeg
2017-10-08 00:00:00,2,0,2,Harju maakond,0,Kokkupõrge,Valge aeg
2017-10-08 00:00:00,2,0,1,Pärnu maakond,1,Muu liiklusõnnetus,Valge aeg
2017-10-08 00:00:00,1,0,1,Harju maakond,0,Muu liiklusõnnetus,Valge aeg
2017-11-08 00:00:00,1,0,1,Harju maakond,0,Muu liiklusõnnetus,Valge aeg
2017-11-08 00:00:00,3,0,1,Tartu maakond,0,Kokkupõrge,Valge aeg
2017-11-08 00:00:00,2,0,1,Tartu maakond,1,Jalakäijaõnnetus,Valge aeg
2017-11-08 00:00:00,2,0,1,Pärnu maakond,1,Jalakäijaõnnetus,Valge aeg
2017-12-08 00:00:00,2,0,1,Pärnu maakond,1,Jalakäijaõnnetus,Valge aeg
2017-12-08 00:00:00,1,0,1,Pärnu maakond,0,Ühesõidukiõnnetus,Valge aeg
2017-12-08 00:00:00,2,0,1,Võru maakond,0,Kokkupõrge,Valge aeg
2017-12-08 00:00:00,1,0,1,Jõgeva maakond,0,Ühesõidukiõnnetus,Valge aeg
2017-12-08 00:00:00,1,0,1,Pärnu maakond,0,Ühesõidukiõnnetus,Valge aeg
2017-12-08 00:00:00,5,0,4,Harju maakond,0,Ühesõidukiõnnetus,Valge aeg
2017-12-08 00:00:00,2,0,1,Ida-Viru maakond,0,Kokkupõrge,Valge aeg
2017-08-13 03:24:00,2,0,2,Valga maakond,0,Ühesõidukiõnnetus,Pimeda aeg
2017-08-13 11:00:00,3,0,1,Valga maakond,0,Kokkupõrge,Valge aeg
2017-08-13 16:42:00,3,0,3,Rapla maakond,0,Ühesõidukiõnnetus,Valge aeg
2017-08-13 19:30:00,1,0,1,Ida-Viru maakond,0,Ühesõidukiõnnetus,Valge aeg
2017-08-13 21:53:00,4,0,1,Tartu maakond,0,Kokkupõrge,Pimeda aeg
2017-08-14 11:33:00,2,0,1,Harju maakond,0,Muu liiklusõnnetus,Valge aeg
2017-08-14 17:30:00,1,0,1,Pärnu maakond,0,Ühesõidukiõnnetus,Valge aeg
2017-08-14 19:51:00,2,0,1,Harju maakond,0,Kokkupõrge,Valge aeg
2017-08-14 20:00:00,2,0,1,Tartu maakond,1,Muu liiklusõnnetus,Valge aeg
2017-08-14 21:50:00,2,0,1,Pärnu maakond,1,Jalakäijaõnnetus,Pimeda aeg
2017-08-15 14:56:00,4,0,3,Viljandi maakond,0,Kokkupõrge,Valge aeg
2017-08-15 17:21:00,2,0,1,Harju maakond,0,Kokkupõrge,Valge aeg
2017-08-16 05:10:00,1,0,1,Viljandi maakond,0,Ühesõidukiõnnetus,Valge aeg
2017-08-16 08:32:00,2,0,1,Saare maakond,0,Kokkupõrge,Valge aeg
2017-08-16 10:40:00,2,0,1,Pärnu maakond,1,Jalakäijaõnnetus,Valge aeg
2017-08-16 13:07:00,1,0,1,Harju maakond,1,Jalakäijaõnnetus,Valge aeg
2017-08-16 18:15:00,1,0,1,Harju maakond,0,Muu liiklusõnnetus,Valge aeg
2017-08-16 20:42:00,2,0,2,Harju maakond,0,Ühesõidukiõnnetus,Pimeda aeg
2017-08-17 08:53:00,1,0,1,Saare maakond,0,Ühesõidukiõnnetus,Valge aeg
2017-08-17 12:48:00,2,0,1,Rapla maakond,1,Jalakäijaõnnetus,Valge aeg
2017-08-17 12:45:00,9,0,1,Viljandi maakond,0,Kokkupõrge,Valge aeg
2017-08-17 14:05:00,2,0,1,Harju maakond,1,Jalakäijaõnnetus,Valge aeg
2017-08-17 14:10:00,2,0,1,Harju maakond,0,Kokkupõrge,Valge aeg
2017-08-17 18:40:00,2,0,1,Harju maakond,1,Jalakäijaõnnetus,Valge aeg
2017-08-17 21:47:00,1,0,1,Harju maakond,0,Muu liiklusõnnetus,Pimeda aeg
2017-08-17 23:51:00,2,0,2,Tartu maakond,0,Ühesõidukiõnnetus,Pimeda aeg
2017-08-18 14:05:00,1,0,1,Jõgeva maakond,0,Muu liiklusõnnetus,Valge aeg
2017-08-18 14:24:00,2,0,1,Harju maakond,1,Jalakäijaõnnetus,Valge aeg
2017-08-18 15:15:00,1,0,1,Ida-Viru maakond,0,Kokkupõrge,Valge aeg
2017-08-18 15:17:00,2,0,1,Harju maakond,0,Muu liiklusõnnetus,Valge aeg
2017-08-18 21:37:00,2,0,1,Tartu maakond,0,Kokkupõrge,Pimeda aeg
2017-08-19 09:30:00,3,0,1,Harju maakond,0,Kokkupõrge,Valge aeg
2017-08-19 11:37:00,2,0,2,Tartu maakond,0,Ühesõidukiõnnetus,Valge aeg
2017-08-19 15:02:00,2,0,1,Harju maakond,0,Muu liiklusõnnetus,Valge aeg
2017-08-19 22:34:00,2,0,2,Valga maakond,0,Ühesõidukiõnnetus,Pimeda aeg
2017-08-20 15:00:00,1,0,1,Harju maakond,0,Ühesõidukiõnnetus,Valge aeg
2017-08-20 15:46:00,2,0,1,Harju maakond,1,Jalakäijaõnnetus,Valge aeg
2017-08-20 17:35:00,1,0,1,Jõgeva maakond,0,Ühesõidukiõnnetus,Valge aeg
2017-08-21 13:34:00,3,0,2,Harju maakond,1,Kokkupõrge,Valge aeg
2017-08-21 15:05:00,2,0,1,Harju maakond,0,Kokkupõrge,Valge aeg
2017-08-21 17:06:00,2,0,1,Harju maakond,0,Kokkupõrge,Valge aeg
2017-08-22 07:54:00,2,0,1,Harju maakond,0,Kokkupõrge,Valge aeg
2017-08-22 12:38:00,1,0,1,Harju maakond,0,Ühesõidukiõnnetus,Valge aeg
2017-08-22 15:53:00,1,0,1,Harju maakond,0,Muu liiklusõnnetus,Valge aeg
2017-08-22 18:42:00,3,0,2,Harju maakond,0,Kokkupõrge,Valge aeg
2017-08-23 11:46:00,2,0,1,Harju maakond,1,Jalakäijaõnnetus,Valge aeg
2017-08-23 17:15:00,3,0,1,Harju maakond,0,Kokkupõrge,Valge aeg
2017-08-23 18:46:00,2,0,1,Viljandi maakond,0,Muu liiklusõnnetus,Valge aeg
2017-08-24 11:35:00,1,0,1,Järva maakond,0,Ühesõidukiõnnetus,Valge aeg
2017-08-24 11:25:00,2,0,1,Harju maakond,1,Jalakäijaõnnetus,Valge aeg
2017-08-24 13:33:00,2,1,0,Ida-Viru maakond,1,Jalakäijaõnnetus,Valge aeg
2017-08-24 15:44:00,2,0,1,Harju maakond,1,Jalakäijaõnnetus,Valge aeg
2017-08-24 16:50:00,3,0,1,Harju maakond,0,Kokkupõrge,Valge aeg
2017-08-24 20:10:00,3,2,0,Pärnu maakond,0,Kokkupõrge,Valge aeg
2017-08-25 07:40:00,2,0,1,Viljandi maakond,0,Kokkupõrge,Valge aeg
2017-08-25 08:50:00,2,0,1,Harju maakond,0,Kokkupõrge,Valge aeg
2017-08-25 10:08:00,3,0,2,Harju maakond,0,Kokkupõrge,Valge aeg
2017-08-25 10:25:00,2,0,2,Viljandi maakond,0,Ühesõidukiõnnetus,Valge aeg
2017-08-25 14:10:00,2,0,1,Harju maakond,0,Kokkupõrge,Valge aeg
2017-08-25 16:59:00,1,0,1,Põlva maakond,0,Ühesõidukiõnnetus,Valge aeg
2017-08-26 05:20:00,3,0,3,Rapla maakond,0,Ühesõidukiõnnetus,Valge aeg
2017-08-26 13:05:00,1,0,1,Võru maakond,0,Ühesõidukiõnnetus,Valge aeg
2017-08-28 13:09:00,2,0,1,Harju maakond,1,Jalakäijaõnnetus,Valge aeg