date,persons_involved,killed,injured,county,pedestrian_involved,accident_type,light_conditions
2017-08-29 07:47:00,2,0,1,Pärnu maakond,0,Kokkupõrge,Valge aeg
2017-08-29 08:31:00,2,0,1,Tartu maakond,0,Kokkupõrge,Valge aeg
2017-08-29 11:04:00,2,0,1,Harju maakond,1,Jalakäijaõnnetus,Valge aeg
2017-08-30 09:30:00,2,1,0,Ida-Viru maakond,0,Kokkupõrge,Valge aeg
2017-08-30 09:30:00,2,0,1,Harju maakond,0,Kokkupõrge,Valge aeg
2017-08-30 16:03:00,3,0,2,Harju maakond,0,Ühesõidukiõnnetus,Valge aeg
2017-08-31 15:15:00,2,0,1,Viljandi maakond,0,Kokkupõrge,Valge aeg
2017-08-31 16:30:00,2,0,1,Harju maakond,0,Kokkupõrge,Valge aeg
2017-08-31 18:20:00,1,0,1,Lääne-Viru maakond,0,Ühesõidukiõnnetus,Valge aeg
2017-08-31 19:02:00,2,0,1,Tartu maakond,0,Kokkupõrge,Valge aeg
2017-08-31 19:28:00,2,0,1,Tartu maakond,0,Muu liiklusõnnetus,Valge aeg
2017-08-31 20:15:00,2,0,1,Harju maakond,0,Muu liiklusõnnetus,Pimeda aeg
2017-08-31 22:35:00,2,0,1,Harju maakond,0,Ühesõidukiõnnetus,Pimeda aeg
2017-01-09 00:00:00,2,0,1,Harju maakond,0,Kokkupõrge,Valge aeg
2017-01-09 00:00:00,2,0,1,Võru maakond,1,Jalakäijaõnnetus,Valge aeg
2017-01-09 00:00:00,2,0,1,Võru maakond,0,Kokkupõrge,Valge aeg
2017-01-09 00:00:00,2,0,1,Harju maakond,0,Kokkupõrge,Valge aeg
2017-01-09 00:00:00,3,0,2,Harju maakond,1,Jalakäijaõnnetus,Valge aeg
2017-01-09 00:00:00,2,0,1,Harju maakond,1,Jalakäijaõnnetus,Valge aeg
2017-01-09 00:00:00,2,0,1,Tartu maakond,0,Kokkupõrge,Valge aeg
2017-02-09 00:00:00,2,0,1,Harju maakond,0,Kokkupõrge,Pimeda aeg
2017-02-09 00:00:00,3,0,2,Harju maakond,0,Kokkupõrge,Valge aeg
2017-02-09 00:00:00,2,0,1,Järva maakond,0,Kokkupõrge,Valge aeg
2017-02-09 00:00:00,3,1,2,Järva maakond,0,Kokkupõrge,Valge aeg
2017-02-09 00:00:00,2,0,1,Tartu maakond,0,Kokkupõrge,Valge aeg
2017-02-09 00:00:00,3,0,1,Rapla maakond,0,Ühesõidukiõnnetus,Valge aeg
2017-02-09 00:00:00,2,0,1,Jõgeva maakond,0,Ühesõidukiõnnetus,Pimeda aeg
2017-03-09 00:00:00,2,0,1,Harju maakond,0,Ühesõidukiõnnetus,Pimeda aeg
2017-03-09 00:00:00,2,0,1,Harju maakond,0,Muu liiklusõnnetus,Valge aeg
2017-03-09 00:00:00,1,0,1,Rapla maakond,0,Ühesõidukiõnnetus,Valge aeg
2017-03-09 00:00:00,2,0,1,Harju maakond,0,Kokkupõrge,Pimeda aeg
2017-04-09 00:00:00,2,0,1,Harju maakond,0,Kokkupõrge,Valge aeg
2017-04-09 00:00:00,3,0,2,Harju maakond,0,Muu liiklusõnnetus,Valge aeg
2017-04-09 00:00:00,4,0,2,Harju maakond,0,Kokkupõrge,Valge aeg
2017-05-09 00:00:00,3,0,3,Harju maakond,0,Kokkupõrge,Valge aeg
2017-05-09 00:00:00,2,0,1,Harju maakond,1,Jalakäijaõnnetus,Valge aeg
2017-05-09 00:00:00,2,0,1,Harju maakond,1,Jalakäijaõnnetus,Valge aeg
2017-05-09 00:00:00,2,0,1,Harju maakond,0,Muu liiklusõnnetus,Pimeda aeg
2017-06-09 00:00:00,1,0,1,Harju maakond,0,Kokkupõrge,Valge aeg
2017-06-09 00:00:00,2,0,1,Viljandi maakond,0,Muu liiklusõnnetus,Valge aeg
2017-06-09 00:00:00,2,0,1,Harju maakond,0,Kokkupõrge,Valge aeg
2017-06-09 00:00:00,4,0,3,Pärnu maakond,0,Kokkupõrge,Valge aeg
2017-07-09 00:00:00,2,0,1,Saare maakond,0,Muu liiklusõnnetus,Valge aeg
2017-07-09 00:00:00,1,0,1,Harju maakond,0,Muu liiklusõnnetus,Pimeda aeg
2017-07-09 00:00:00,4,0,1,Pärnu maakond,0,Kokkupõrge,Valge aeg
2017-08-09 00:00:00,1,0,1,Tartu maakond,0,Ühesõidukiõnnetus,Pimeda aeg
2017-08-09 00:00:00,2,0,1,Rapla maakond,1,Jalakäijaõnnetus,Valge aeg
2017-08-09 00:00:00,3,0,1,Harju maakond,0,Kokkupõrge,Valge aeg
2017-08-09 00:00:00,2,0,1,Harju maakond,1,Jalakäijaõnnetus,Valge aeg
2017-09-09 00:00:00,3,0,2,Tartu maakond,0,Ühesõidukiõnnetus,Valge aeg
2017-09-09 00:00:00,2,0,1,Harju maakond,1,Jalakäijaõnnetus,Valge aeg
2017-09-09 00:00:00,3,0,2,Lääne-Viru maakond,0,Ühesõidukiõnnetus,Valge aeg
2017-09-09 00:00:00,4,0,4,Harju maakond,0,Kokkupõrge,Valge aeg
2017-09-09 00:00:00,2,0,1,Harju maakond,1,Jalakäijaõnnetus,Valge aeg
2017-09-09 00:00:00,2,0,1,Ida-Viru maakond,1,Jalakäijaõnnetus,Valge aeg
2017-09-09 00:00:00,1,0,1,Pärnu maakond,0,Ühesõidukiõnnetus,Valge aeg
2017-10-09 00:00:00,2,0,1,Harju maakond,0,Kokkupõrge,Pimeda aeg
2017-10-09 00:00:00,2,0,1,Harju maakond,0,Kokkupõrge,Valge aeg
2017-10-09 00:00:00,2,0,2,Harju maakond,0,Ühesõidukiõnnetus,Valge aeg
2017-10-09 00:00:00,1,0,1,Ida-Viru maakond,0,Ühesõidukiõnnetus,Pimeda aeg
2017-11-09 00:00:00,2,0,1,Pärnu maakond,0,Kokkupõrge,Pimeda aeg
2017-11-09 00:00:00,1,0,1,Pärnu maakond,0,Ühesõidukiõnnetus,Valge aeg
2017-11-09 00:00:00,2,0,1,Harju maakond,0,Kokkupõrge,Valge aeg
2017-11-09 00:00:00,1,0,1,Harju maakond,1,Jalakäijaõnnetus,Pimeda aeg
2017-12-09 00:00:00,2,0,2,Harju maakond,0,Kokkupõrge,Pimeda aeg
2017-12-09 00:00:00,3,0,1,Harju maakond,0,Kokkupõrge,Pimeda aeg
2017-12-09 00:00:00,1,0,1,Jõgeva maakond,0,Ühesõidukiõnnetus,Valge aeg
2017-12-09 00:00:00,2,0,1,Viljandi maakond,1,Jalakäijaõnnetus,Pimeda aeg
2017-09-13 08:20:00,4,0,2,Harju maakond,0,Kokkupõrge,Valge aeg
2017-09-13 13:30:00,2,0,1,Võru maakond,1,Jalakäijaõnnetus,Valge aeg
2017-09-13 15:30:00,2,0,2,Harju maakond,0,Kokkupõrge,Valge aeg
2017-09-13 17:45:00,3,0,1,Tartu maakond,0,Kokkupõrge,Valge aeg
2017-09-13 18:39:00,1,0,1,Saare maakond,0,Ühesõidukiõnnetus,Valge aeg
2017-09-13 20:40:00,1,0,1,Tartu maakond,0,Ühesõidukiõnnetus,Pimeda aeg
2017-09-13 20:40:00,1,0,1,Tartu maakond,0,Ühesõidukiõnnetus,Pimeda aeg
2017-09-14 07:46:00,2,0,1,Harju maakond,0,Kokkupõrge,Valge aeg
2017-09-14 09:56:00,1,0,1,Tartu maakond,0,Ühesõidukiõnnetus,Valge aeg
2017-09-14 12:25:00,2,0,1,Tartu maakond,0,Ühesõidukiõnnetus,Valge aeg
2017-09-14 13:00:00,3,0,1,Harju maakond,0,Kokkupõrge,Valge aeg
2017-09-14 14:25:00,1,0,1,Harju maakond,0,Ühesõidukiõnnetus,Valge aeg
2017-09-14 17:50:00,1,0,1,Põlva maakond,0,Ühesõidukiõnnetus,Valge aeg
2017-09-14 18:15:00,2,0,1,Harju maakond,0,Kokkupõrge,Valge aeg
2017-09-15 12:13:00,2,0,1,Harju maakond,1,Jalakäijaõnnetus,Valge aeg
2017-09-15 18:04:00,2,0,1,Harju maakond,1,Jalakäijaõnnetus,Valge aeg
2017-09-15 21:49:00,3,0,1,Harju maakond,0,Kokkupõrge,Pimeda aeg
2017-09-16 00:50:00,1,0,1,Ida-Viru maakond,1,Jalakäijaõnnetus,Pimeda aeg
2017-09-16 10:47:00,1,0,1,Pärnu maakond,0,Ühesõidukiõnnetus,Valge aeg
2017-09-16 16:00:00,2,0,1,Tartu maakond,1,Jalakäijaõnnetus,Valge aeg
2017-09-16 17:52:00,2,0,1,Harju maakond,1,Jalakäijaõnnetus,Valge aeg
2017-09-16 20:14:00,1,0,1,Harju maakond,0,Ühesõidukiõnnetus,Pimeda aeg
2017-09-16 20:45:00,2,0,1,Ida-Viru maakond,1,Jalakäijaõnnetus,Pimeda aeg
2017-09-16 23:00:00,1,0,1,Valga maakond,0,Ühesõidukiõnnetus,Pimeda aeg
2017-09-17 08:40:00,1,0,1,Põlva maakond,0,Ühesõidukiõnnetus,Valge aeg
2017-09-17 11:53:00,1,0,1,Harju maakond,0,Ühesõidukiõnnetus,Valge aeg
2017-09-17 15:45:00,1,0,1,Harju maakond,0,Ühesõidukiõnnetus,Valge aeg
2017-09-17 17:22:00,2,0,1,Viljandi maakond,0,Ühesõidukiõnnetus,Valge aeg
2017-09-17 19:10:00,2,0,1,Ida-Viru maakond,0,Muu liiklusõnnetus,Valge aeg
2017-09-17 20:20:00,2,0,1,Põlva maakond,0,Muu liiklusõnnetus,Pimeda aeg
2017-09-18 09:30:00,2,0,1,Harju maakond,0,Kokkupõrge,Valge aeg
2017-09-18 11:24:00,2,0,1,Harju maakond,0,Kokkupõrge,Valge aeg
2017-09-18 16:15:00,3,0,1,Valga maakond,0,Ühesõidukiõnnetus,Valge aeg
2017-09-18 21:24:00,1,0,1,Harju maakond,0,Ühesõidukiõnnetus,Pimeda aeg
2017-09-19 18:02:00,2,0,1,Harju maakond,0,Ühesõidukiõnnetus,Valge aeg
2017-09-20 11:02:00,2,0,1,Tartu maakond,1,Jalakäijaõnnetus,Valge aeg
2017-09-20 11:02:00,2,0,1,Harju maakond,0,Kokkupõrge,Valge aeg
2017-09-20 16:12:00,1,0,1,Tartu maakond,0,Ühesõidukiõnnetus,Valge aeg
2017-09-20 16:32:00,2,0,1,Tartu maakond,0,Kokkupõrge,Valge aeg
2017-09-20 20:12:00,2,0,1,Tartu maakond,0,Kokkupõrge,Pimeda aeg
2017-09-21 11:16:00,2,0,1,Harju maakond,1,Jalakäijaõnnetus,Valge aeg
2017-09-21 15:14:00,1,0,1,Võru maakond,0,Ühesõidukiõnnetus,Valge aeg
2017-09-21 17:04:00,3,0,1,Rapla maakond,0,Kokkupõrge,Valge aeg
2017-09-21 18:09:00,2,0,1,Harju maakond,0,Kokkupõrge,Valge aeg
2017-09-21 23:24:00,2,0,1,Harju maakond,1,Jalakäijaõnnetus,Pimeda aeg
2017-09-22 11:41:00,3,0,1,Harju maakond,0,Kokkupõrge,Valge aeg
2017-09-22 12:03:00,4,0,1,Harju maakond,0,Kokkupõrge,Valge aeg
2017-09-22 15:07:00,3,0,2,Saare maakond,0,Kokkupõrge,Valge aeg
2017-09-22 20:37:00,2,0,1,Tartu maakond,0,Kokkupõrge,Pimeda aeg
2017-09-22 20:55:00,4,0,3,Harju maakond,0,Muu liiklusõnnetus,Pimeda aeg
2017-09-22 23:59:00,1,0,1,Viljandi maakond,0,Ühesõidukiõnnetus,Pimeda aeg
2017-09-23 01:34:00,4,0,4,Harju maakond,0,Ühesõidukiõnnetus,Pimeda aeg
2017-09-23 11:37:00,1,0,1,Rapla maakond,0,Ühesõidukiõnnetus,Valge aeg
2017-09-23 13:45:00,2,0,1,Harju maakond,1,Jalakäijaõnnetus,Valge aeg
2017-09-23 14:30:00,2,0,1,Harju maakond,1,Jalakäijaõnnetus,Valge aeg
2017-09-23 20:48:00,3,1,0,Harju maakond,1,Jalakäijaõnnetus,Pimeda aeg
2017-09-23 22:45:00,1,0,1,Harju maakond,0,Ühesõidukiõnnetus,Pimeda aeg
2017-09-24 11:00:00,2,0,2,Tartu maakond,0,Ühesõidukiõnnetus,Valge aeg
2017-09-24 15:15:00,1,0,1,Lääne-Viru maakond,0,Ühesõidukiõnnetus,Valge aeg
2017-09-24 16:20:00,1,0,1,Ida-Viru maakond,1,Jalakäijaõnnetus,Valge aeg
2017-09-24 21:55:00,1,0,1,Harju maakond,0,Ühesõidukiõnnetus,Pimeda aeg
2017-09-25 06:48:00,3,0,1,Tartu maakond,0,Kokkupõrge,Valge aeg
2017-09-25 07:42:00,2,0,1,Jõgeva maakond,1,Jalakäijaõnnetus,Valge aeg
2017-09-25 08:02:00,2,0,1,Järva maakond,0,Kokkupõrge,Valge aeg
2017-09-25 08:06:00,1,0,1,Harju maakond,1,Jalakäijaõnnetus,Valge aeg
2017-09-25 08:39:00,1,0,1,Harju maakond,0,Ühesõidukiõnnetus,Valge aeg
2017-09-25 15:00:00,3,0,1,Saare maakond,1,Jalakäijaõnnetus,Valge aeg
2017-09-25 20:15:00,3,0,1,Harju maakond,0,Kokkupõrge,Pimeda aeg
2017-09-26 11:46:00,2,0,1,Harju maakond,0,Kokkupõrge,Valge aeg
2017-09-26 13:26:00,2,0,1,Jõgeva maakond,0,Kokkupõrge,Valge aeg
2017-09-26 15:40:00,2,0,1,Saare maakond,0,Kokkupõrge,Valge aeg
2017-09-26 16:48:00,2,0,1,Ida-Viru maakond,0,Muu liiklusõnnetus,Valge aeg
2017-09-26 18:00:00,2,0,1,Harju maakond,0,Muu liiklusõnnetus,Valge aeg
2017-09-26 18:26:00,2,0,1,Harju maakond,0,Muu liiklusõnnetus,Valge aeg
2017-09-26 20:00:00,2,0,1,Ida-Viru maakond,1,Jalakäijaõnnetus,Pimeda aeg
2017-09-26 21:10:00,1,0,1,Pärnu maakond,0,Ühesõidukiõnnetus,Valge aeg
2017-09-27 15:04:00,3,0,1,Võru maakond,0,Kokkupõrge,Valge aeg
2017-09-27 15:53:00,2,0,1,Harju maakond,0,Muu liiklusõnnetus,Valge aeg
2017-09-28 12:48:00,2,0,1,Ida-Viru maakond,1,Jalakäijaõnnetus,Valge aeg
2017-09-28 12:42:00,3,0,2,Harju maakond,0,Kokkupõrge,Valge aeg
2017-09-28 15:07:00,2,0,1,Tartu maakond,1,Jalakäijaõnnetus,Valge aeg
2017-09-28 17:00:00,3,0,2,Rapla maakond,0,Kokkupõrge,Valge aeg
2017-09-28 21:20:00,2,0,1,Järva maakond,0,Kokkupõrge,Pimeda aeg
2017-09-29 11:30:00,2,0,1,Harju maakond,0,Kokkupõrge,Valge aeg
2017-09-29 11:55:00,2,0,1,Harju maakond,1,Jalakäijaõnnetus,Valge aeg
2017-09-29 13:42:00,1,0,1,Harju maakond,0,Muu liiklusõnnetus,Valge aeg
2017-09-29 15:33:00,2,1,0,Tartu maakond,0,Kokkupõrge,Valge aeg
2017-09-29 16:48:00,3,0,1,Harju maakond,1,Jalakäijaõnnetus,Valge aeg
2017-09-29 18:10:00,2,0,1,Harju maakond,1,Jalakäijaõnnetus,Valge aeg
2017-09-29 15:40:00,1,0,1,Harju maakond,0,Muu liiklusõnnetus,Valge aeg
2017-09-29 19:30:00,4,0,3,Harju maakond,0,Kokkupõrge,Pimeda aeg
2017-09-29 19:47:00,2,0,1,Harju maakond,1,Jalakäijaõnnetus,Pimeda aeg
2017-09-30 10:00:00,2,0,1,Pärnu maakond,1,Jalakäijaõnnetus,Valge aeg
2017-09-30 15:15:00,2,0,1,Saare maakond,0,Kokkupõrge,Valge aeg
2017-09-30 16:50:00,1,0,1,Pärnu maakond,0,Muu liiklusõnnetus,Valge aeg
2017-02-10 00:00:00,2,0,1,Tartu maakond,0,Kokkupõrge,Valge aeg
2017-03-10 00:00:00,2,0,1,Harju maakond,1,Jalakäijaõnnetus,Valge aeg
2017-03-10 00:00:00,1,0,1,Harju maakond,0,Ühesõidukiõnnetus,Valge aeg
2017-03-10 00:00:00,3,0,1,Ida-Viru maakond,1,Jalakäijaõnnetus,Valge aeg
2017-03-10 00:00:00,4,0,2,Viljandi maakond,0,Kokkupõrge,Valge aeg
2017-03-10 00:00:00,2,0,1,Ida-Viru maakond,1,Jalakäijaõnnetus,Pimeda aeg
2017-04-10 00:00:00,4,0,2,Harju maakond,0,Kokkupõrge,Valge aeg
2017-05-10 00:00:00,7,0,6,Valga maakond,0,Ühesõidukiõnnetus,Valge aeg
2017-05-10 00:00:00,2,0,2,Pärnu maakond,0,Ühesõidukiõnnetus,Valge aeg
2017-05-10 00:00:00,2,0,1,Harju maakond,1,Jalakäijaõnnetus,Valge aeg
2017-05-10 00:00:00,1,0,1,Harju maakond,0,Ühesõidukiõnnetus,Valge aeg
2017-05-10 00:00:00,2,0,1,Tartu maakond,0,Kokkupõrge,Valge aeg
2017-05-10 00:00:00,3,0,1,Harju maakond,1,Jalakäijaõnnetus,Pimeda aeg
2017-06-10 00:00:00,1,0,1,Pärnu maakond,0,Ühesõidukiõnnetus,Pimeda aeg
2017-07-10 00:00:00,1,0,1,Rapla maakond,0,Ühesõidukiõnnetus,Valge aeg
2017-07-10 00:00:00,1,0,1,Tartu maakond,0,Ühesõidukiõnnetus,Valge aeg
2017-07-10 00:00:00,1,0,1,Harju maakond,0,Ühesõidukiõnnetus,Pimeda aeg
2017-07-10 00:00:00,2,0,1,Harju maakond,0,Kokkupõrge,Pimeda aeg
2017-07-10 00:00:00,1,0,1,Võru maakond,1,Jalakäijaõnnetus,Pimeda aeg
2017-07-10 00:00:00,1,0,1,Saare maakond,0,Ühesõidukiõnnetus,Pimeda aeg
2017-08-10 00:00:00,1,0,1,Harju maakond,0,Ühesõidukiõnnetus,Valge aeg
2017-08-10 00:00:00,1,0,1,Harju maakond,0,Ühesõidukiõnnetus,Valge aeg
2017-09-10 00:00:00,3,0,1,Harju maakond,0,Kokkupõrge,Valge aeg
2017-09-10 00:00:00,3,0,1,Tartu maakond,0,Kokkupõrge,Valge aeg
2017-09-10 00:00:00,2,0,1,Tartu maakond,1,Jalakäijaõnnetus,Valge aeg
2017-09-10 00:00:00,2,0,1,Harju maakond,1,Jalakäijaõnnetus,Pimeda aeg
2017-10-10 00:00:00,2,0,1,Jõgeva maakond,1,Jalakäijaõnnetus,Valge aeg
2017-10-10 00:00:00,2,1,1,Ida-Viru maakond,0,Kokkupõrge,Valge aeg
2017-10-10 00:00:00,2,1,0,Tartu maakond,0,Kokkupõrge,Valge aeg
2017-11-10 00:00:00,5,0,3,Harju maakond,0,Kokkupõrge,Valge aeg
2017-12-10 00:00:00,2,0,1,Harju maakond,1,Jalakäijaõnnetus,Valge aeg
2017-12-10 00:00:00,4,0,2,Harju maakond,0,Kokkupõrge,Valge aeg
2017-12-10 00:00:00,2,0,1,Harju maakond,1,Jalakäijaõnnetus,Valge aeg
2017-12-10 00:00:00,3,0,1,Harju maakond,0,Kokkupõrge,Valge aeg
2017-10-14 00:00:00,1,0,1,Viljandi maakond,1,Jalakäijaõnnetus,Pimeda aeg
2017-10-14 05:45:00,2,0,2,Harju maakond,0,Kokkupõrge,Pimeda aeg
2017-10-14 17:07:00,2,0,1,Võru maakond,0,Muu liiklusõnnetus,Pimeda aeg
2017-10-14 18:38:00,2,0,1,Harju maakond,1,Jalakäijaõnnetus,Pimeda aeg
2017-10-14 19:45:00,2,0,1,Harju maakond,1,Jalakäijaõnnetus,Pimeda aeg
2017-10-14 23:31:00,2,0,1,Harju maakond,1,Jalakäijaõnnetus,Pimeda aeg
2017-10-15 11:09:00,2,0,1,Jõgeva maakond,1,Jalakäijaõnnetus,Valge aeg
2017-10-15 16:27:00,1,0,1,Harju maakond,0,Ühesõidukiõnnetus,Valge aeg
2017-10-16 09:43:00,3,0,1,Tartu maakond,0,Kokkupõrge,Valge aeg
2017-10-16 12:09:00,1,0,1,Valga maakond,0,Ühesõidukiõnnetus,Valge aeg
2017-10-16 15:40:00,2,0,1,Harju maakond,1,Jalakäijaõnnetus,Valge aeg
2017-10-17 13:03:00,1,0,1,Harju maakond,0,Ühesõidukiõnnetus,Valge aeg
2017-10-17 18:02:00,2,0,1,Harju maakond,0,Muu liiklusõnnetus,Pimeda aeg
2017-10-18 07:31:00,2,0,1,Harju maakond,1,Jalakäijaõnnetus,Valge aeg
2017-10-18 09:25:00,1,0,1,Pärnu maakond,0,Ühesõidukiõnnetus,Valge aeg
2017-10-18 10:59:00,2,0,1,Harju maakond,1,Jalakäijaõnnetus,Valge aeg
2017-10-18 14:40:00,4,0,1,Tartu maakond,0,Kokkupõrge,Valge aeg
2017-10-18 15:02:00,2,0,1,Ida-Viru maakond,0,Muu liiklusõnnetus,Valge aeg
2017-10-18 17:38:00,3,0,1,Harju maakond,0,Kokkupõrge,Valge aeg
2017-10-18 18:25:00,3,0,1,Harju maakond,1,Muu liiklusõnnetus,Pimeda aeg
2017-10-19 08:04:00,2,0,1,Saare maakond,0,Kokkupõrge,Valge aeg
2017-10-19 08:05:00,2,0,1,Harju maakond,0,Kokkupõrge,Valge aeg
2017-10-19 11:50:00,2,0,2,Ida-Viru maakond,0,Ühesõidukiõnnetus,Valge aeg
2017-10-19 14:10:00,2,0,1,Harju maakond,0,Muu liiklusõnnetus,Valge aeg
2017-10-19 15:15:00,3,0,2,Viljandi maakond,0,Muu liiklusõnnetus,Valge aeg
2017-10-19 17:30:00,2,0,1,Harju maakond,0,Kokkupõrge,Pimeda aeg
2017-10-19 23:30:00,2,0,1,Harju maakond,0,Kokkupõrge,Pimeda aeg
2017-10-20 11:09:00,3,0,1,Harju maakond,0,Kokkupõrge,Valge aeg
2017-10-20 12:41:00,2,0,1,Tartu maakond,0,Kokkupõrge,Valge aeg
2017-10-20 15:16:00,3,0,2,Tartu maakond,0,Kokkupõrge,Valge aeg
2017-10-20 16:37:00,8,0,7,Pärnu maakond,0,Muu liiklusõnnetus,Valge aeg
2017-10-20 16:59:00,3,0,1,Tartu maakond,1,Jalakäijaõnnetus,Valge aeg
2017-10-20 18:38:00,3,0,2,Põlva maakond,0,Kokkupõrge,Pimeda aeg
2017-10-20 19:45:00,3,0,3,Harju maakond,0,Kokkupõrge,Pimeda aeg
2017-10-20 20:09:00,3,1,1,Rapla maakond,0,Kokkupõrge,Pimeda aeg
2017-10-21 19:05:00,2,0,1,Lääne-Viru maakond,0,Kokkupõrge,Pimeda aeg
2017-10-23 07:17:00,3,0,2,Harju maakond,0,Kokkupõrge,Pimeda aeg
2017-10-23 11:40:00,1,0,1,Tartu maakond,0,Ühesõidukiõnnetus,Valge aeg
2017-10-23 14:53:00,2,0,1,Harju maakond,1,Jalakäijaõnnetus,Valge aeg
2017-10-24 14:30:00,2,0,1,Viljandi maakond,0,Kokkupõrge,Valge aeg
2017-10-24 19:15:00,1,0,1,Harju maakond,0,Muu liiklusõnnetus,Pimeda aeg
2017-10-25 09:10:00,2,0,1,Harju maakond,1,Jalakäijaõnnetus,Valge aeg
2017-10-25 12:25:00,2,0,1,Ida-Viru maakond,1,Jalakäijaõnnetus,Valge aeg
2017-10-25 12:50:00,2,0,1,Võru maakond,0,Kokkupõrge,Valge aeg
2017-10-25 14:30:00,2,0,1,Harju maakond,0,Kokkupõrge,Valge aeg
2017-10-26 07:20:00,2,0,1,Harju maakond,0,Kokkupõrge,Valge aeg
2017-10-26 07:45:00,1,0,1,Harju maakond,0,Ühesõidukiõnnetus,Valge aeg
2017-10-26 09:42:00,2,0,2,Ida-Viru maakond,0,Kokkupõrge,Valge aeg
2017-10-26 10:45:00,2,0,1,Jõgeva maakond,0,Kokkupõrge,Valge aeg
2017-10-27 10:35:00,2,0,1,Tartu maakond,0,Kokkupõrge,Valge aeg
2017-10-28 10:29:00,3,0,1,Harju maakond,0,Kokkupõrge,Valge aeg
2017-10-28 14:43:00,1,0,1,Tartu maakond,1,Jalakäijaõnnetus,Valge aeg
2017-10-29 17:13:00,1,0,1,Harju maakond,1,Jalakäijaõnnetus,Pimeda aeg
2017-10-30 07:07:00,2,0,1,Harju maakond,1,Jalakäijaõnnetus,Valge aeg
2017-10-30 14:41:00,2,1,0,Tartu maakond,1,Jalakäijaõnnetus,Valge aeg
2017-01-11 00:00:00,2,0,1,Harju maakond,0,Kokkupõrge,Valge aeg
2017-01-11 00:00:00,4,0,3,Harju maakond,0,Kokkupõrge,Valge aeg
2017-01-11 00:00:00,1,0,1,Harju maakond,0,Ühesõidukiõnnetus,Valge aeg
2017-01-11 00:00:00,5,0,4,Saare maakond,0,Muu liiklusõnnetus,Pimeda aeg
2017-02-11 00:00:00,6,0,5,Ida-Viru maakond,0,Kokkupõrge,Valge aeg
2017-02-11 00:00:00,1,0,1,Pärnu maakond,0,Muu liiklusõnnetus,Valge aeg
2017-02-11 00:00:00,2,0,1,Harju maakond,1,Jalakäijaõnnetus,Valge aeg
2017-02-11 00:00:00,2,0,1,Jõgeva maakond,1,Jalakäijaõnnetus,Valge aeg
2017-02-11 00:00:00,1,0,1,Harju maakond,0,Ühesõidukiõnnetus,Pimeda aeg
2017-03-11 00:00:00,2,0,1,Ida-Viru maakond,0,Ühesõidukiõnnetus,Valge aeg
2017-03-11 00:00:00,2,0,1,Harju maakond,0,Muu liiklusõnnetus,Pimeda aeg
2017-04-11 00:00:00,5,1,3,Pärnu maakond,0,Ühesõidukiõnnetus,Pimeda aeg
2017-04-11 00:00:00,2,0,1,Harju maakond,1,Jalakäijaõnnetus,Valge aeg
2017-04-11 00:00:00,4,0,1,Tartu maakond,0,Kokkupõrge,Valge aeg
2017-04-11 00:00:00,1,0,1,Saare maakond,0,Muu liiklusõnnetus,Pimeda aeg
2017-04-11 00:00:00,1,0,1,Harju maakond,0,Ühesõidukiõnnetus,Pimeda aeg
2017-04-11 00:00:00,1,0,1,Harju maakond,0,Ühesõidukiõnnetus,Pimeda aeg
2017-04-11 00:00:00,2,0,1,Harju maakond,1,Jalakäijaõnnetus,Pimeda aeg
2017-05-11 00:00:00,2,0,2,Harju maakond,0,Kokkupõrge,Pimeda aeg
2017-05-11 00:00:00,2,0,1,Harju maakond,1,Jalakäijaõnnetus,Valge aeg
2017-06-11 00:00:00,1,0,1,Tartu maakond,1,Jalakäijaõnnetus,Valge aeg
2017-06-11 00:00:00,2,0,1,Pärnu maakond,0,Muu liiklusõnnetus,Valge aeg
2017-06-11 00:00:00,1,0,1,Hiiu maakond,0,Ühesõidukiõnnetus,Valge aeg
2017-07-11 00:00:00,4,0,2,Ida-Viru maakond,1,Jalakäijaõnnetus,Valge aeg
2017-07-11 00:00:00,1,0,1,Harju maakond,0,Ühesõidukiõnnetus,Valge aeg
2017-07-11 00:00:00,2,0,1,Harju maakond,1,Jalakäijaõnnetus,Pimeda aeg
2017-07-11 00:00:00,2,0,1,Pärnu maakond,1,Jalakäijaõnnetus,Pimeda aeg
2017-08-11 00:00:00,1,0,1,Valga maakond,0,Ühesõidukiõnnetus,Pimeda aeg
2017-08-11 00:00:00,3,0,1,Harju maakond,0,Kokkupõrge,Valge aeg
2017-08-11 00:00:00,2,0,1,Harju maakond,1,Jalakäijaõnnetus,Pimeda aeg
2017-08-11 00:00:00,3,0,1,Harju maakond,0,Kokkupõrge,Pimeda aeg
2017-09-11 00:00:00,3,0,2,Harju maakond,0,Kokkupõrge,Valge aeg
2017-09-11 00:00:00,2,0,1,Pärnu maakond,1,Jalakäijaõnnetus,Pimeda aeg