date,persons_involved,killed,injured,county,pedestrian_involved,accident_type,light_conditions
2017-10-11 00:00:00,2,0,1,Tartu maakond,1,Jalakäijaõnnetus,Valge aeg
2017-10-11 00:00:00,2,0,1,Harju maakond,1,Jalakäijaõnnetus,Valge aeg
2017-10-11 00:00:00,2,0,1,Harju maakond,1,Jalakäijaõnnetus,Valge aeg
2017-10-11 00:00:00,2,0,1,Harju maakond,0,Kokkupõrge,Pimeda aeg
2017-11-11 00:00:00,2,0,1,Harju maakond,1,Jalakäijaõnnetus,Pimeda aeg
2017-11-11 00:00:00,1,0,1,Valga maakond,0,Ühesõidukiõnnetus,Pimeda aeg
2017-11-11 00:00:00,2,0,1,Võru maakond,1,Jalakäijaõnnetus,Valge aeg
2017-12-11 00:00:00,2,0,1,Tartu maakond,1,Jalakäijaõnnetus,Pimeda aeg
2017-11-13 13:37:00,1,0,1,Harju maakond,1,Jalakäijaõnnetus,Valge aeg
2017-11-13 16:50:00,2,0,1,Pärnu maakond,1,Jalakäijaõnnetus,Pimeda aeg
2017-11-13 17:35:00,2,0,1,Harju maakond,1,Jalakäijaõnnetus,Pimeda aeg
2017-11-13 18:09:00,2,0,1,Harju maakond,1,Jalakäijaõnnetus,Pimeda aeg
2017-11-13 23:26:00,1,0,1,Jõgeva maakond,0,Ühesõidukiõnnetus,Pimeda aeg
2017-11-14 08:37:00,1,0,1,Pärnu maakond,0,Ühesõidukiõnnetus,Valge aeg
2017-11-14 13:20:00,2,0,1,Järva maakond,1,Jalakäijaõnnetus,Valge aeg
2017-11-14 14:13:00,2,0,1,Harju maakond,1,Jalakäijaõnnetus,Valge aeg
2017-11-14 13:12:00,1,0,1,Võru maakond,0,Ühesõidukiõnnetus,Valge aeg
2017-11-14 20:27:00,1,0,1,Harju maakond,0,Ühesõidukiõnnetus,Pimeda aeg
2017-11-15 01:10:00,2,0,2,Valga maakond,0,Ühesõidukiõnnetus,Pimeda aeg
2017-11-15 17:11:00,2,0,1,Harju maakond,0,Kokkupõrge,Pimeda aeg
2017-11-15 20:31:00,4,0,3,Harju maakond,0,Kokkupõrge,Pimeda aeg
2017-11-16 07:02:00,1,0,1,Harju maakond,0,Ühesõidukiõnnetus,Valge aeg
2017-11-16 07:43:00,1,0,1,Võru maakond,0,Ühesõidukiõnnetus,Valge aeg
2017-11-16 09:53:00,3,0,1,Võru maakond,0,Kokkupõrge,Valge aeg
2017-11-16 13:30:00,2,0,1,Harju maakond,0,Kokkupõrge,Valge aeg
2017-11-16 15:50:00,3,0,1,Harju maakond,0,Kokkupõrge,Valge aeg
2017-11-16 16:40:00,2,0,2,Võru maakond,0,Ühesõidukiõnnetus,Pimeda aeg
2017-11-16 17:05:00,2,0,1,Harju maakond,0,Kokkupõrge,Pimeda aeg
2017-11-16 17:27:00,2,0,1,Harju maakond,1,Jalakäijaõnnetus,Pimeda aeg
2017-11-16 17:41:00,2,0,1,Harju maakond,0,Muu liiklusõnnetus,Pimeda aeg
2017-11-17 07:46:00,2,0,1,Harju maakond,1,Jalakäijaõnnetus,Pimeda aeg
2017-11-17 18:54:00,2,0,1,Harju maakond,0,Kokkupõrge,Pimeda aeg
2017-11-17 22:55:00,2,0,1,Põlva maakond,0,Ühesõidukiõnnetus,Pimeda aeg
2017-11-18 19:01:00,2,0,1,Harju maakond,1,Jalakäijaõnnetus,Pimeda aeg
2017-11-19 14:20:00,3,0,2,Valga maakond,0,Kokkupõrge,Valge aeg
2017-11-19 17:32:00,5,0,4,Rapla maakond,0,Kokkupõrge,Pimeda aeg
2017-11-20 18:35:00,2,0,1,Harju maakond,1,Jalakäijaõnnetus,Pimeda aeg
2017-11-21 05:20:00,2,1,0,Pärnu maakond,0,Kokkupõrge,Pimeda aeg
2017-11-21 14:10:00,2,0,1,Harju maakond,1,Jalakäijaõnnetus,Valge aeg
2017-11-22 08:45:00,5,0,1,Harju maakond,0,Kokkupõrge,Valge aeg
2017-11-22 09:03:00,2,0,1,Harju maakond,0,Kokkupõrge,Valge aeg
2017-11-22 11:10:00,2,0,1,Harju maakond,0,Kokkupõrge,Valge aeg
2017-11-22 13:34:00,3,0,3,Tartu maakond,0,Ühesõidukiõnnetus,Valge aeg
2017-11-22 16:51:00,3,0,2,Jõgeva maakond,0,Kokkupõrge,Pimeda aeg
2017-11-23 17:24:00,2,0,1,Harju maakond,1,Jalakäijaõnnetus,Pimeda aeg
2017-11-23 17:50:00,2,0,1,Harju maakond,1,Jalakäijaõnnetus,Pimeda aeg
2017-11-23 18:20:00,1,0,1,Harju maakond,0,Ühesõidukiõnnetus,Pimeda aeg
2017-11-23 22:39:00,2,0,2,Harju maakond,0,Muu liiklusõnnetus,Pimeda aeg
2017-11-24 14:45:00,3,0,1,Ida-Viru maakond,0,Kokkupõrge,Valge aeg
2017-11-24 19:50:00,3,0,2,Võru maakond,0,Ühesõidukiõnnetus,Pimeda aeg
2017-11-25 17:25:00,2,0,1,Harju maakond,1,Jalakäijaõnnetus,Pimeda aeg
2017-11-26 00:00:00,2,0,1,Viljandi maakond,1,Jalakäijaõnnetus,Pimeda aeg
2017-11-26 19:39:00,2,0,2,Harju maakond,0,Ühesõidukiõnnetus,Pimeda aeg
2017-11-27 11:00:00,4,0,1,Ida-Viru maakond,1,Jalakäijaõnnetus,Valge aeg
2017-11-27 11:30:00,2,0,1,Pärnu maakond,0,Kokkupõrge,Valge aeg
2017-11-27 20:28:00,2,0,1,Harju maakond,1,Jalakäijaõnnetus,Pimeda aeg
2017-11-27 21:10:00,2,0,1,Harju maakond,1,Jalakäijaõnnetus,Pimeda aeg
2017-11-28 10:45:00,2,0,1,Harju maakond,1,Jalakäijaõnnetus,Valge aeg
2017-11-28 11:52:00,1,0,1,Harju maakond,0,Ühesõidukiõnnetus,Valge aeg
2017-11-28 13:47:00,2,0,1,Harju maakond,0,Kokkupõrge,Valge aeg
2017-11-28 13:53:00,1,0,1,Harju maakond,0,Ühesõidukiõnnetus,Valge aeg
2017-11-29 08:44:00,3,0,1,Harju maakond,0,Kokkupõrge,Valge aeg
2017-11-29 12:04:00,4,0,1,Harju maakond,0,Muu liiklusõnnetus,Valge aeg
2017-11-29 12:30:00,3,0,2,Harju maakond,1,Jalakäijaõnnetus,Valge aeg
2017-11-30 05:53:00,2,0,1,Harju maakond,1,Jalakäijaõnnetus,Pimeda aeg
2017-11-30 08:30:00,4,0,2,Harju maakond,0,Kokkupõrge,Valge aeg
2017-11-30 08:31:00,2,0,1,Tartu maakond,0,Kokkupõrge,Valge aeg
2017-11-30 08:35:00,2,0,1,Harju maakond,1,Jalakäijaõnnetus,Valge aeg
2017-11-30 11:30:00,2,0,1,Harju maakond,0,Kokkupõrge,Valge aeg
2017-11-30 16:26:00,3,0,2,Harju maakond,0,Kokkupõrge,Pimeda aeg
2017-11-30 17:09:00,2,0,1,Harju maakond,1,Jalakäijaõnnetus,Pimeda aeg
2017-01-12 00:00:00,2,0,1,Harju maakond,0,Ühesõidukiõnnetus,Valge aeg
2017-01-12 00:00:00,2,0,1,Tartu maakond,1,Jalakäijaõnnetus,Pimeda aeg
2017-02-12 00:00:00,5,0,1,Viljandi maakond,0,Kokkupõrge,Valge aeg
2017-02-12 00:00:00,8,0,6,Harju maakond,0,Kokkupõrge,Pimeda aeg
2017-02-12 00:00:00,2,0,1,Tartu maakond,0,Kokkupõrge,Pimeda aeg
2017-02-12 00:00:00,2,0,1,Harju maakond,0,Muu liiklusõnnetus,Pimeda aeg
2017-02-12 00:00:00,1,1,0,Võru maakond,0,Ühesõidukiõnnetus,Pimeda aeg
2017-02-12 00:00:00,1,0,1,Harju maakond,1,Jalakäijaõnnetus,Pimeda aeg
2017-03-12 00:00:00,2,0,1,Harju maakond,0,Kokkupõrge,Pimeda aeg
2017-03-12 00:00:00,2,0,1,Lääne-Viru maakond,1,Jalakäijaõnnetus,Pimeda aeg
2017-03-12 00:00:00,2,0,1,Harju maakond,1,Jalakäijaõnnetus,Pimeda aeg
2017-04-12 00:00:00,2,0,1,Harju maakond,0,Kokkupõrge,Pimeda aeg
2017-04-12 00:00:00,2,0,2,Harju maakond,0,Kokkupõrge,Pimeda aeg
2017-04-12 00:00:00,2,0,1,Harju maakond,1,Jalakäijaõnnetus,Pimeda aeg
2017-05-12 00:00:00,2,0,1,Pärnu maakond,0,Kokkupõrge,Valge aeg
2017-05-12 00:00:00,2,0,1,Harju maakond,0,Kokkupõrge,Valge aeg
2017-05-12 00:00:00,3,0,2,Harju maakond,0,Ühesõidukiõnnetus,Pimeda aeg
2017-05-12 00:00:00,2,0,1,Viljandi maakond,1,Jalakäijaõnnetus,Pimeda aeg
2017-05-12 00:00:00,5,0,3,Tartu maakond,0,Kokkupõrge,Pimeda aeg
2017-05-12 00:00:00,3,0,1,Pärnu maakond,1,Jalakäijaõnnetus,Pimeda aeg
2017-06-12 00:00:00,5,0,2,Lääne-Viru maakond,0,Kokkupõrge,Valge aeg
2017-06-12 00:00:00,2,0,1,Järva maakond,0,Kokkupõrge,Valge aeg
2017-07-12 00:00:00,2,0,1,Harju maakond,1,Jalakäijaõnnetus,Valge aeg
2017-07-12 00:00:00,3,0,1,Lääne maakond,0,Kokkupõrge,Pimeda aeg
2017-08-12 00:00:00,1,0,1,Harju maakond,0,Ühesõidukiõnnetus,Pimeda aeg
2017-08-12 00:00:00,2,0,1,Harju maakond,0,Kokkupõrge,Valge aeg
2017-08-12 00:00:00,1,0,1,Ida-Viru maakond,0,Ühesõidukiõnnetus,Valge aeg
2017-08-12 00:00:00,4,0,1,Harju maakond,0,Kokkupõrge,Pimeda aeg
2017-08-12 00:00:00,2,0,1,Harju maakond,0,Kokkupõrge,Pimeda aeg
2017-09-12 00:00:00,1,0,1,Lääne-Viru maakond,0,Ühesõidukiõnnetus,Pimeda aeg
2017-09-12 00:00:00,3,0,2,Harju maakond,0,Kokkupõrge,Pimeda aeg
2017-09-12 00:00:00,2,0,1,Harju maakond,0,Kokkupõrge,Pimeda aeg
2017-09-12 00:00:00,1,0,1,Harju maakond,0,Ühesõidukiõnnetus,Pimeda aeg
2017-11-12 00:00:00,2,0,1,Harju maakond,0,Kokkupõrge,Valge aeg
2017-11-12 00:00:00,2,0,1,Harju maakond,1,Jalakäijaõnnetus,Valge aeg
2017-11-12 00:00:00,4,0,2,Jõgeva maakond,0,Muu liiklusõnnetus,Pimeda aeg
2017-11-12 00:00:00,2,1,0,Harju maakond,1,Jalakäijaõnnetus,Pimeda aeg
2017-11-12 00:00:00,2,0,1,Järva maakond,1,Jalakäijaõnnetus,Pimeda aeg
2017-11-12 00:00:00,2,0,1,Harju maakond,1,Jalakäijaõnnetus,Pimeda aeg
2017-12-12 00:00:00,2,0,1,Harju maakond,0,Kokkupõrge,Pimeda aeg
2017-12-12 00:00:00,2,0,1,Harju maakond,1,Jalakäijaõnnetus,Pimeda aeg
2017-12-12 00:00:00,1,0,1,Harju maakond,0,Ühesõidukiõnnetus,Valge aeg
2017-12-12 00:00:00,2,0,1,Pärnu maakond,0,Kokkupõrge,Valge aeg
2017-12-12 00:00:00,4,0,4,Harju maakond,0,Ühesõidukiõnnetus,Valge aeg
2017-12-12 00:00:00,1,0,1,Harju maakond,0,Ühesõidukiõnnetus,Valge aeg
2017-12-12 00:00:00,3,0,1,Pärnu maakond,0,Kokkupõrge,Pimeda aeg
2017-12-12 00:00:00,3,0,2,Harju maakond,1,Jalakäijaõnnetus,Pimeda aeg
2017-12-12 00:00:00,2,0,1,Tartu maakond,0,Kokkupõrge,Pimeda aeg
2017-12-12 00:00:00,2,0,1,Harju maakond,1,Jalakäijaõnnetus,Pimeda aeg
2017-12-13 10:24:00,1,0,1,Saare maakond,0,Muu liiklusõnnetus,Valge aeg
2017-12-13 10:30:00,2,0,1,Lääne-Viru maakond,0,Kokkupõrge,Valge aeg
2017-12-13 10:37:00,2,0,1,Pärnu maakond,1,Jalakäijaõnnetus,Valge aeg
2017-12-13 12:04:00,3,0,1,Harju maakond,0,Muu liiklusõnnetus,Valge aeg
2017-12-13 19:30:00,2,0,1,Lääne-Viru maakond,0,Muu liiklusõnnetus,Pimeda aeg
2017-12-14 21:21:00,2,0,2,Saare maakond,0,Ühesõidukiõnnetus,Pimeda aeg
2017-12-14 23:00:00,3,0,1,Harju maakond,0,Kokkupõrge,Pimeda aeg
2017-12-15 03:50:00,1,0,1,Järva maakond,0,Ühesõidukiõnnetus,Pimeda aeg
2017-12-15 10:10:00,2,0,1,Harju maakond,0,Muu liiklusõnnetus,Valge aeg
2017-12-15 11:40:00,2,0,1,Viljandi maakond,0,Ühesõidukiõnnetus,Valge aeg
2017-12-15 16:15:00,2,0,1,Põlva maakond,1,Jalakäijaõnnetus,Pimeda aeg
2017-12-16 11:40:00,2,0,1,Võru maakond,1,Muu liiklusõnnetus,Valge aeg
2017-12-16 14:34:00,1,0,1,Harju maakond,0,Ühesõidukiõnnetus,Pimeda aeg
2017-12-16 13:05:00,2,0,1,Harju maakond,1,Jalakäijaõnnetus,Pimeda aeg
2017-12-16 16:48:00,6,0,2,Võru maakond,0,Kokkupõrge,Pimeda aeg
2017-12-16 20:55:00,3,0,2,Harju maakond,0,Kokkupõrge,Pimeda aeg
2017-12-17 14:27:00,2,1,0,Harju maakond,1,Jalakäijaõnnetus,Valge aeg
2017-12-17 17:30:00,2,0,1,Harju maakond,1,Kokkupõrge,Pimeda aeg
2017-12-17 21:00:00,1,1,0,Põlva maakond,0,Ühesõidukiõnnetus,Pimeda aeg
2017-12-18 10:19:00,1,0,1,Harju maakond,0,Ühesõidukiõnnetus,Valge aeg
2017-12-19 10:25:00,3,0,1,Tartu maakond,0,Kokkupõrge,Valge aeg
2017-12-20 04:24:00,1,0,1,Harju maakond,0,Ühesõidukiõnnetus,Pimeda aeg
2017-12-20 18:38:00,1,0,1,Harju maakond,0,Ühesõidukiõnnetus,Pimeda aeg
2017-12-20 19:36:00,2,0,1,Harju maakond,0,Kokkupõrge,Pimeda aeg
2017-12-21 07:50:00,2,1,0,Rapla maakond,1,Jalakäijaõnnetus,Pimeda aeg
2017-12-21 08:10:00,2,0,1,Ida-Viru maakond,1,Jalakäijaõnnetus,Pimeda aeg
2017-12-21 10:00:00,2,0,1,Ida-Viru maakond,1,Jalakäijaõnnetus,Valge aeg
2017-12-21 17:46:00,2,0,1,Tartu maakond,0,Muu liiklusõnnetus,Pimeda aeg
2017-12-22 06:26:00,1,0,1,Pärnu maakond,0,Ühesõidukiõnnetus,Pimeda aeg
2017-12-22 09:20:00,4,0,2,Lääne-Viru maakond,0,Kokkupõrge,Valge aeg
2017-12-22 11:20:00,3,0,1,Harju maakond,0,Kokkupõrge,Valge aeg
2017-12-22 11:45:00,3,0,1,Harju maakond,0,Kokkupõrge,Valge aeg
2017-12-22 16:08:00,1,0,1,Harju maakond,0,Ühesõidukiõnnetus,Pimeda aeg
2017-12-23 12:57:00,2,0,1,Harju maakond,1,Jalakäijaõnnetus,Valge aeg
2017-12-23 13:18:00,1,0,1,Jõgeva maakond,0,Ühesõidukiõnnetus,Valge aeg
2017-12-23 15:40:00,5,0,4,Harju maakond,0,Kokkupõrge,Pimeda aeg
2017-12-23 15:45:00,4,1,1,Ida-Viru maakond,0,Kokkupõrge,Pimeda aeg
2017-12-23 16:01:00,2,0,1,Harju maakond,1,Jalakäijaõnnetus,Pimeda aeg
2017-12-23 16:00:00,2,0,1,Põlva maakond,1,Jalakäijaõnnetus,Pimeda aeg
2017-12-23 17:35:00,4,0,1,Lääne-Viru maakond,0,Kokkupõrge,Pimeda aeg
2017-12-23 17:05:00,1,0,1,Harju maakond,1,Jalakäijaõnnetus,Pimeda aeg
2017-12-24 21:47:00,2,0,1,Harju maakond,0,Ühesõidukiõnnetus,Pimeda aeg
2017-12-25 21:30:00,1,0,1,Järva maakond,0,Ühesõidukiõnnetus,Pimeda aeg
2017-12-26 19:15:00,1,0,1,Harju maakond,0,Ühesõidukiõnnetus,Pimeda aeg
2017-12-27 12:40:00,3,0,2,Saare maakond,0,Ühesõidukiõnnetus,Valge aeg
2017-12-27 17:41:00,2,0,2,Valga maakond,0,Kokkupõrge,Pimeda aeg
2017-12-27 19:53:00,1,0,1,Harju maakond,0,Ühesõidukiõnnetus,Pimeda aeg
2017-12-28 09:54:00,1,0,1,Harju maakond,0,Ühesõidukiõnnetus,Valge aeg
2017-12-28 12:00:00,1,0,1,Pärnu maakond,0,Ühesõidukiõnnetus,Valge aeg
2017-12-28 17:23:00,1,0,1,Harju maakond,0,Muu liiklusõnnetus,Pimeda aeg
2017-12-28 19:55:00,2,0,1,Ida-Viru maakond,1,Jalakäijaõnnetus,Pimeda aeg
2017-12-28 20:35:00,2,0,1,Harju maakond,1,Jalakäijaõnnetus,Pimeda aeg
2017-12-29 10:21:00,5,0,3,Viljandi maakond,0,Kokkupõrge,Valge aeg
2017-12-29 16:50:00,2,0,1,Tartu maakond,1,Jalakäijaõnnetus,Pimeda aeg
2017-12-29 18:30:00,4,0,4,Harju maakond,0,Ühesõidukiõnnetus,Pimeda aeg
2017-12-30 16:20:00,5,0,1,Harju maakond,0,Kokkupõrge,Pimeda aeg
2017-12-30 16:30:00,2,0,1,Järva maakond,0,Ühesõidukiõnnetus,Pimeda aeg
2018-01-01 06:57:00,1,0,1,Jõgeva maakond,0,Ühesõidukiõnnetus,Pimeda aeg
2018-01-01 10:01:00,1,0,1,Harju maakond,0,Ühesõidukiõnnetus,Valge aeg
2018-01-01 17:02:00,4,0,2,Harju maakond,0,Kokkupõrge,Pimeda aeg
2018-01-01 23:07:00,2,0,1,Harju maakond,1,Jalakäijaõnnetus,Pimeda aeg
2018-02-01 00:00:00,2,0,2,Harju maakond,0,Kokkupõrge,Pimeda aeg
2018-02-01 00:00:00,2,0,1,Harju maakond,1,Jalakäijaõnnetus,Pimeda aeg
2018-03-01 00:00:00,2,0,1,Jõgeva maakond,0,Muu liiklusõnnetus,Pimeda aeg
2018-04-01 00:00:00,1,0,1,Harju maakond,0,Ühesõidukiõnnetus,Pimeda aeg
2018-05-01 00:00:00,1,1,0,Tartu maakond,0,Ühesõidukiõnnetus,Pimeda aeg
2018-05-01 00:00:00,1,0,1,Harju maakond,1,Jalakäijaõnnetus,Valge aeg
2018-05-01 00:00:00,1,0,1,Tartu maakond,1,Jalakäijaõnnetus,Pimeda aeg
2018-05-01 00:00:00,2,0,1,Harju maakond,0,Kokkupõrge,Pimeda aeg
2018-06-01 00:00:00,2,0,2,Pärnu maakond,0,Ühesõidukiõnnetus,Pimeda aeg
2018-06-01 00:00:00,2,0,1,Valga maakond,0,Muu liiklusõnnetus,Valge aeg
2018-07-01 00:00:00,1,0,1,Harju maakond,0,Ühesõidukiõnnetus,Valge aeg
2018-07-01 00:00:00,2,0,1,Ida-Viru maakond,1,Jalakäijaõnnetus,Valge aeg
2018-07-01 00:00:00,2,0,2,Pärnu maakond,0,Kokkupõrge,Valge aeg
2018-07-01 00:00:00,2,0,1,Harju maakond,1,Jalakäijaõnnetus,Pimeda aeg
2018-07-01 00:00:00,4,2,1,Pärnu maakond,0,Kokkupõrge,Pimeda aeg
2018-08-01 00:00:00,1,1,0,Lääne-Viru maakond,0,Ühesõidukiõnnetus,Valge aeg
2018-08-01 00:00:00,2,0,1,Harju maakond,1,Jalakäijaõnnetus,Pimeda aeg
2018-09-01 00:00:00,2,0,1,Harju maakond,0,Kokkupõrge,Pimeda aeg
2018-10-01 00:00:00,2,0,1,Harju maakond,0,Ühesõidukiõnnetus,Pimeda aeg
2018-10-01 00:00:00,2,0,1,Pärnu maakond,1,Jalakäijaõnnetus,Pimeda aeg
2018-10-01 00:00:00,3,0,1,Tartu maakond,0,Kokkupõrge,Pimeda aeg
2018-10-01 00:00:00,2,0,1,Harju maakond,1,Jalakäijaõnnetus,Pimeda aeg
2018-11-01 00:00:00,2,0,1,Harju maakond,0,Kokkupõrge,Pimeda aeg
2018-11-01 00:00:00,2,0,1,Harju maakond,0,Kokkupõrge,Pimeda aeg
2018-11-01 00:00:00,2,0,1,Harju maakond,0,Kokkupõrge,Pimeda aeg
2018-12-01 00:00:00,2,0,1,Harju maakond,1,Jalakäijaõnnetus,Pimeda aeg
2018-12-01 00:00:00,1,0,1,Valga maakond,0,Ühesõidukiõnnetus,Valge aeg
2018-12-01 00:00:00,2,0,1,Harju maakond,0,Muu liiklusõnnetus,Valge aeg
2018-12-01 00:00:00,2,0,1,Viljandi maakond,1,Jalakäijaõnnetus,Valge aeg
2018-12-01 00:00:00,2,0,1,Viljandi maakond,1,Jalakäijaõnnetus,Valge aeg
2018-12-01 00:00:00,1,0,1,Harju maakond,0,Ühesõidukiõnnetus,Pimeda aeg
2018-12-01 00:00:00,2,0,1,Ida-Viru maakond,1,Jalakäijaõnnetus,Pimeda aeg
2018-01-13 15:23:00,3,0,1,Harju maakond,0,Kokkupõrge,Pimeda aeg
2018-01-13 20:33:00,4,0,2,Harju maakond,0,Kokkupõrge,Pimeda aeg
2018-01-15 12:00:00,2,0,1,Lääne-Viru maakond,1,Jalakäijaõnnetus,Valge aeg
2018-01-15 15:00:00,2,0,1,Valga maakond,0,Kokkupõrge,Valge aeg
2018-01-15 17:36:00,1,0,1,Järva maakond,0,Ühesõidukiõnnetus,Pimeda aeg
2018-01-16 09:26:00,1,0,1,Tartu maakond,0,Ühesõidukiõnnetus,Valge aeg
2018-01-17 14:42:00,2,0,1,Harju maakond,1,Jalakäijaõnnetus,Valge aeg
2018-01-17 17:54:00,2,0,1,Tartu maakond,1,Jalakäijaõnnetus,Pimeda aeg
2018-01-18 13:14:00,2,0,2,Harju maakond,0,Ühesõidukiõnnetus,Valge aeg
2018-01-18 13:36:00,1,0,1,Harju maakond,0,Ühesõidukiõnnetus,Valge aeg
2018-01-18 16:25:00,3,0,1,Lääne-Viru maakond,0,Kokkupõrge,Pimeda aeg
2018-01-18 16:41:00,1,0,1,Rapla maakond,0,Ühesõidukiõnnetus,Pimeda aeg
2018-01-18 20:40:00,3,0,3,Ida-Viru maakond,0,Ühesõidukiõnnetus,Pimeda aeg
2018-01-18 21:41:00,2,0,1,Harju maakond,1,Jalakäijaõnnetus,Pimeda aeg
2018-01-20 07:37:00,5,0,3,Rapla maakond,0,Ühesõidukiõnnetus,Pimeda aeg
2018-01-20 13:50:00,2,0,1,Harju maakond,0,Muu liiklusõnnetus,Valge aeg
2018-01-20 15:20:00,2,0,1,Harju maakond,1,Jalakäijaõnnetus,Valge aeg
2018-01-20 18:03:00,2,1,0,Tartu maakond,1,Jalakäijaõnnetus,Pimeda aeg
2018-01-21 00:19:00,1,0,1,Harju maakond,0,Ühesõidukiõnnetus,Pimeda aeg
2018-01-21 13:18:00,3,0,1,Harju maakond,0,Kokkupõrge,Valge aeg
2018-01-21 13:11:00,1,0,1,Tartu maakond,0,Ühesõidukiõnnetus,Valge aeg
2018-01-21 17:10:00,2,0,2,Võru maakond,0,Kokkupõrge,Pimeda aeg
2018-01-21 18:25:00,3,0,3,Lääne maakond,0,Kokkupõrge,Pimeda aeg
2018-01-22 09:40:00,1,0,1,Lääne-Viru maakond,0,Ühesõidukiõnnetus,Valge aeg
2018-01-22 14:08:00,1,0,1,Jõgeva maakond,0,Ühesõidukiõnnetus,Valge aeg
2018-01-22 15:15:00,2,0,1,Viljandi maakond,0,Kokkupõrge,Valge aeg
2018-01-22 18:50:00,2,0,1,Harju maakond,1,Jalakäijaõnnetus,Pimeda aeg
2018-01-23 10:09:00,2,0,1,Ida-Viru maakond,0,Muu liiklusõnnetus,Valge aeg
2018-01-23 10:35:00,2,0,1,Harju maakond,0,Kokkupõrge,Valge aeg
2018-01-23 12:56:00,2,0,1,Harju maakond,1,Jalakäijaõnnetus,Valge aeg
2018-01-23 15:32:00,2,0,1,Harju maakond,1,Jalakäijaõnnetus,Valge aeg
2018-01-24 12:18:00,15,1,13,Harju maakond,0,Kokkupõrge,Valge aeg
2018-01-24 12:54:00,2,0,1,Harju maakond,1,Jalakäijaõnnetus,Valge aeg
2018-01-24 13:54:00,1,0,1,Harju maakond,0,Ühesõidukiõnnetus,Valge aeg
2018-01-24 14:27:00,3,1,1,Harju maakond,0,Kokkupõrge,Valge aeg
2018-01-24 17:47:00,4,0,1,Tartu maakond,0,Kokkupõrge,Pimeda aeg
2018-01-24 20:04:00,1,1,0,Rapla maakond,0,Ühesõidukiõnnetus,Pimeda aeg
2018-01-25 07:40:00,2,0,1,Harju maakond,1,Jalakäijaõnnetus,Pimeda aeg
2018-01-25 08:43:00,2,0,1,Harju maakond,1,Jalakäijaõnnetus,Valge aeg
2018-01-25 11:20:00,3,0,1,Harju maakond,0,Kokkupõrge,Valge aeg
2018-01-25 17:55:00,2,0,1,Harju maakond,1,Jalakäijaõnnetus,Pimeda aeg
2018-01-25 19:31:00,1,0,1,Harju maakond,1,Jalakäijaõnnetus,Pimeda aeg
2018-01-26 17:01:00,2,0,1,Tartu maakond,1,Jalakäijaõnnetus,Pimeda aeg
2018-01-26 17:17:00,4,0,1,Tartu maakond,0,Kokkupõrge,Pimeda aeg
2018-01-27 16:29:00,3,0,2,Võru maakond,0,Kokkupõrge,Valge aeg
2018-01-27 17:00:00,1,0,1,Põlva maakond,0,Muu liiklusõnnetus,Pimeda aeg
2018-01-27 18:53:00,4,0,2,Tartu maakond,0,Kokkupõrge,Pimeda aeg
2018-01-27 18:54:00,3,0,1,Tartu maakond,0,Kokkupõrge,Pimeda aeg
2018-01-27 19:25:00,2,0,1,Viljandi maakond,0,Ühesõidukiõnnetus,Pimeda aeg
2018-01-28 13:00:00,4,1,3,Ida-Viru maakond,0,Kokkupõrge,Valge aeg
2018-01-28 19:00:00,2,0,2,Jõgeva maakond,0,Kokkupõrge,Pimeda aeg
2018-01-29 08:04:00,5,0,3,Tartu maakond,0,Kokkupõrge,Valge aeg
2018-01-29 12:10:00,2,0,1,Ida-Viru maakond,1,Jalakäijaõnnetus,Valge aeg
2018-01-30 07:27:00,2,0,1,Harju maakond,1,Jalakäijaõnnetus,Pimeda aeg
2018-01-30 09:55:00,3,0,2,Harju maakond,1,Kokkupõrge,Valge aeg
2018-01-30 13:16:00,3,2,1,Tartu maakond,0,Kokkupõrge,Valge aeg
2018-01-30 13:55:00,2,0,1,Harju maakond,0,Kokkupõrge,Valge aeg
2018-01-30 18:10:00,2,0,1,Tartu maakond,0,Kokkupõrge,Pimeda aeg
2018-01-30 18:30:00,1,0,1,Pärnu maakond,0,Ühesõidukiõnnetus,Pimeda aeg
2018-01-31 08:20:00,2,0,1,Harju maakond,1,Jalakäijaõnnetus,Valge aeg
2018-01-31 11:45:00,2,0,1,Tartu maakond,0,Muu liiklusõnnetus,Valge aeg
2018-01-31 16:59:00,2,0,1,Harju maakond,1,Jalakäijaõnnetus,Pimeda aeg
2018-01-31 17:41:00,2,0,1,Harju maakond,1,Jalakäijaõnnetus,Pimeda aeg
2018-01-31 17:42:00,2,0,1,Tartu maakond,0,Kokkupõrge,Pimeda aeg
2018-01-31 18:05:00,3,0,2,Harju maakond,0,Kokkupõrge,Pimeda aeg
2018-01-02 00:00:00,2,0,1,Järva maakond,0,Kokkupõrge,Valge aeg
2018-01-02 00:00:00,2,0,2,Harju maakond,0,Ühesõidukiõnnetus,Valge aeg
2018-01-02 00:00:00,2,0,1,Harju maakond,0,Muu liiklusõnnetus,Pimeda aeg
2018-02-02 00:00:00,4,0,2,Lääne-Viru maakond,0,Ühesõidukiõnnetus,Valge aeg
2018-02-02 00:00:00,2,0,1,Lääne-Viru maakond,0,Kokkupõrge,Valge aeg