date,persons_involved,killed,injured,county,pedestrian_involved,accident_type,light_conditions
2018-02-02 00:00:00,2,0,1,Lääne maakond,0,Kokkupõrge,Pimeda aeg
2018-03-02 00:00:00,2,0,1,Põlva maakond,1,Jalakäijaõnnetus,Pimeda aeg
2018-03-02 00:00:00,2,0,2,Harju maakond,0,Ühesõidukiõnnetus,Valge aeg
2018-03-02 00:00:00,2,0,1,Harju maakond,0,Kokkupõrge,Pimeda aeg
2018-04-02 00:00:00,1,0,1,Jõgeva maakond,0,Ühesõidukiõnnetus,Pimeda aeg
2018-05-02 00:00:00,1,0,1,Tartu maakond,0,Ühesõidukiõnnetus,Valge aeg
2018-05-02 00:00:00,2,0,1,Harju maakond,1,Jalakäijaõnnetus,Valge aeg
2018-05-02 00:00:00,6,0,5,Harju maakond,0,Kokkupõrge,Valge aeg
2018-05-02 00:00:00,1,1,0,Tartu maakond,0,Ühesõidukiõnnetus,Valge aeg
2018-05-02 00:00:00,3,0,1,Lääne-Viru maakond,0,Kokkupõrge,Pimeda aeg
2018-05-02 00:00:00,2,0,2,Põlva maakond,0,Kokkupõrge,Pimeda aeg
2018-06-02 00:00:00,5,0,2,Rapla maakond,0,Kokkupõrge,Pimeda aeg
2018-06-02 00:00:00,3,0,2,Harju maakond,0,Kokkupõrge,Valge aeg
2018-06-02 00:00:00,2,0,1,Ida-Viru maakond,1,Jalakäijaõnnetus,Pimeda aeg
2018-06-02 00:00:00,4,0,2,Tartu maakond,0,Ühesõidukiõnnetus,Valge aeg
2018-06-02 00:00:00,4,0,2,Lääne-Viru maakond,0,Kokkupõrge,Valge aeg
2018-06-02 00:00:00,2,0,1,Harju maakond,1,Jalakäijaõnnetus,Pimeda aeg
2018-06-02 00:00:00,2,0,1,Ida-Viru maakond,1,Jalakäijaõnnetus,Pimeda aeg
2018-06-02 00:00:00,6,0,1,Harju maakond,0,Kokkupõrge,Pimeda aeg
2018-07-02 00:00:00,2,0,2,Harju maakond,0,Kokkupõrge,Valge aeg
2018-07-02 00:00:00,2,0,1,Harju maakond,1,Jalakäijaõnnetus,Valge aeg
2018-08-02 00:00:00,2,0,1,Harju maakond,0,Muu liiklusõnnetus,Pimeda aeg
2018-09-02 00:00:00,2,0,1,Tartu maakond,0,Ühesõidukiõnnetus,Valge aeg
2018-10-02 00:00:00,1,0,1,Viljandi maakond,0,Ühesõidukiõnnetus,Pimeda aeg
2018-10-02 00:00:00,4,0,3,Võru maakond,0,Kokkupõrge,Valge aeg
2018-10-02 00:00:00,1,1,0,Rapla maakond,0,Ühesõidukiõnnetus,Pimeda aeg
2018-12-02 00:00:00,2,0,2,Saare maakond,0,Ühesõidukiõnnetus,Pimeda aeg
2018-02-13 07:40:00,3,0,2,Harju maakond,0,Kokkupõrge,Valge aeg
2018-02-14 12:30:00,2,0,1,Viljandi maakond,0,Kokkupõrge,Valge aeg
2018-02-15 12:08:00,2,0,1,Harju maakond,1,Jalakäijaõnnetus,Valge aeg
2018-02-15 13:43:00,1,0,1,Pärnu maakond,1,Jalakäijaõnnetus,Valge aeg
2018-02-15 15:45:00,2,0,1,Harju maakond,0,Kokkupõrge,Valge aeg
2018-02-16 12:42:00,2,0,1,Tartu maakond,0,Kokkupõrge,Valge aeg
2018-02-16 00:00:00,6,0,4,Järva maakond,0,Muu liiklusõnnetus,Pimeda aeg
2018-02-17 11:32:00,2,0,1,Saare maakond,0,Kokkupõrge,Valge aeg
2018-02-17 15:45:00,2,0,1,Harju maakond,0,Kokkupõrge,Valge aeg
2018-02-17 17:00:00,4,0,3,Saare maakond,0,Kokkupõrge,Valge aeg
2018-02-17 21:00:00,4,0,1,Lääne-Viru maakond,0,Kokkupõrge,Pimeda aeg
2018-02-18 13:43:00,2,0,2,Võru maakond,0,Ühesõidukiõnnetus,Valge aeg
2018-02-18 17:25:00,3,0,2,Harju maakond,0,Ühesõidukiõnnetus,Pimeda aeg
2018-02-19 20:54:00,1,0,1,Harju maakond,0,Ühesõidukiõnnetus,Pimeda aeg
2018-02-20 07:56:00,1,0,1,Harju maakond,0,Ühesõidukiõnnetus,Valge aeg
2018-02-20 08:30:00,9,0,9,Harju maakond,0,Kokkupõrge,Valge aeg
2018-02-20 09:47:00,2,0,1,Harju maakond,1,Ühesõidukiõnnetus,Valge aeg
2018-02-20 20:50:00,2,0,1,Harju maakond,1,Jalakäijaõnnetus,Pimeda aeg
2018-02-22 10:41:00,2,0,1,Harju maakond,1,Jalakäijaõnnetus,Valge aeg
2018-02-22 15:49:00,3,0,1,Harju maakond,0,Kokkupõrge,Valge aeg
2018-02-23 06:03:00,2,0,1,Harju maakond,0,Kokkupõrge,Pimeda aeg
2018-02-23 08:18:00,2,0,1,Harju maakond,0,Kokkupõrge,Valge aeg
2018-02-23 08:45:00,2,0,1,Harju maakond,0,Kokkupõrge,Valge aeg
2018-02-24 16:56:00,2,0,1,Harju maakond,0,Muu liiklusõnnetus,Valge aeg
2018-02-25 16:50:00,3,0,1,Harju maakond,0,Kokkupõrge,Valge aeg
2018-02-26 08:37:00,6,0,1,Lääne-Viru maakond,1,Jalakäijaõnnetus,Valge aeg
2018-02-26 13:45:00,2,0,1,Harju maakond,1,Jalakäijaõnnetus,Valge aeg
2018-02-26 18:04:00,3,0,1,Harju maakond,0,Muu liiklusõnnetus,Pimeda aeg
2018-02-27 05:10:00,1,0,1,Harju maakond,0,Ühesõidukiõnnetus,Pimeda aeg
2018-02-27 05:51:00,2,0,1,Harju maakond,0,Kokkupõrge,Pimeda aeg
2018-02-27 12:40:00,2,0,1,Harju maakond,1,Jalakäijaõnnetus,Valge aeg
2018-02-27 16:56:00,3,0,3,Harju maakond,0,Kokkupõrge,Valge aeg
2018-01-03 00:00:00,2,0,1,Harju maakond,0,Muu liiklusõnnetus,Valge aeg
2018-01-03 00:00:00,2,0,1,Harju maakond,1,Jalakäijaõnnetus,Pimeda aeg
2018-02-03 00:00:00,4,0,1,Harju maakond,0,Kokkupõrge,Valge aeg
2018-02-03 00:00:00,2,0,1,Harju maakond,1,Jalakäijaõnnetus,Valge aeg
2018-02-03 00:00:00,2,0,1,Harju maakond,1,Jalakäijaõnnetus,Valge aeg
2018-03-03 00:00:00,2,0,1,Harju maakond,0,Kokkupõrge,Valge aeg
2018-03-03 00:00:00,3,0,2,Harju maakond,0,Kokkupõrge,Pimeda aeg
2018-04-03 00:00:00,2,0,1,Harju maakond,1,Jalakäijaõnnetus,Pimeda aeg
2018-04-03 00:00:00,1,0,1,Pärnu maakond,0,Muu liiklusõnnetus,Valge aeg
2018-04-03 00:00:00,3,0,1,Harju maakond,0,Kokkupõrge,Pimeda aeg
2018-04-03 00:00:00,1,1,0,Harju maakond,0,Ühesõidukiõnnetus,Pimeda aeg
2018-06-03 00:00:00,2,0,1,Rapla maakond,0,Kokkupõrge,Pimeda aeg
2018-06-03 00:00:00,1,0,1,Võru maakond,0,Ühesõidukiõnnetus,Pimeda aeg
2018-07-03 00:00:00,2,0,1,Võru maakond,1,Jalakäijaõnnetus,Valge aeg
2018-07-03 00:00:00,4,0,1,Järva maakond,0,Muu liiklusõnnetus,Valge aeg
2018-07-03 00:00:00,2,0,1,Harju maakond,1,Jalakäijaõnnetus,Valge aeg
2018-07-03 00:00:00,2,0,1,Harju maakond,0,Muu liiklusõnnetus,Valge aeg
2018-07-03 00:00:00,2,1,0,Jõgeva maakond,1,Jalakäijaõnnetus,Pimeda aeg
2018-08-03 00:00:00,1,0,1,Harju maakond,1,Jalakäijaõnnetus,Valge aeg
2018-08-03 00:00:00,2,0,1,Harju maakond,1,Jalakäijaõnnetus,Valge aeg
2018-08-03 00:00:00,3,0,1,Saare maakond,0,Kokkupõrge,Valge aeg
2018-08-03 00:00:00,1,0,1,Pärnu maakond,0,Ühesõidukiõnnetus,Pimeda aeg
2018-09-03 00:00:00,2,0,1,Harju maakond,1,Jalakäijaõnnetus,Pimeda aeg
2018-09-03 00:00:00,2,0,1,Valga maakond,0,Kokkupõrge,Pimeda aeg
2018-10-03 00:00:00,2,0,1,Valga maakond,0,Kokkupõrge,Pimeda aeg
2018-10-03 00:00:00,2,0,1,Harju maakond,1,Jalakäijaõnnetus,Pimeda aeg
2018-11-03 00:00:00,4,0,1,Harju maakond,0,Kokkupõrge,Valge aeg
2018-11-03 00:00:00,8,0,7,Harju maakond,0,Kokkupõrge,Valge aeg
2018-11-03 00:00:00,3,0,2,Harju maakond,0,Ühesõidukiõnnetus,Valge aeg
2018-12-03 00:00:00,2,0,1,Harju maakond,1,Jalakäijaõnnetus,Valge aeg
2018-03-13 05:20:00,4,0,2,Harju maakond,0,Kokkupõrge,Pimeda aeg
2018-03-13 21:20:00,2,0,1,Harju maakond,1,Jalakäijaõnnetus,Pimeda aeg
2018-03-14 10:14:00,4,0,2,Harju maakond,0,Kokkupõrge,Valge aeg
2018-03-15 12:27:00,1,0,1,Jõgeva maakond,0,Ühesõidukiõnnetus,Valge aeg
2018-03-15 16:20:00,2,0,1,Harju maakond,1,Jalakäijaõnnetus,Valge aeg
2018-03-15 22:30:00,2,0,1,Tartu maakond,0,Kokkupõrge,Pimeda aeg
2018-03-16 16:16:00,2,0,1,Harju maakond,1,Jalakäijaõnnetus,Valge aeg
2018-03-17 07:20:00,3,0,1,Pärnu maakond,0,Kokkupõrge,Valge aeg
2018-03-17 10:05:00,2,0,1,Harju maakond,0,Kokkupõrge,Valge aeg
2018-03-19 08:01:00,2,0,1,Harju maakond,1,Jalakäijaõnnetus,Valge aeg
2018-03-19 14:41:00,1,0,1,Tartu maakond,0,Ühesõidukiõnnetus,Valge aeg
2018-03-19 16:35:00,2,0,1,Lääne maakond,0,Kokkupõrge,Valge aeg
2018-03-19 23:05:00,2,0,1,Harju maakond,0,Kokkupõrge,Pimeda aeg
2018-03-19 23:05:00,3,0,1,Harju maakond,0,Kokkupõrge,Pimeda aeg
2018-03-20 04:25:00,2,0,1,Pärnu maakond,0,Kokkupõrge,Pimeda aeg
2018-03-21 08:20:00,2,0,1,Harju maakond,1,Jalakäijaõnnetus,Valge aeg
2018-03-21 08:46:00,2,0,1,Harju maakond,0,Kokkupõrge,Valge aeg
2018-03-21 11:48:00,3,0,1,Harju maakond,0,Kokkupõrge,Valge aeg
2018-03-22 17:14:00,3,0,3,Pärnu maakond,0,Kokkupõrge,Valge aeg
2018-03-22 17:30:00,1,0,1,Lääne-Viru maakond,0,Ühesõidukiõnnetus,Valge aeg
2018-03-22 21:23:00,2,1,0,Jõgeva maakond,0,Kokkupõrge,Pimeda aeg
2018-03-23 04:05:00,1,0,1,Ida-Viru maakond,0,Muu liiklusõnnetus,Pimeda aeg
2018-03-23 06:17:00,2,0,1,Harju maakond,1,Jalakäijaõnnetus,Valge aeg
2018-03-23 16:00:00,2,0,1,Harju maakond,0,Kokkupõrge,Valge aeg
2018-03-24 00:50:00,2,0,1,Harju maakond,0,Kokkupõrge,Pimeda aeg
2018-03-24 01:13:00,1,0,1,Harju maakond,0,Teadmata,Pimeda aeg
2018-03-24 03:25:00,2,0,2,Harju maakond,0,Kokkupõrge,Pimeda aeg
2018-03-24 15:56:00,1,0,1,Pärnu maakond,0,Ühesõidukiõnnetus,Valge aeg
2018-03-24 23:06:00,4,0,3,Harju maakond,0,Kokkupõrge,Pimeda aeg
2018-03-26 06:56:00,1,0,1,Harju maakond,0,Ühesõidukiõnnetus,Valge aeg
2018-03-26 17:20:00,3,0,2,Harju maakond,0,Kokkupõrge,Valge aeg
2018-03-26 18:03:00,2,0,1,Harju maakond,0,Kokkupõrge,Valge aeg
2018-03-27 08:28:00,3,0,1,Harju maakond,0,Kokkupõrge,Valge aeg
2018-03-27 11:46:00,2,0,1,Tartu maakond,1,Jalakäijaõnnetus,Valge aeg
2018-03-27 07:20:00,3,0,1,Harju maakond,0,Kokkupõrge,Valge aeg
2018-03-28 07:50:00,3,0,1,Tartu maakond,0,Kokkupõrge,Valge aeg
2018-03-29 16:00:00,2,0,1,Pärnu maakond,0,Kokkupõrge,Valge aeg
2018-03-30 10:00:00,2,0,1,Jõgeva maakond,1,Jalakäijaõnnetus,Valge aeg
2018-01-04 00:00:00,1,0,1,Tartu maakond,0,Ühesõidukiõnnetus,Pimeda aeg
2018-02-04 00:00:00,2,0,1,Lääne-Viru maakond,0,Kokkupõrge,Valge aeg
2018-02-04 00:00:00,4,0,3,Harju maakond,0,Ühesõidukiõnnetus,Valge aeg
2018-02-04 00:00:00,1,0,1,Harju maakond,0,Ühesõidukiõnnetus,Valge aeg
2018-02-04 00:00:00,3,0,2,Pärnu maakond,0,Kokkupõrge,Valge aeg
2018-03-04 00:00:00,1,0,1,Harju maakond,0,Ühesõidukiõnnetus,Valge aeg
2018-03-04 00:00:00,3,0,2,Harju maakond,0,Muu liiklusõnnetus,Valge aeg
2018-03-04 00:00:00,2,0,1,Harju maakond,1,Jalakäijaõnnetus,Valge aeg
2018-04-04 00:00:00,2,0,1,Harju maakond,0,Kokkupõrge,Valge aeg
2018-04-04 00:00:00,1,0,1,Rapla maakond,0,Ühesõidukiõnnetus,Valge aeg
2018-05-04 00:00:00,1,0,1,Jõgeva maakond,0,Ühesõidukiõnnetus,Valge aeg
2018-05-04 00:00:00,2,0,2,Lääne-Viru maakond,0,Ühesõidukiõnnetus,Valge aeg
2018-05-04 00:00:00,1,0,1,Harju maakond,0,Ühesõidukiõnnetus,Valge aeg
2018-05-04 00:00:00,2,0,1,Tartu maakond,0,Muu liiklusõnnetus,Valge aeg
2018-05-04 00:00:00,2,0,1,Harju maakond,0,Kokkupõrge,Valge aeg
2018-05-04 00:00:00,2,0,1,Harju maakond,1,Jalakäijaõnnetus,Valge aeg
2018-05-04 00:00:00,1,0,1,Rapla maakond,0,Ühesõidukiõnnetus,Pimeda aeg
2018-06-04 00:00:00,1,1,0,Harju maakond,0,Ühesõidukiõnnetus,Pimeda aeg
2018-06-04 00:00:00,2,0,1,Harju maakond,1,Jalakäijaõnnetus,Valge aeg
2018-06-04 00:00:00,1,0,1,Ida-Viru maakond,0,Ühesõidukiõnnetus,Valge aeg
2018-07-04 00:00:00,2,0,1,Võru maakond,1,Jalakäijaõnnetus,Valge aeg
2018-08-04 00:00:00,2,0,1,Harju maakond,0,Kokkupõrge,Valge aeg
2018-08-04 00:00:00,2,0,1,Harju maakond,0,Muu liiklusõnnetus,Valge aeg
2018-08-04 00:00:00,1,0,1,Järva maakond,0,Ühesõidukiõnnetus,Valge aeg
2018-10-04 00:00:00,1,0,1,Põlva maakond,0,Ühesõidukiõnnetus,Valge aeg
2018-10-04 00:00:00,7,0,5,Ida-Viru maakond,0,Muu liiklusõnnetus,Valge aeg
2018-10-04 00:00:00,2,0,1,Harju maakond,0,Kokkupõrge,Pimeda aeg
2018-11-04 00:00:00,2,0,1,Harju maakond,0,Kokkupõrge,Valge aeg
2018-11-04 00:00:00,2,0,1,Harju maakond,1,Jalakäijaõnnetus,Valge aeg
2018-12-04 00:00:00,3,0,1,Pärnu maakond,0,Kokkupõrge,Valge aeg
2018-12-04 00:00:00,3,0,1,Harju maakond,0,Kokkupõrge,Valge aeg
2018-12-04 00:00:00,2,0,2,Harju maakond,0,Kokkupõrge,Pimeda aeg
2018-04-13 06:16:00,2,0,2,Harju maakond,0,Ühesõidukiõnnetus,Valge aeg
2018-04-13 15:28:00,2,0,1,Harju maakond,0,Muu liiklusõnnetus,Valge aeg
2018-04-13 16:20:00,2,0,1,Harju maakond,0,Kokkupõrge,Valge aeg
2018-04-13 17:31:00,2,0,1,Tartu maakond,1,Jalakäijaõnnetus,Valge aeg
2018-04-13 18:12:00,2,0,1,Tartu maakond,0,Kokkupõrge,Valge aeg
2018-04-13 19:23:00,2,1,0,Lääne-Viru maakond,1,Jalakäijaõnnetus,Valge aeg
2018-04-15 18:12:00,1,0,1,Harju maakond,1,Jalakäijaõnnetus,Valge aeg
2018-04-15 18:30:00,2,0,1,Harju maakond,1,Jalakäijaõnnetus,Valge aeg
2018-04-15 20:00:00,1,0,1,Võru maakond,0,Ühesõidukiõnnetus,Valge aeg
2018-04-16 16:17:00,5,0,1,Ida-Viru maakond,0,Kokkupõrge,Valge aeg
2018-04-17 08:20:00,2,0,1,Harju maakond,0,Kokkupõrge,Valge aeg
2018-04-17 16:39:00,2,0,1,Harju maakond,1,Jalakäijaõnnetus,Valge aeg
2018-04-17 19:45:00,4,0,3,Ida-Viru maakond,0,Kokkupõrge,Pimeda aeg
2018-04-18 10:00:00,4,0,3,Harju maakond,1,Jalakäijaõnnetus,Valge aeg
2018-04-18 12:05:00,1,0,1,Harju maakond,0,Muu liiklusõnnetus,Valge aeg
2018-04-19 17:55:00,2,0,1,Pärnu maakond,0,Kokkupõrge,Valge aeg
2018-04-19 20:25:00,2,0,1,Harju maakond,0,Muu liiklusõnnetus,Pimeda aeg
2018-04-20 12:00:00,3,0,2,Harju maakond,1,Jalakäijaõnnetus,Valge aeg
2018-04-20 12:00:00,1,0,1,Järva maakond,0,Ühesõidukiõnnetus,Valge aeg
2018-04-20 12:00:00,3,0,1,Harju maakond,0,Kokkupõrge,Valge aeg
2018-04-20 20:41:00,4,0,1,Tartu maakond,0,Kokkupõrge,Valge aeg
2018-04-20 23:10:00,1,0,1,Pärnu maakond,0,Muu liiklusõnnetus,Pimeda aeg
2018-04-20 23:55:00,3,0,1,Harju maakond,0,Kokkupõrge,Pimeda aeg
2018-04-21 10:10:00,2,0,1,Harju maakond,0,Kokkupõrge,Valge aeg
2018-04-21 11:35:00,2,0,1,Harju maakond,1,Jalakäijaõnnetus,Valge aeg
2018-04-21 16:22:00,3,0,2,Tartu maakond,0,Kokkupõrge,Valge aeg
2018-04-21 16:30:00,3,0,2,Rapla maakond,1,Jalakäijaõnnetus,Valge aeg
2018-04-21 20:38:00,1,0,1,Harju maakond,0,Ühesõidukiõnnetus,Pimeda aeg
2018-04-22 17:15:00,2,1,0,Harju maakond,1,Jalakäijaõnnetus,Valge aeg
2018-04-23 11:30:00,2,0,1,Harju maakond,1,Jalakäijaõnnetus,Valge aeg
2018-04-23 11:49:00,2,0,1,Harju maakond,0,Kokkupõrge,Valge aeg
2018-04-23 13:46:00,1,1,0,Saare maakond,0,Ühesõidukiõnnetus,Valge aeg
2018-04-23 14:06:00,2,0,1,Tartu maakond,0,Muu liiklusõnnetus,Valge aeg
2018-04-24 11:19:00,4,0,3,Harju maakond,0,Kokkupõrge,Valge aeg
2018-04-25 02:15:00,4,0,1,Viljandi maakond,0,Kokkupõrge,Pimeda aeg
2018-04-25 13:48:00,2,0,2,Ida-Viru maakond,0,Kokkupõrge,Valge aeg
2018-04-26 01:15:00,2,0,1,Ida-Viru maakond,1,Jalakäijaõnnetus,Pimeda aeg
2018-04-26 05:32:00,2,0,1,Tartu maakond,0,Muu liiklusõnnetus,Valge aeg
2018-04-26 08:28:00,3,0,2,Tartu maakond,0,Ühesõidukiõnnetus,Valge aeg
2018-04-26 12:55:00,1,0,1,Harju maakond,0,Ühesõidukiõnnetus,Valge aeg
2018-04-26 16:11:00,2,0,1,Harju maakond,0,Kokkupõrge,Valge aeg
2018-04-26 21:47:00,3,0,1,Harju maakond,0,Kokkupõrge,Pimeda aeg
2018-04-26 23:25:00,2,0,1,Harju maakond,1,Jalakäijaõnnetus,Pimeda aeg
2018-04-27 02:06:00,1,0,1,Põlva maakond,0,Ühesõidukiõnnetus,Pimeda aeg
2018-04-27 19:18:00,2,0,1,Harju maakond,0,Teadmata,Valge aeg
2018-04-28 07:46:00,2,0,1,Lääne maakond,0,Ühesõidukiõnnetus,Valge aeg
2018-04-28 15:17:00,1,0,1,Pärnu maakond,0,Ühesõidukiõnnetus,Valge aeg
2018-04-28 15:21:00,2,0,1,Pärnu maakond,0,Jalakäijaõnnetus,Valge aeg
2018-04-28 16:55:00,1,0,1,Harju maakond,0,Ühesõidukiõnnetus,Valge aeg
2018-04-28 18:04:00,2,0,1,Tartu maakond,0,Kokkupõrge,Valge aeg
2018-04-28 21:48:00,1,0,1,Harju maakond,0,Ühesõidukiõnnetus,Pimeda aeg
2018-04-29 06:25:00,2,0,2,Lääne maakond,0,Ühesõidukiõnnetus,Valge aeg
2018-04-29 07:53:00,3,0,2,Tartu maakond,0,Kokkupõrge,Valge aeg
2018-04-29 12:22:00,2,0,1,Harju maakond,1,Jalakäijaõnnetus,Valge aeg
2018-04-29 17:43:00,4,0,3,Pärnu maakond,0,Kokkupõrge,Valge aeg
2018-04-30 08:59:00,2,0,1,Harju maakond,1,Jalakäijaõnnetus,Valge aeg
2018-04-30 14:52:00,9,0,1,Pärnu maakond,0,Kokkupõrge,Valge aeg
2018-04-30 18:45:00,2,0,1,Harju maakond,1,Jalakäijaõnnetus,Valge aeg
2018-04-30 19:24:00,2,0,1,Harju maakond,0,Kokkupõrge,Valge aeg
2018-04-30 20:53:00,2,0,1,Harju maakond,0,Muu liiklusõnnetus,Pimeda aeg
2018-02-05 00:00:00,2,0,1,Tartu maakond,0,Kokkupõrge,Valge aeg
2018-02-05 00:00:00,4,0,2,Ida-Viru maakond,0,Kokkupõrge,Valge aeg
2018-02-05 00:00:00,2,0,2,Harju maakond,0,Kokkupõrge,Valge aeg
2018-02-05 00:00:00,2,0,1,Võru maakond,0,Kokkupõrge,Valge aeg
2018-02-05 00:00:00,4,0,1,Pärnu maakond,0,Kokkupõrge,Valge aeg
2018-02-05 00:00:00,3,0,1,Tartu maakond,0,Kokkupõrge,Pimeda aeg
2018-03-05 00:00:00,2,1,1,Harju maakond,0,Ühesõidukiõnnetus,Valge aeg
2018-03-05 00:00:00,2,0,1,Harju maakond,0,Muu liiklusõnnetus,Valge aeg
2018-03-05 00:00:00,2,0,1,Tartu maakond,0,Kokkupõrge,Valge aeg
2018-04-05 00:00:00,2,0,1,Harju maakond,0,Kokkupõrge,Valge aeg
2018-02-05 00:00:00,1,0,1,Harju maakond,0,Muu liiklusõnnetus,Valge aeg
2018-05-05 00:00:00,1,0,1,Harju maakond,1,Jalakäijaõnnetus,Valge aeg
2018-05-05 00:00:00,4,0,3,Võru maakond,0,Ühesõidukiõnnetus,Valge aeg
2018-05-05 00:00:00,1,0,1,Harju maakond,0,Ühesõidukiõnnetus,Valge aeg
2018-05-05 00:00:00,1,0,1,Järva maakond,0,Ühesõidukiõnnetus,Valge aeg
2018-05-05 00:00:00,1,0,1,Harju maakond,0,Ühesõidukiõnnetus,Valge aeg
2018-06-05 00:00:00,1,0,1,Harju maakond,0,Ühesõidukiõnnetus,Pimeda aeg
2018-06-05 00:00:00,2,0,1,Harju maakond,1,Jalakäijaõnnetus,Valge aeg
2018-06-05 00:00:00,2,1,0,Viljandi maakond,0,Kokkupõrge,Valge aeg
2018-06-05 00:00:00,2,0,1,Lääne-Viru maakond,0,Kokkupõrge,Valge aeg
2018-06-05 00:00:00,2,0,1,Tartu maakond,0,Ühesõidukiõnnetus,Valge aeg
2018-07-05 00:00:00,2,0,1,Harju maakond,0,Kokkupõrge,Valge aeg
2018-07-05 00:00:00,3,0,1,Harju maakond,0,Kokkupõrge,Valge aeg
2018-07-05 00:00:00,3,0,1,Harju maakond,0,Muu liiklusõnnetus,Valge aeg
2018-07-05 00:00:00,2,0,1,Ida-Viru maakond,0,Muu liiklusõnnetus,Valge aeg
2018-07-05 00:00:00,1,0,1,Harju maakond,0,Ühesõidukiõnnetus,Valge aeg
2018-07-05 00:00:00,2,0,1,Põlva maakond,1,Jalakäijaõnnetus,Pimeda aeg
2018-08-05 00:00:00,2,0,1,Harju maakond,0,Kokkupõrge,Valge aeg
2018-08-05 00:00:00,2,0,1,Harju maakond,0,Kokkupõrge,Valge aeg
2018-08-05 00:00:00,6,0,4,Harju maakond,0,Kokkupõrge,Valge aeg
2018-08-05 00:00:00,2,0,2,Harju maakond,0,Kokkupõrge,Valge aeg
2018-08-05 00:00:00,1,0,1,Harju maakond,0,Ühesõidukiõnnetus,Valge aeg
2018-08-05 00:00:00,1,0,1,Pärnu maakond,0,Ühesõidukiõnnetus,Valge aeg
2018-09-05 00:00:00,2,0,1,Tartu maakond,0,Muu liiklusõnnetus,Valge aeg
2018-09-05 00:00:00,1,0,1,Järva maakond,0,Ühesõidukiõnnetus,Valge aeg
2018-09-05 00:00:00,1,0,1,Pärnu maakond,0,Ühesõidukiõnnetus,Valge aeg
2018-09-05 00:00:00,2,0,1,Valga maakond,0,Kokkupõrge,Valge aeg
2018-10-05 00:00:00,1,0,1,Harju maakond,0,Ühesõidukiõnnetus,Valge aeg
2018-10-05 00:00:00,2,0,1,Pärnu maakond,0,Kokkupõrge,Valge aeg
2018-10-05 00:00:00,2,0,1,Valga maakond,0,Kokkupõrge,Valge aeg
2018-10-05 00:00:00,2,0,1,Harju maakond,0,Kokkupõrge,Valge aeg
2018-10-05 00:00:00,1,0,1,Pärnu maakond,1,Jalakäijaõnnetus,Valge aeg
2018-11-05 00:00:00,4,0,3,Lääne-Viru maakond,0,Kokkupõrge,Valge aeg
2018-11-05 00:00:00,1,0,1,Harju maakond,1,Jalakäijaõnnetus,Valge aeg
2018-11-05 00:00:00,2,0,1,Harju maakond,0,Kokkupõrge,Valge aeg
2018-11-05 00:00:00,1,0,1,Harju maakond,0,Ühesõidukiõnnetus,Pimeda aeg
2018-12-05 00:00:00,3,0,1,Ida-Viru maakond,0,Kokkupõrge,Valge aeg
2018-12-05 00:00:00,2,0,1,Saare maakond,0,Kokkupõrge,Valge aeg
2018-12-05 00:00:00,2,0,2,Lääne maakond,0,Kokkupõrge,Valge aeg
2018-12-05 00:00:00,4,0,2,Ida-Viru maakond,0,Kokkupõrge,Valge aeg
2018-12-05 00:00:00,1,0,1,Viljandi maakond,0,Ühesõidukiõnnetus,Valge aeg
2018-12-05 00:00:00,1,0,1,Tartu maakond,0,Jalakäijaõnnetus,Valge aeg
2018-05-13 01:45:00,1,0,1,Viljandi maakond,0,Ühesõidukiõnnetus,Pimeda aeg
2018-05-13 07:55:00,2,0,1,Harju maakond,0,Kokkupõrge,Valge aeg
2018-05-13 10:32:00,2,0,1,Harju maakond,0,Kokkupõrge,Valge aeg
2018-05-13 11:11:00,2,0,1,Harju maakond,0,Kokkupõrge,Valge aeg
2018-05-13 12:35:00,4,0,1,Harju maakond,0,Kokkupõrge,Valge aeg
2018-05-13 14:05:00,2,0,1,Võru maakond,0,Muu liiklusõnnetus,Valge aeg
2018-05-13 15:32:00,2,0,2,Harju maakond,0,Ühesõidukiõnnetus,Valge aeg
2018-05-13 21:14:00,1,0,1,Harju maakond,0,Ühesõidukiõnnetus,Valge aeg
2018-05-13 23:36:00,2,0,1,Harju maakond,0,Muu liiklusõnnetus,Pimeda aeg
2018-05-14 04:13:00,1,0,1,Harju maakond,0,Ühesõidukiõnnetus,Valge aeg
2018-05-14 04:30:00,4,0,4,Järva maakond,0,Kokkupõrge,Valge aeg
2018-05-14 06:30:00,3,0,2,Harju maakond,0,Kokkupõrge,Valge aeg
2018-05-14 08:43:00,2,0,1,Harju maakond,0,Muu liiklusõnnetus,Valge aeg
2018-05-14 11:57:00,2,0,1,Harju maakond,1,Jalakäijaõnnetus,Valge aeg
2018-05-14 12:50:00,2,0,1,Harju maakond,1,Jalakäijaõnnetus,Valge aeg
2018-05-15 07:54:00,2,0,1,Harju maakond,1,Jalakäijaõnnetus,Valge aeg