date,persons_involved,killed,injured,county,pedestrian_involved,accident_type,light_conditions
2018-05-15 07:55:00,2,0,1,Harju maakond,0,Kokkupõrge,Valge aeg
2018-05-15 08:25:00,2,0,1,Tartu maakond,0,Kokkupõrge,Valge aeg
2018-05-15 09:20:00,3,0,2,Harju maakond,0,Kokkupõrge,Valge aeg
2018-05-15 10:40:00,2,0,1,Tartu maakond,0,Kokkupõrge,Valge aeg
2018-05-15 12:00:00,2,0,1,Ida-Viru maakond,1,Jalakäijaõnnetus,Valge aeg
2018-05-15 13:29:00,2,0,1,Lääne maakond,1,Jalakäijaõnnetus,Valge aeg
2018-05-15 20:21:00,2,0,1,Tartu maakond,0,Muu liiklusõnnetus,Valge aeg
2018-05-16 08:15:00,2,0,1,Harju maakond,0,Muu liiklusõnnetus,Valge aeg
2018-05-16 12:15:00,3,0,2,Harju maakond,0,Kokkupõrge,Valge aeg
2018-05-16 16:35:00,2,0,1,Pärnu maakond,0,Kokkupõrge,Valge aeg
2018-05-16 16:58:00,1,0,1,Pärnu maakond,0,Muu liiklusõnnetus,Valge aeg
2018-05-17 07:47:00,2,0,1,Harju maakond,0,Jalakäijaõnnetus,Valge aeg
2018-05-17 11:22:00,3,0,1,Harju maakond,0,Kokkupõrge,Valge aeg
2018-05-17 18:02:00,1,0,1,Tartu maakond,0,Ühesõidukiõnnetus,Valge aeg
2018-05-17 18:40:00,3,0,1,Harju maakond,1,Jalakäijaõnnetus,Valge aeg
2018-05-17 20:45:00,3,0,1,Harju maakond,0,Kokkupõrge,Valge aeg
2018-05-18 00:34:00,2,0,1,Harju maakond,0,Teadmata,Pimeda aeg
2018-05-18 08:20:00,3,0,3,Harju maakond,0,Kokkupõrge,Valge aeg
2018-05-18 17:40:00,2,0,1,Harju maakond,1,Jalakäijaõnnetus,Valge aeg
2018-05-18 19:41:00,2,0,2,Tartu maakond,0,Kokkupõrge,Valge aeg
2018-05-19 12:20:00,3,0,1,Harju maakond,0,Kokkupõrge,Valge aeg
2018-05-19 15:42:00,4,0,2,Jõgeva maakond,0,Ühesõidukiõnnetus,Valge aeg
2018-05-19 19:35:00,1,0,1,Harju maakond,0,Ühesõidukiõnnetus,Valge aeg
2018-05-19 21:05:00,3,0,1,Harju maakond,0,Teadmata,Valge aeg
2018-05-20 13:40:00,1,0,1,Lääne-Viru maakond,0,Ühesõidukiõnnetus,Valge aeg
2018-05-20 11:50:00,3,0,1,Ida-Viru maakond,0,Kokkupõrge,Valge aeg
2018-05-20 16:40:00,1,0,1,Harju maakond,0,Muu liiklusõnnetus,Valge aeg
2018-05-21 08:52:00,2,0,1,Tartu maakond,0,Muu liiklusõnnetus,Valge aeg
2018-05-21 13:10:00,1,0,1,Valga maakond,0,Ühesõidukiõnnetus,Valge aeg
2018-05-21 15:01:00,1,0,1,Harju maakond,0,Ühesõidukiõnnetus,Valge aeg
2018-05-21 17:05:00,2,0,1,Harju maakond,1,Jalakäijaõnnetus,Valge aeg
2018-05-21 17:20:00,1,0,1,Harju maakond,0,Muu liiklusõnnetus,Valge aeg
2018-05-21 18:37:00,3,0,2,Saare maakond,0,Kokkupõrge,Valge aeg
2018-05-21 19:55:00,1,0,1,Lääne-Viru maakond,0,Ühesõidukiõnnetus,Valge aeg
2018-05-22 06:40:00,1,0,1,Võru maakond,0,Ühesõidukiõnnetus,Valge aeg
2018-05-22 09:24:00,3,0,1,Harju maakond,0,Kokkupõrge,Valge aeg
2018-05-22 09:34:00,2,0,1,Harju maakond,0,Kokkupõrge,Valge aeg
2018-05-22 09:45:00,1,0,1,Tartu maakond,0,Ühesõidukiõnnetus,Valge aeg
2018-05-22 10:47:00,4,0,2,Harju maakond,0,Kokkupõrge,Valge aeg
2018-05-22 14:30:00,4,0,2,Viljandi maakond,0,Kokkupõrge,Valge aeg
2018-05-22 15:00:00,2,0,1,Harju maakond,0,Kokkupõrge,Valge aeg
2018-05-22 15:30:00,1,0,1,Rapla maakond,0,Ühesõidukiõnnetus,Valge aeg
2018-05-22 17:34:00,2,0,1,Tartu maakond,0,Kokkupõrge,Valge aeg
2018-05-22 23:45:00,2,0,1,Harju maakond,0,Muu liiklusõnnetus,Pimeda aeg
2018-05-23 03:55:00,1,0,1,Tartu maakond,0,Ühesõidukiõnnetus,Valge aeg
2018-05-23 07:50:00,7,0,5,Harju maakond,0,Kokkupõrge,Valge aeg
2018-05-23 07:50:00,2,0,1,Harju maakond,0,Muu liiklusõnnetus,Valge aeg
2018-05-23 11:41:00,2,0,1,Harju maakond,1,Jalakäijaõnnetus,Valge aeg
2018-05-23 14:01:00,2,0,1,Harju maakond,0,Kokkupõrge,Valge aeg
2018-05-23 16:53:00,2,0,1,Harju maakond,0,Kokkupõrge,Valge aeg
2018-05-23 17:54:00,2,0,1,Tartu maakond,0,Kokkupõrge,Valge aeg
2018-05-23 18:51:00,3,0,3,Harju maakond,0,Kokkupõrge,Valge aeg
2018-05-23 20:23:00,2,0,1,Harju maakond,0,Kokkupõrge,Valge aeg
2018-05-23 21:50:00,1,0,1,Harju maakond,0,Muu liiklusõnnetus,Valge aeg
2018-05-24 01:30:00,3,0,3,Harju maakond,0,Ühesõidukiõnnetus,Pimeda aeg
2018-05-24 07:35:00,2,1,0,Saare maakond,1,Jalakäijaõnnetus,Valge aeg
2018-05-24 13:42:00,2,0,1,Harju maakond,1,Jalakäijaõnnetus,Valge aeg
2018-05-24 16:32:00,2,0,1,Tartu maakond,0,Kokkupõrge,Valge aeg
2018-05-24 16:42:00,2,1,0,Ida-Viru maakond,0,Kokkupõrge,Valge aeg
2018-05-24 16:58:00,2,0,1,Harju maakond,0,Kokkupõrge,Valge aeg
2018-05-24 17:29:00,3,0,1,Harju maakond,0,Kokkupõrge,Valge aeg
2018-05-25 10:40:00,4,0,4,Harju maakond,0,Kokkupõrge,Valge aeg
2018-05-25 13:36:00,3,0,1,Rapla maakond,0,Kokkupõrge,Valge aeg
2018-05-25 14:07:00,2,0,1,Lääne maakond,0,Kokkupõrge,Valge aeg
2018-05-25 18:50:00,2,0,2,Lääne maakond,0,Kokkupõrge,Valge aeg
2018-05-25 21:04:00,1,0,1,Harju maakond,0,Muu liiklusõnnetus,Valge aeg
2018-05-26 14:56:00,2,0,1,Harju maakond,0,Kokkupõrge,Valge aeg
2018-05-26 14:55:00,1,0,1,Viljandi maakond,0,Ühesõidukiõnnetus,Valge aeg
2018-05-26 16:39:00,1,0,1,Jõgeva maakond,0,Ühesõidukiõnnetus,Valge aeg
2018-05-26 17:00:00,3,0,1,Ida-Viru maakond,0,Kokkupõrge,Valge aeg
2018-05-26 19:58:00,1,0,1,Harju maakond,0,Ühesõidukiõnnetus,Valge aeg
2018-05-26 21:35:00,1,1,0,Lääne-Viru maakond,0,Ühesõidukiõnnetus,Valge aeg
2018-05-26 23:40:00,3,0,1,Jõgeva maakond,0,Kokkupõrge,Pimeda aeg
2018-05-27 00:40:00,2,0,1,Harju maakond,1,Jalakäijaõnnetus,Pimeda aeg
2018-05-27 01:05:00,1,0,1,Saare maakond,0,Muu liiklusõnnetus,Pimeda aeg
2018-05-27 16:20:00,2,0,1,Lääne-Viru maakond,0,Kokkupõrge,Valge aeg
2018-05-27 19:25:00,1,0,1,Lääne-Viru maakond,0,Ühesõidukiõnnetus,Valge aeg
2018-05-27 19:49:00,2,0,1,Viljandi maakond,0,Muu liiklusõnnetus,Valge aeg
2018-05-27 20:00:00,2,0,1,Ida-Viru maakond,1,Jalakäijaõnnetus,Valge aeg
2018-05-28 08:29:00,2,0,1,Harju maakond,0,Kokkupõrge,Valge aeg
2018-05-28 09:15:00,2,0,1,Rapla maakond,0,Muu liiklusõnnetus,Valge aeg
2018-05-28 11:52:00,1,0,1,Pärnu maakond,1,Jalakäijaõnnetus,Valge aeg
2018-05-28 12:39:00,1,0,1,Harju maakond,1,Jalakäijaõnnetus,Valge aeg
2018-05-28 12:55:00,1,0,1,Lääne-Viru maakond,0,Ühesõidukiõnnetus,Valge aeg
2018-05-28 13:17:00,1,0,1,Hiiu maakond,0,Muu liiklusõnnetus,Valge aeg
2018-05-28 13:37:00,2,0,1,Tartu maakond,0,Kokkupõrge,Valge aeg
2018-05-28 18:17:00,3,0,1,Harju maakond,0,Kokkupõrge,Valge aeg
2018-05-28 20:18:00,1,0,1,Harju maakond,0,Ühesõidukiõnnetus,Valge aeg
2018-05-29 07:38:00,3,0,1,Lääne-Viru maakond,0,Kokkupõrge,Valge aeg
2018-05-29 11:02:00,1,0,1,Harju maakond,0,Ühesõidukiõnnetus,Valge aeg
2018-05-29 11:04:00,2,0,1,Harju maakond,0,Kokkupõrge,Valge aeg
2018-05-29 17:51:00,2,0,1,Harju maakond,0,Kokkupõrge,Valge aeg
2018-05-29 18:28:00,2,0,1,Ida-Viru maakond,0,Kokkupõrge,Valge aeg
2018-05-29 20:56:00,2,1,0,Järva maakond,0,Kokkupõrge,Valge aeg
2018-05-30 08:10:00,2,0,1,Harju maakond,0,Muu liiklusõnnetus,Valge aeg
2018-05-30 13:42:00,1,1,0,Harju maakond,0,Ühesõidukiõnnetus,Valge aeg
2018-05-30 13:42:00,1,0,1,Põlva maakond,0,Ühesõidukiõnnetus,Valge aeg
2018-05-30 14:04:00,1,0,1,Harju maakond,0,Ühesõidukiõnnetus,Valge aeg
2018-05-30 15:40:00,2,0,1,Harju maakond,0,Muu liiklusõnnetus,Valge aeg
2018-05-30 17:17:00,2,0,1,Tartu maakond,1,Jalakäijaõnnetus,Valge aeg
2018-05-30 18:30:00,2,0,1,Harju maakond,0,Kokkupõrge,Valge aeg
2018-05-30 18:15:00,2,0,1,Valga maakond,0,Kokkupõrge,Valge aeg
2018-05-30 19:27:00,1,0,1,Harju maakond,0,Muu liiklusõnnetus,Valge aeg
2018-05-31 08:50:00,2,0,1,Harju maakond,0,Muu liiklusõnnetus,Valge aeg
2018-05-31 14:43:00,2,0,1,Harju maakond,1,Jalakäijaõnnetus,Valge aeg
2018-05-31 14:35:00,2,0,1,Harju maakond,1,Teadmata,Valge aeg
2018-05-31 14:51:00,1,0,1,Harju maakond,0,Muu liiklusõnnetus,Valge aeg
2018-05-31 19:30:00,2,0,1,Harju maakond,0,Kokkupõrge,Valge aeg
2018-01-06 00:00:00,1,0,1,Harju maakond,0,Muu liiklusõnnetus,Valge aeg
2018-01-06 00:00:00,2,0,1,Tartu maakond,0,Kokkupõrge,Valge aeg
2018-01-06 00:00:00,3,0,1,Harju maakond,0,Kokkupõrge,Valge aeg
2018-01-06 00:00:00,1,0,1,Lääne-Viru maakond,0,Ühesõidukiõnnetus,Valge aeg
2018-01-06 00:00:00,2,0,1,Viljandi maakond,0,Kokkupõrge,Valge aeg
2018-01-06 00:00:00,1,0,1,Harju maakond,1,Jalakäijaõnnetus,Valge aeg
2018-01-06 00:00:00,1,0,1,Harju maakond,0,Muu liiklusõnnetus,Valge aeg
2018-01-06 00:00:00,1,0,1,Jõgeva maakond,0,Ühesõidukiõnnetus,Pimeda aeg
2018-02-06 00:00:00,1,0,1,Tartu maakond,0,Ühesõidukiõnnetus,Pimeda aeg
2018-02-06 00:00:00,2,2,0,Rapla maakond,0,Ühesõidukiõnnetus,Valge aeg
2018-02-06 00:00:00,4,0,1,Lääne maakond,0,Kokkupõrge,Valge aeg
2018-02-06 00:00:00,3,0,1,Harju maakond,0,Kokkupõrge,Valge aeg
2018-02-06 00:00:00,2,0,1,Lääne maakond,0,Kokkupõrge,Valge aeg
2018-02-06 00:00:00,2,0,1,Harju maakond,0,Muu liiklusõnnetus,Valge aeg
2018-02-06 00:00:00,1,1,0,Rapla maakond,0,Ühesõidukiõnnetus,Valge aeg
2018-02-06 00:00:00,2,0,1,Tartu maakond,1,Jalakäijaõnnetus,Valge aeg
2018-02-06 00:00:00,2,0,2,Valga maakond,0,Kokkupõrge,Valge aeg
2018-02-06 00:00:00,6,0,6,Harju maakond,0,Ühesõidukiõnnetus,Valge aeg
2018-02-06 00:00:00,1,0,1,Viljandi maakond,0,Muu liiklusõnnetus,Valge aeg
2018-02-06 00:00:00,7,0,3,Viljandi maakond,0,Kokkupõrge,Valge aeg
2018-03-06 00:00:00,1,0,1,Põlva maakond,0,Muu liiklusõnnetus,Pimeda aeg
2018-03-06 00:00:00,2,0,1,Harju maakond,0,Muu liiklusõnnetus,Valge aeg
2018-03-06 00:00:00,3,0,2,Lääne maakond,0,Kokkupõrge,Valge aeg
2018-03-06 00:00:00,2,0,1,Lääne-Viru maakond,0,Kokkupõrge,Valge aeg
2018-03-06 00:00:00,2,0,1,Harju maakond,0,Kokkupõrge,Valge aeg
2018-03-06 00:00:00,1,0,1,Harju maakond,0,Ühesõidukiõnnetus,Valge aeg
2018-04-06 00:00:00,1,0,1,Rapla maakond,0,Teadmata,Valge aeg
2018-04-06 00:00:00,2,0,1,Viljandi maakond,0,Kokkupõrge,Valge aeg
2018-04-06 00:00:00,2,0,2,Saare maakond,0,Ühesõidukiõnnetus,Valge aeg
2018-04-06 00:00:00,2,0,1,Harju maakond,0,Kokkupõrge,Valge aeg
2018-04-06 00:00:00,2,0,1,Harju maakond,0,Kokkupõrge,Valge aeg
2018-04-06 00:00:00,2,0,1,Võru maakond,0,Muu liiklusõnnetus,Valge aeg
2018-05-06 00:00:00,2,0,1,Võru maakond,0,Kokkupõrge,Valge aeg
2018-05-06 00:00:00,2,0,1,Lääne maakond,0,Kokkupõrge,Valge aeg
2018-06-06 00:00:00,2,0,1,Lääne maakond,0,Muu liiklusõnnetus,Valge aeg
2018-06-06 00:00:00,2,1,0,Harju maakond,0,Kokkupõrge,Valge aeg
2018-06-06 00:00:00,2,0,1,Järva maakond,0,Kokkupõrge,Valge aeg
2018-07-06 00:00:00,2,0,1,Harju maakond,0,Muu liiklusõnnetus,Valge aeg
2018-07-06 00:00:00,2,0,1,Harju maakond,1,Jalakäijaõnnetus,Valge aeg
2018-08-06 00:00:00,1,0,1,Harju maakond,0,Ühesõidukiõnnetus,Valge aeg
2018-08-06 00:00:00,2,0,1,Harju maakond,0,Kokkupõrge,Valge aeg
2018-08-06 00:00:00,1,0,1,Harju maakond,0,Kokkupõrge,Valge aeg
2018-08-06 00:00:00,2,0,1,Harju maakond,0,Ühesõidukiõnnetus,Valge aeg
2018-09-06 00:00:00,2,0,1,Harju maakond,0,Kokkupõrge,Valge aeg
2018-09-06 00:00:00,2,0,1,Saare maakond,0,Muu liiklusõnnetus,Valge aeg
2018-09-06 00:00:00,2,0,1,Rapla maakond,0,Kokkupõrge,Valge aeg
2018-09-06 00:00:00,2,0,1,Viljandi maakond,1,Jalakäijaõnnetus,Valge aeg
2018-09-06 00:00:00,1,0,1,Harju maakond,0,Ühesõidukiõnnetus,Valge aeg
2018-09-06 00:00:00,2,0,1,Harju maakond,0,Muu liiklusõnnetus,Valge aeg
2018-10-06 00:00:00,1,0,1,Harju maakond,0,Ühesõidukiõnnetus,Valge aeg
2018-10-06 00:00:00,2,0,1,Harju maakond,0,Kokkupõrge,Valge aeg
2018-10-06 00:00:00,2,0,1,Harju maakond,0,Kokkupõrge,Valge aeg
2018-10-06 00:00:00,1,0,1,Harju maakond,0,Ühesõidukiõnnetus,Pimeda aeg
2018-11-06 00:00:00,4,0,3,Ida-Viru maakond,0,Ühesõidukiõnnetus,Valge aeg
2018-11-06 00:00:00,2,0,1,Võru maakond,0,Muu liiklusõnnetus,Valge aeg
2018-11-06 00:00:00,2,0,1,Harju maakond,0,Ühesõidukiõnnetus,Valge aeg
2018-11-06 00:00:00,1,0,1,Harju maakond,0,Kokkupõrge,Valge aeg
2018-11-06 00:00:00,2,0,1,Tartu maakond,1,Jalakäijaõnnetus,Valge aeg
2018-11-06 00:00:00,1,0,1,Harju maakond,0,Ühesõidukiõnnetus,Valge aeg
2018-12-06 00:00:00,3,0,1,Saare maakond,0,Kokkupõrge,Valge aeg
2018-12-06 00:00:00,2,0,1,Rapla maakond,1,Jalakäijaõnnetus,Valge aeg
2018-12-06 00:00:00,2,0,1,Harju maakond,0,Kokkupõrge,Valge aeg
2018-06-13 01:00:00,2,0,2,Lääne maakond,0,Kokkupõrge,Pimeda aeg
2018-06-13 07:34:00,2,0,1,Tartu maakond,0,Kokkupõrge,Valge aeg
2018-06-13 08:15:00,2,0,1,Harju maakond,0,Kokkupõrge,Valge aeg
2018-06-13 10:40:00,3,0,2,Lääne-Viru maakond,0,Kokkupõrge,Valge aeg
2018-06-13 12:38:00,2,0,1,Harju maakond,1,Jalakäijaõnnetus,Valge aeg
2018-06-13 16:32:00,1,1,0,Pärnu maakond,0,Ühesõidukiõnnetus,Valge aeg
2018-06-14 11:00:00,2,0,1,Tartu maakond,0,Kokkupõrge,Valge aeg
2018-06-14 13:54:00,2,0,1,Harju maakond,0,Kokkupõrge,Valge aeg
2018-06-14 15:43:00,3,0,1,Pärnu maakond,0,Muu liiklusõnnetus,Valge aeg
2018-06-14 17:02:00,2,0,1,Tartu maakond,1,Jalakäijaõnnetus,Valge aeg
2018-06-14 21:48:00,1,0,1,Valga maakond,0,Ühesõidukiõnnetus,Valge aeg
2018-06-14 22:54:00,2,0,1,Harju maakond,0,Kokkupõrge,Pimeda aeg
2018-06-15 10:44:00,2,0,1,Harju maakond,0,Kokkupõrge,Valge aeg
2018-06-15 12:50:00,1,0,1,Harju maakond,1,Jalakäijaõnnetus,Valge aeg
2018-06-15 16:37:00,3,0,1,Harju maakond,0,Muu liiklusõnnetus,Valge aeg
2018-06-15 16:40:00,2,0,2,Pärnu maakond,0,Muu liiklusõnnetus,Valge aeg
2018-06-15 17:01:00,3,0,1,Saare maakond,0,Kokkupõrge,Valge aeg
2018-06-15 20:21:00,2,0,1,Harju maakond,1,Jalakäijaõnnetus,Valge aeg
2018-06-16 00:28:00,2,0,1,Harju maakond,0,Kokkupõrge,Pimeda aeg
2018-06-16 05:59:00,1,0,1,Harju maakond,0,Ühesõidukiõnnetus,Valge aeg
2018-06-16 09:06:00,2,0,1,Harju maakond,0,Kokkupõrge,Valge aeg
2018-06-16 11:45:00,1,0,1,Lääne-Viru maakond,0,Ühesõidukiõnnetus,Valge aeg
2018-06-16 15:11:00,2,0,2,Pärnu maakond,0,Ühesõidukiõnnetus,Valge aeg
2018-06-16 20:07:00,1,0,1,Harju maakond,0,Ühesõidukiõnnetus,Valge aeg
2018-06-17 10:45:00,2,0,1,Viljandi maakond,0,Kokkupõrge,Valge aeg
2018-06-17 12:05:00,2,0,1,Lääne-Viru maakond,0,Kokkupõrge,Valge aeg
2018-06-17 16:59:00,2,0,1,Ida-Viru maakond,1,Jalakäijaõnnetus,Valge aeg
2018-06-17 17:40:00,2,0,1,Harju maakond,0,Kokkupõrge,Valge aeg
2018-06-17 18:00:00,1,1,0,Pärnu maakond,0,Ühesõidukiõnnetus,Valge aeg
2018-06-17 20:58:00,1,0,1,Harju maakond,0,Muu liiklusõnnetus,Valge aeg
2018-06-18 06:49:00,4,1,3,Võru maakond,0,Kokkupõrge,Valge aeg
2018-06-18 17:15:00,2,0,1,Harju maakond,0,Kokkupõrge,Valge aeg
2018-06-19 10:30:00,2,0,1,Harju maakond,0,Kokkupõrge,Valge aeg
2018-06-19 10:55:00,4,0,2,Põlva maakond,0,Kokkupõrge,Valge aeg
2018-06-19 16:15:00,4,0,2,Harju maakond,0,Kokkupõrge,Valge aeg
2018-06-19 16:40:00,2,0,1,Harju maakond,1,Jalakäijaõnnetus,Valge aeg
2018-06-20 08:04:00,1,0,1,Harju maakond,0,Ühesõidukiõnnetus,Valge aeg
2018-06-20 10:03:00,2,0,1,Pärnu maakond,0,Kokkupõrge,Valge aeg
2018-06-20 12:11:00,2,0,1,Saare maakond,0,Kokkupõrge,Valge aeg
2018-06-20 17:34:00,3,0,1,Viljandi maakond,1,Jalakäijaõnnetus,Valge aeg
2018-06-20 18:55:00,2,0,1,Harju maakond,0,Muu liiklusõnnetus,Valge aeg
2018-06-20 19:00:00,2,0,1,Ida-Viru maakond,0,Muu liiklusõnnetus,Valge aeg
2018-06-21 14:42:00,2,1,1,Tartu maakond,0,Kokkupõrge,Valge aeg
2018-06-21 15:15:00,2,0,1,Harju maakond,1,Jalakäijaõnnetus,Valge aeg
2018-06-21 15:41:00,1,0,1,Harju maakond,0,Ühesõidukiõnnetus,Valge aeg
2018-06-22 18:32:00,1,0,1,Tartu maakond,0,Ühesõidukiõnnetus,Valge aeg
2018-06-23 12:00:00,1,0,1,Harju maakond,0,Ühesõidukiõnnetus,Valge aeg
2018-06-23 13:26:00,2,0,1,Harju maakond,0,Kokkupõrge,Valge aeg
2018-06-23 13:45:00,1,0,1,Viljandi maakond,0,Muu liiklusõnnetus,Valge aeg
2018-06-23 21:46:00,1,0,1,Tartu maakond,0,Ühesõidukiõnnetus,Valge aeg
2018-06-23 23:29:00,1,0,1,Harju maakond,1,Jalakäijaõnnetus,Pimeda aeg
2018-06-24 12:51:00,2,0,1,Lääne maakond,0,Kokkupõrge,Valge aeg
2018-06-24 16:11:00,1,0,1,Võru maakond,0,Ühesõidukiõnnetus,Valge aeg
2018-06-24 18:03:00,1,0,1,Harju maakond,0,Ühesõidukiõnnetus,Valge aeg
2018-06-24 21:25:00,1,0,1,Harju maakond,0,Ühesõidukiõnnetus,Valge aeg
2018-06-25 00:57:00,2,0,1,Saare maakond,0,Ühesõidukiõnnetus,Pimeda aeg
2018-06-25 08:56:00,1,0,1,Jõgeva maakond,0,Ühesõidukiõnnetus,Valge aeg
2018-06-25 09:38:00,2,0,1,Ida-Viru maakond,1,Jalakäijaõnnetus,Valge aeg
2018-06-25 12:00:00,2,1,0,Harju maakond,1,Jalakäijaõnnetus,Valge aeg
2018-06-25 19:04:00,2,0,1,Tartu maakond,0,Kokkupõrge,Valge aeg
2018-06-25 19:43:00,5,0,5,Jõgeva maakond,0,Muu liiklusõnnetus,Valge aeg
2018-06-25 20:17:00,3,0,1,Harju maakond,0,Kokkupõrge,Valge aeg
2018-06-25 21:30:00,1,0,1,Võru maakond,0,Ühesõidukiõnnetus,Valge aeg
2018-06-26 08:42:00,2,0,1,Harju maakond,1,Jalakäijaõnnetus,Valge aeg
2018-06-26 11:40:00,1,0,1,Harju maakond,0,Muu liiklusõnnetus,Valge aeg
2018-06-26 12:35:00,2,0,1,Viljandi maakond,0,Kokkupõrge,Valge aeg
2018-06-26 13:20:00,3,0,2,Harju maakond,0,Kokkupõrge,Valge aeg
2018-06-26 14:45:00,2,0,1,Harju maakond,0,Kokkupõrge,Valge aeg
2018-06-26 17:08:00,2,0,1,Harju maakond,0,Kokkupõrge,Valge aeg
2018-06-26 19:18:00,2,0,1,Harju maakond,0,Kokkupõrge,Valge aeg
2018-06-26 22:39:00,1,0,1,Põlva maakond,0,Ühesõidukiõnnetus,Valge aeg
2018-06-27 11:10:00,4,0,1,Järva maakond,0,Kokkupõrge,Valge aeg
2018-06-27 14:54:00,2,0,1,Harju maakond,0,Muu liiklusõnnetus,Valge aeg
2018-06-27 16:45:00,3,0,1,Ida-Viru maakond,1,Jalakäijaõnnetus,Valge aeg
2018-06-27 19:20:00,2,0,2,Järva maakond,0,Kokkupõrge,Valge aeg
2018-06-27 20:24:00,5,1,4,Tartu maakond,0,Kokkupõrge,Valge aeg
2018-06-28 03:20:00,1,0,1,Jõgeva maakond,0,Muu liiklusõnnetus,Valge aeg
2018-06-28 08:47:00,2,0,1,Harju maakond,0,Muu liiklusõnnetus,Valge aeg
2018-06-28 14:55:00,2,0,2,Lääne-Viru maakond,1,Jalakäijaõnnetus,Valge aeg
2018-06-28 17:52:00,2,0,1,Harju maakond,0,Kokkupõrge,Valge aeg
2018-06-28 18:35:00,1,0,1,Harju maakond,0,Ühesõidukiõnnetus,Valge aeg
2018-06-28 20:30:00,3,0,2,Tartu maakond,0,Kokkupõrge,Valge aeg
2018-06-29 10:55:00,4,0,2,Pärnu maakond,0,Kokkupõrge,Valge aeg
2018-06-29 16:50:00,2,0,1,Pärnu maakond,0,Kokkupõrge,Valge aeg
2018-06-29 18:32:00,1,0,1,Harju maakond,0,Ühesõidukiõnnetus,Valge aeg
2018-06-29 22:58:00,1,0,1,Harju maakond,0,Ühesõidukiõnnetus,Pimeda aeg
2018-06-30 07:10:00,2,0,2,Harju maakond,0,Ühesõidukiõnnetus,Valge aeg
2018-06-30 13:33:00,1,0,1,Harju maakond,0,Ühesõidukiõnnetus,Valge aeg
2018-06-30 20:07:00,2,0,1,Harju maakond,0,Kokkupõrge,Valge aeg
2018-06-30 21:00:00,2,0,1,Harju maakond,1,Jalakäijaõnnetus,Valge aeg
2018-01-07 00:00:00,1,0,1,Harju maakond,0,Ühesõidukiõnnetus,Pimeda aeg
2018-01-07 00:00:00,1,0,1,Pärnu maakond,0,Ühesõidukiõnnetus,Valge aeg
2018-01-07 00:00:00,8,0,6,Põlva maakond,0,Kokkupõrge,Valge aeg
2018-02-07 00:00:00,2,1,0,Jõgeva maakond,0,Kokkupõrge,Valge aeg
2018-02-07 00:00:00,1,0,1,Harju maakond,0,Ühesõidukiõnnetus,Valge aeg
2018-03-07 00:00:00,3,0,3,Harju maakond,1,Kokkupõrge,Valge aeg
2018-04-07 00:00:00,2,0,1,Tartu maakond,1,Jalakäijaõnnetus,Valge aeg
2018-04-07 00:00:00,2,0,1,Harju maakond,0,Kokkupõrge,Valge aeg
2018-04-07 00:00:00,1,0,1,Võru maakond,0,Ühesõidukiõnnetus,Valge aeg
2018-04-07 00:00:00,2,0,1,Harju maakond,0,Muu liiklusõnnetus,Valge aeg
2018-05-07 00:00:00,2,0,1,Tartu maakond,1,Jalakäijaõnnetus,Valge aeg
2018-05-07 00:00:00,4,0,1,Harju maakond,0,Kokkupõrge,Valge aeg
2018-05-07 00:00:00,2,1,1,Pärnu maakond,0,Ühesõidukiõnnetus,Valge aeg
2018-06-07 00:00:00,3,0,1,Tartu maakond,0,Kokkupõrge,Valge aeg
2018-06-07 00:00:00,2,0,1,Tartu maakond,0,Kokkupõrge,Valge aeg
2018-06-07 00:00:00,2,0,1,Ida-Viru maakond,1,Jalakäijaõnnetus,Valge aeg
2018-07-07 00:00:00,2,0,1,Ida-Viru maakond,0,Muu liiklusõnnetus,Valge aeg
2018-07-07 00:00:00,2,0,1,Võru maakond,0,Kokkupõrge,Valge aeg
2018-07-07 00:00:00,4,0,2,Lääne-Viru maakond,0,Kokkupõrge,Valge aeg
2018-07-07 00:00:00,2,0,1,Tartu maakond,1,Jalakäijaõnnetus,Valge aeg
2018-08-07 00:00:00,2,0,1,Lääne maakond,1,Jalakäijaõnnetus,Valge aeg
2018-08-07 00:00:00,2,0,1,Harju maakond,0,Kokkupõrge,Valge aeg
2018-08-07 00:00:00,1,0,1,Harju maakond,0,Teadmata,Valge aeg
2018-08-07 00:00:00,2,0,1,Lääne maakond,0,Kokkupõrge,Valge aeg
2018-09-07 00:00:00,2,0,1,Järva maakond,1,Jalakäijaõnnetus,Valge aeg
2018-09-07 00:00:00,2,0,1,Põlva maakond,0,Muu liiklusõnnetus,Valge aeg
2018-09-07 00:00:00,2,0,1,Harju maakond,1,Jalakäijaõnnetus,Valge aeg