date,persons_involved,killed,injured,county,pedestrian_involved,accident_type,light_conditions
2018-09-07 00:00:00,2,0,1,Harju maakond,0,Muu liiklusõnnetus,Valge aeg
2018-09-07 00:00:00,2,0,1,Lääne-Viru maakond,0,Kokkupõrge,Valge aeg
2018-09-07 00:00:00,2,0,1,Saare maakond,0,Ühesõidukiõnnetus,Valge aeg
2018-09-07 00:00:00,2,0,1,Harju maakond,0,Kokkupõrge,Valge aeg
2018-09-07 00:00:00,1,0,1,Harju maakond,0,Ühesõidukiõnnetus,Valge aeg
2018-09-07 00:00:00,1,0,1,Harju maakond,0,Ühesõidukiõnnetus,Valge aeg
2018-09-07 00:00:00,2,0,1,Ida-Viru maakond,0,Muu liiklusõnnetus,Valge aeg
2018-09-07 00:00:00,1,0,1,Tartu maakond,0,Ühesõidukiõnnetus,Valge aeg
2018-10-07 00:00:00,2,0,1,Harju maakond,0,Kokkupõrge,Valge aeg
2018-10-07 00:00:00,2,0,1,Harju maakond,1,Jalakäijaõnnetus,Valge aeg
2018-10-07 00:00:00,2,0,1,Harju maakond,0,Ühesõidukiõnnetus,Valge aeg
2018-11-07 00:00:00,3,0,1,Harju maakond,0,Kokkupõrge,Valge aeg
2018-11-07 00:00:00,1,0,1,Harju maakond,0,Ühesõidukiõnnetus,Valge aeg
2018-11-07 00:00:00,2,0,2,Järva maakond,0,Kokkupõrge,Valge aeg
2018-12-07 00:00:00,3,0,1,Harju maakond,0,Kokkupõrge,Valge aeg
2018-12-07 00:00:00,2,0,1,Harju maakond,0,Kokkupõrge,Valge aeg
2018-12-07 00:00:00,2,0,1,Harju maakond,0,Muu liiklusõnnetus,Valge aeg
2018-12-07 00:00:00,2,0,1,Harju maakond,0,Kokkupõrge,Valge aeg
2018-12-07 00:00:00,2,0,1,Harju maakond,1,Jalakäijaõnnetus,Valge aeg
2018-12-07 00:00:00,2,0,1,Saare maakond,0,Muu liiklusõnnetus,Valge aeg
2018-12-07 00:00:00,1,0,1,Lääne-Viru maakond,1,Jalakäijaõnnetus,Valge aeg
2018-12-07 00:00:00,2,0,1,Järva maakond,0,Kokkupõrge,Valge aeg
2018-12-07 00:00:00,1,0,1,Tartu maakond,0,Ühesõidukiõnnetus,Valge aeg
2018-07-13 04:30:00,1,0,1,Harju maakond,0,Ühesõidukiõnnetus,Valge aeg
2018-07-13 07:38:00,2,0,1,Tartu maakond,1,Jalakäijaõnnetus,Valge aeg
2018-07-13 09:45:00,2,0,1,Pärnu maakond,0,Kokkupõrge,Valge aeg
2018-07-13 16:53:00,1,0,1,Pärnu maakond,0,Ühesõidukiõnnetus,Valge aeg
2018-07-13 18:54:00,3,0,2,Harju maakond,0,Kokkupõrge,Valge aeg
2018-07-13 21:43:00,1,0,1,Harju maakond,0,Muu liiklusõnnetus,Valge aeg
2018-07-14 06:00:00,3,0,1,Lääne-Viru maakond,0,Kokkupõrge,Valge aeg
2018-07-14 11:14:00,2,1,0,Jõgeva maakond,0,Kokkupõrge,Valge aeg
2018-07-14 12:45:00,3,0,2,Harju maakond,0,Teadmata,Valge aeg
2018-07-14 14:15:00,2,0,1,Lääne maakond,0,Kokkupõrge,Valge aeg
2018-07-14 15:36:00,2,0,1,Harju maakond,0,Kokkupõrge,Valge aeg
2018-07-14 00:00:00,1,0,1,Tartu maakond,0,Ühesõidukiõnnetus,Valge aeg
2018-07-14 20:58:00,1,0,1,Lääne-Viru maakond,0,Ühesõidukiõnnetus,Valge aeg
2018-07-15 00:07:00,4,0,4,Tartu maakond,0,Muu liiklusõnnetus,Pimeda aeg
2018-07-15 03:20:00,2,0,1,Harju maakond,0,Kokkupõrge,Pimeda aeg
2018-07-15 11:10:00,3,0,3,Harju maakond,0,Kokkupõrge,Valge aeg
2018-07-15 11:30:00,2,0,1,Rapla maakond,0,Kokkupõrge,Valge aeg
2018-07-16 05:00:00,1,0,1,Saare maakond,0,Ühesõidukiõnnetus,Valge aeg
2018-07-16 07:45:00,2,0,1,Harju maakond,0,Kokkupõrge,Valge aeg
2018-07-16 13:35:00,1,0,1,Harju maakond,0,Ühesõidukiõnnetus,Valge aeg
2018-07-16 15:16:00,3,1,0,Hiiu maakond,0,Kokkupõrge,Valge aeg
2018-07-16 16:04:00,2,1,0,Harju maakond,1,Jalakäijaõnnetus,Valge aeg
2018-07-16 16:15:00,2,0,1,Tartu maakond,0,Muu liiklusõnnetus,Valge aeg
2018-07-16 17:45:00,3,0,1,Harju maakond,0,Kokkupõrge,Valge aeg
2018-07-16 17:45:00,2,0,1,Harju maakond,0,Kokkupõrge,Valge aeg
2018-07-16 20:35:00,2,0,1,Ida-Viru maakond,0,Muu liiklusõnnetus,Valge aeg
2018-07-17 13:28:00,2,0,1,Harju maakond,0,Kokkupõrge,Valge aeg
2018-07-17 14:30:00,1,0,1,Pärnu maakond,0,Ühesõidukiõnnetus,Valge aeg
2018-07-17 17:30:00,3,0,3,Harju maakond,0,Kokkupõrge,Valge aeg
2018-07-17 22:03:00,3,0,1,Tartu maakond,0,Kokkupõrge,Valge aeg
2018-07-17 23:52:00,2,0,2,Võru maakond,0,Kokkupõrge,Pimeda aeg
2018-07-18 11:49:00,2,0,1,Lääne maakond,0,Kokkupõrge,Valge aeg
2018-07-18 13:20:00,2,0,2,Lääne-Viru maakond,0,Ühesõidukiõnnetus,Valge aeg
2018-07-18 16:55:00,1,0,1,Harju maakond,0,Ühesõidukiõnnetus,Valge aeg
2018-07-18 18:00:00,1,0,1,Tartu maakond,0,Ühesõidukiõnnetus,Valge aeg
2018-07-18 18:55:00,2,0,1,Harju maakond,0,Kokkupõrge,Valge aeg
2018-07-18 17:57:00,1,0,1,Võru maakond,0,Ühesõidukiõnnetus,Valge aeg
2018-07-18 21:11:00,2,0,1,Harju maakond,1,Jalakäijaõnnetus,Valge aeg
2018-07-19 00:20:00,2,0,1,Harju maakond,0,Kokkupõrge,Pimeda aeg
2018-07-19 04:00:00,4,0,1,Lääne-Viru maakond,0,Ühesõidukiõnnetus,Valge aeg
2018-07-19 10:58:00,2,0,1,Ida-Viru maakond,1,Jalakäijaõnnetus,Valge aeg
2018-07-19 14:26:00,3,0,2,Pärnu maakond,0,Kokkupõrge,Valge aeg
2018-07-19 14:40:00,2,0,1,Harju maakond,0,Ühesõidukiõnnetus,Valge aeg
2018-07-19 15:33:00,1,0,1,Harju maakond,0,Ühesõidukiõnnetus,Valge aeg
2018-07-19 16:10:00,2,0,1,Lääne maakond,0,Muu liiklusõnnetus,Valge aeg
2018-07-19 21:12:00,1,0,1,Harju maakond,0,Muu liiklusõnnetus,Valge aeg
2018-07-20 10:50:00,2,0,1,Harju maakond,0,Ühesõidukiõnnetus,Valge aeg
2018-07-20 13:25:00,2,0,1,Ida-Viru maakond,1,Jalakäijaõnnetus,Valge aeg
2018-07-20 13:50:00,3,0,3,Saare maakond,0,Kokkupõrge,Valge aeg
2018-07-20 15:10:00,2,0,2,Lääne maakond,0,Ühesõidukiõnnetus,Valge aeg
2018-07-20 16:33:00,2,0,1,Ida-Viru maakond,0,Jalakäijaõnnetus,Valge aeg
2018-07-20 17:00:00,2,0,1,Pärnu maakond,0,Kokkupõrge,Valge aeg
2018-07-20 18:32:00,1,0,1,Harju maakond,0,Ühesõidukiõnnetus,Valge aeg
2018-07-20 18:38:00,5,1,4,Harju maakond,0,Kokkupõrge,Valge aeg
2018-07-20 21:54:00,1,0,1,Harju maakond,0,Muu liiklusõnnetus,Valge aeg
2018-07-20 22:58:00,1,0,1,Pärnu maakond,0,Kokkupõrge,Valge aeg
2018-07-21 00:59:00,2,0,1,Harju maakond,0,Kokkupõrge,Pimeda aeg
2018-07-21 09:30:00,1,0,1,Tartu maakond,0,Ühesõidukiõnnetus,Valge aeg
2018-07-21 14:12:00,2,0,1,Pärnu maakond,0,Kokkupõrge,Valge aeg
2018-07-21 15:35:00,2,0,1,Harju maakond,1,Jalakäijaõnnetus,Valge aeg
2018-07-21 16:08:00,2,0,1,Harju maakond,0,Kokkupõrge,Valge aeg
2018-07-21 16:11:00,2,0,1,Lääne-Viru maakond,0,Kokkupõrge,Valge aeg
2018-07-21 18:35:00,2,0,1,Tartu maakond,0,Kokkupõrge,Valge aeg
2018-07-22 00:13:00,2,0,1,Harju maakond,0,Kokkupõrge,Pimeda aeg
2018-07-22 01:50:00,1,0,1,Valga maakond,1,Jalakäijaõnnetus,Pimeda aeg
2018-07-22 09:33:00,1,1,0,Tartu maakond,0,Ühesõidukiõnnetus,Valge aeg
2018-07-22 18:10:00,2,0,1,Pärnu maakond,0,Kokkupõrge,Valge aeg
2018-07-22 19:00:00,2,0,1,Harju maakond,0,Ühesõidukiõnnetus,Valge aeg
2018-07-22 20:06:00,1,0,1,Ida-Viru maakond,0,Ühesõidukiõnnetus,Valge aeg
2018-07-22 20:05:00,3,0,2,Harju maakond,0,Kokkupõrge,Valge aeg
2018-07-22 20:48:00,2,1,1,Tartu maakond,0,Ühesõidukiõnnetus,Valge aeg
2018-07-23 07:55:00,5,0,3,Jõgeva maakond,0,Kokkupõrge,Valge aeg
2018-07-23 08:10:00,2,0,1,Harju maakond,0,Kokkupõrge,Valge aeg
2018-07-23 09:18:00,1,0,1,Harju maakond,0,Ühesõidukiõnnetus,Valge aeg
2018-07-23 11:06:00,2,0,1,Harju maakond,0,Kokkupõrge,Valge aeg
2018-07-23 12:30:00,2,0,1,Järva maakond,1,Jalakäijaõnnetus,Valge aeg
2018-07-23 16:46:00,3,0,2,Pärnu maakond,0,Muu liiklusõnnetus,Valge aeg
2018-07-23 21:55:00,2,0,2,Harju maakond,0,Ühesõidukiõnnetus,Pimeda aeg
2018-07-24 08:45:00,2,0,1,Harju maakond,1,Jalakäijaõnnetus,Valge aeg
2018-07-24 16:00:00,3,0,2,Harju maakond,0,Kokkupõrge,Valge aeg
2018-07-24 17:18:00,1,0,1,Harju maakond,0,Kokkupõrge,Valge aeg
2018-07-24 17:45:00,2,0,1,Lääne-Viru maakond,0,Kokkupõrge,Valge aeg
2018-07-24 17:50:00,2,0,1,Pärnu maakond,0,Kokkupõrge,Valge aeg
2018-07-24 19:04:00,4,0,2,Harju maakond,0,Teadmata,Valge aeg
2018-07-24 20:18:00,1,0,1,Harju maakond,0,Muu liiklusõnnetus,Valge aeg
2018-07-25 07:54:00,2,0,1,Saare maakond,0,Kokkupõrge,Valge aeg
2018-07-25 14:37:00,2,0,1,Rapla maakond,0,Ühesõidukiõnnetus,Valge aeg
2018-07-25 16:09:00,1,0,1,Harju maakond,0,Ühesõidukiõnnetus,Valge aeg
2018-07-25 17:46:00,1,0,1,Harju maakond,0,Ühesõidukiõnnetus,Valge aeg
2018-07-25 15:00:00,1,0,1,Pärnu maakond,0,Kokkupõrge,Valge aeg
2018-07-25 19:14:00,3,0,1,Tartu maakond,0,Kokkupõrge,Valge aeg
2018-07-25 20:22:00,2,0,1,Harju maakond,0,Kokkupõrge,Valge aeg
2018-07-25 21:00:00,2,0,1,Ida-Viru maakond,0,Muu liiklusõnnetus,Valge aeg
2018-07-25 23:00:00,1,0,1,Harju maakond,0,Ühesõidukiõnnetus,Pimeda aeg
2018-07-26 19:05:00,2,0,1,Ida-Viru maakond,0,Kokkupõrge,Valge aeg
2018-07-27 15:00:00,2,0,1,Harju maakond,0,Kokkupõrge,Valge aeg
2018-07-27 16:55:00,2,0,1,Pärnu maakond,0,Kokkupõrge,Valge aeg
2018-07-27 17:59:00,3,0,2,Harju maakond,0,Kokkupõrge,Valge aeg
2018-07-27 18:10:00,4,0,1,Harju maakond,0,Kokkupõrge,Valge aeg
2018-07-27 19:05:00,1,0,1,Valga maakond,0,Ühesõidukiõnnetus,Valge aeg
2018-07-27 21:23:00,1,0,1,Harju maakond,0,Muu liiklusõnnetus,Valge aeg
2018-07-27 23:20:00,3,0,2,Pärnu maakond,0,Kokkupõrge,Pimeda aeg
2018-07-28 09:30:00,2,1,1,Võru maakond,0,Ühesõidukiõnnetus,Valge aeg
2018-07-28 10:52:00,2,0,1,Harju maakond,0,Kokkupõrge,Valge aeg
2018-07-28 15:59:00,2,0,1,Harju maakond,0,Teadmata,Valge aeg
2018-07-28 16:07:00,2,0,1,Järva maakond,0,Kokkupõrge,Valge aeg
2018-07-28 16:46:00,1,0,1,Harju maakond,0,Ühesõidukiõnnetus,Valge aeg
2018-07-28 19:35:00,2,0,1,Viljandi maakond,0,Ühesõidukiõnnetus,Valge aeg
2018-07-28 21:50:00,2,0,2,Saare maakond,0,Muu liiklusõnnetus,Valge aeg
2018-07-29 03:17:00,2,0,1,Saare maakond,1,Jalakäijaõnnetus,Pimeda aeg
2018-07-29 14:40:00,3,0,2,Jõgeva maakond,0,Kokkupõrge,Valge aeg
2018-07-29 14:51:00,2,0,1,Saare maakond,0,Kokkupõrge,Valge aeg
2018-07-29 15:13:00,1,0,1,Harju maakond,0,Ühesõidukiõnnetus,Valge aeg
2018-07-29 15:26:00,1,0,1,Viljandi maakond,0,Ühesõidukiõnnetus,Valge aeg
2018-07-29 16:39:00,2,0,1,Harju maakond,0,Kokkupõrge,Valge aeg
2018-07-29 18:00:00,10,1,6,Lääne-Viru maakond,0,Kokkupõrge,Valge aeg
2018-07-30 00:00:00,1,0,1,Harju maakond,0,Muu liiklusõnnetus,Pimeda aeg
2018-07-30 00:56:00,1,0,1,Ida-Viru maakond,0,Ühesõidukiõnnetus,Pimeda aeg
2018-07-30 08:55:00,4,0,2,Lääne-Viru maakond,0,Ühesõidukiõnnetus,Valge aeg
2018-07-30 11:38:00,3,0,2,Harju maakond,1,Jalakäijaõnnetus,Valge aeg
2018-07-30 14:19:00,2,0,1,Tartu maakond,0,Kokkupõrge,Valge aeg
2018-07-30 17:25:00,2,0,1,Harju maakond,0,Kokkupõrge,Valge aeg
2018-07-30 18:36:00,2,0,1,Harju maakond,0,Kokkupõrge,Valge aeg
2018-07-31 08:30:00,2,0,1,Harju maakond,0,Kokkupõrge,Valge aeg
2018-07-31 09:52:00,1,0,1,Harju maakond,0,Ühesõidukiõnnetus,Valge aeg
2018-07-31 12:10:00,2,0,1,Harju maakond,0,Kokkupõrge,Valge aeg
2018-07-31 14:08:00,2,0,1,Harju maakond,0,Muu liiklusõnnetus,Valge aeg
2018-07-31 16:00:00,2,0,1,Pärnu maakond,0,Kokkupõrge,Valge aeg
2018-07-31 17:30:00,2,0,1,Harju maakond,1,Jalakäijaõnnetus,Valge aeg
2018-07-31 18:44:00,3,0,2,Tartu maakond,0,Kokkupõrge,Valge aeg
2018-01-08 00:00:00,3,0,1,Järva maakond,0,Muu liiklusõnnetus,Valge aeg
2018-01-08 00:00:00,2,0,1,Tartu maakond,0,Kokkupõrge,Valge aeg
2018-01-08 00:00:00,3,0,2,Harju maakond,0,Kokkupõrge,Valge aeg
2018-02-08 00:00:00,2,0,1,Lääne-Viru maakond,0,Kokkupõrge,Valge aeg
2018-02-08 00:00:00,2,0,1,Lääne maakond,0,Kokkupõrge,Valge aeg
2018-03-08 00:00:00,4,1,2,Viljandi maakond,0,Ühesõidukiõnnetus,Valge aeg
2018-03-08 00:00:00,2,0,1,Saare maakond,0,Kokkupõrge,Valge aeg
2018-03-08 00:00:00,2,1,0,Lääne-Viru maakond,0,Kokkupõrge,Valge aeg
2018-03-08 00:00:00,1,0,1,Pärnu maakond,0,Ühesõidukiõnnetus,Valge aeg
2018-03-08 00:00:00,1,0,1,Harju maakond,0,Ühesõidukiõnnetus,Valge aeg
2018-04-08 00:00:00,2,0,1,Ida-Viru maakond,1,Jalakäijaõnnetus,Valge aeg
2018-04-08 00:00:00,1,0,1,Harju maakond,0,Ühesõidukiõnnetus,Valge aeg
2018-04-08 00:00:00,4,0,1,Harju maakond,0,Kokkupõrge,Valge aeg
2018-04-08 00:00:00,1,0,1,Harju maakond,0,Ühesõidukiõnnetus,Valge aeg
2018-04-08 00:00:00,2,0,2,Ida-Viru maakond,0,Muu liiklusõnnetus,Valge aeg
2018-04-08 00:00:00,2,0,1,Harju maakond,1,Jalakäijaõnnetus,Valge aeg
2018-04-08 00:00:00,5,0,5,Harju maakond,0,Ühesõidukiõnnetus,Valge aeg
2018-04-08 00:00:00,2,0,1,Ida-Viru maakond,0,Muu liiklusõnnetus,Valge aeg
2018-05-08 00:00:00,1,0,1,Harju maakond,0,Ühesõidukiõnnetus,Valge aeg
2018-05-08 00:00:00,2,0,1,Pärnu maakond,0,Muu liiklusõnnetus,Valge aeg
2018-05-08 00:00:00,2,0,1,Jõgeva maakond,0,Kokkupõrge,Valge aeg
2018-05-08 00:00:00,3,0,1,Harju maakond,0,Kokkupõrge,Valge aeg
2018-05-08 00:00:00,2,0,2,Valga maakond,0,Ühesõidukiõnnetus,Valge aeg
2018-06-08 00:00:00,2,0,1,Harju maakond,0,Kokkupõrge,Valge aeg
2018-06-08 00:00:00,3,0,1,Harju maakond,0,Muu liiklusõnnetus,Valge aeg
2018-06-08 00:00:00,1,0,1,Jõgeva maakond,0,Ühesõidukiõnnetus,Valge aeg
2018-06-08 00:00:00,1,0,1,Harju maakond,0,Muu liiklusõnnetus,Valge aeg
2018-06-08 00:00:00,1,0,1,Harju maakond,0,Muu liiklusõnnetus,Valge aeg
2018-06-08 00:00:00,2,1,1,Rapla maakond,0,Kokkupõrge,Pimeda aeg
2018-06-08 00:00:00,2,0,1,Ida-Viru maakond,1,Jalakäijaõnnetus,Pimeda aeg
2018-07-08 00:00:00,2,0,1,Harju maakond,0,Kokkupõrge,Valge aeg
2018-07-08 00:00:00,2,0,1,Harju maakond,0,Kokkupõrge,Valge aeg
2018-07-08 00:00:00,3,0,2,Harju maakond,0,Ühesõidukiõnnetus,Valge aeg
2018-08-08 00:00:00,1,0,1,Ida-Viru maakond,0,Ühesõidukiõnnetus,Pimeda aeg
2018-08-08 00:00:00,2,0,1,Pärnu maakond,0,Kokkupõrge,Valge aeg
2018-08-08 00:00:00,2,0,2,Harju maakond,0,Ühesõidukiõnnetus,Valge aeg
2018-08-08 00:00:00,1,0,1,Lääne maakond,0,Ühesõidukiõnnetus,Valge aeg
2018-08-08 00:00:00,2,0,2,Harju maakond,0,Ühesõidukiõnnetus,Valge aeg
2018-09-08 00:00:00,2,1,0,Harju maakond,0,Kokkupõrge,Valge aeg
2018-09-08 00:00:00,7,0,6,Harju maakond,0,Kokkupõrge,Valge aeg
2018-09-08 00:00:00,2,0,1,Harju maakond,0,Ühesõidukiõnnetus,Valge aeg
2018-09-08 00:00:00,2,0,1,Harju maakond,1,Jalakäijaõnnetus,Valge aeg
2018-09-08 00:00:00,1,0,1,Viljandi maakond,0,Ühesõidukiõnnetus,Valge aeg
2018-10-08 00:00:00,2,0,1,Saare maakond,1,Muu liiklusõnnetus,Pimeda aeg
2018-10-08 00:00:00,5,0,4,Võru maakond,0,Ühesõidukiõnnetus,Pimeda aeg
2018-10-08 00:00:00,2,0,1,Harju maakond,0,Muu liiklusõnnetus,Valge aeg
2018-10-08 00:00:00,2,0,1,Harju maakond,0,Kokkupõrge,Valge aeg
2018-10-08 00:00:00,4,0,1,Harju maakond,0,Kokkupõrge,Valge aeg
2018-10-08 00:00:00,2,0,1,Harju maakond,0,Muu liiklusõnnetus,Pimeda aeg
2018-11-08 00:00:00,1,0,1,Ida-Viru maakond,0,Muu liiklusõnnetus,Valge aeg
2018-11-08 00:00:00,4,0,1,Lääne-Viru maakond,0,Kokkupõrge,Valge aeg
2018-11-08 00:00:00,5,0,2,Jõgeva maakond,0,Kokkupõrge,Valge aeg
2018-11-08 00:00:00,2,0,2,Võru maakond,0,Ühesõidukiõnnetus,Valge aeg
2018-11-08 00:00:00,3,0,1,Järva maakond,0,Kokkupõrge,Valge aeg
2018-11-08 00:00:00,3,0,1,Harju maakond,0,Kokkupõrge,Valge aeg
2018-11-08 00:00:00,2,0,2,Saare maakond,0,Ühesõidukiõnnetus,Valge aeg
2018-11-08 00:00:00,3,0,1,Rapla maakond,0,Kokkupõrge,Valge aeg
2018-11-08 00:00:00,1,0,1,Pärnu maakond,0,Ühesõidukiõnnetus,Pimeda aeg
2018-11-08 00:00:00,1,0,1,Viljandi maakond,0,Ühesõidukiõnnetus,Pimeda aeg
2018-12-08 00:00:00,2,0,1,Viljandi maakond,1,Jalakäijaõnnetus,Pimeda aeg
2018-12-08 00:00:00,6,0,5,Harju maakond,0,Kokkupõrge,Valge aeg
2018-12-08 00:00:00,2,0,1,Valga maakond,0,Ühesõidukiõnnetus,Valge aeg
2018-12-08 00:00:00,2,0,1,Pärnu maakond,0,Kokkupõrge,Valge aeg
2018-12-08 00:00:00,5,1,4,Rapla maakond,0,Ühesõidukiõnnetus,Valge aeg
2018-12-08 00:00:00,1,0,1,Harju maakond,0,Muu liiklusõnnetus,Valge aeg
2018-08-13 00:36:00,3,0,3,Harju maakond,0,Kokkupõrge,Pimeda aeg
2018-08-13 03:21:00,1,0,1,Harju maakond,0,Ühesõidukiõnnetus,Pimeda aeg
2018-08-13 07:55:00,1,0,1,Järva maakond,0,Ühesõidukiõnnetus,Valge aeg
2018-08-13 10:23:00,2,0,1,Tartu maakond,0,Kokkupõrge,Valge aeg
2018-08-13 11:48:00,1,0,1,Pärnu maakond,0,Ühesõidukiõnnetus,Valge aeg
2018-08-13 15:19:00,3,0,1,Harju maakond,0,Muu liiklusõnnetus,Valge aeg
2018-08-13 18:32:00,2,0,1,Tartu maakond,0,Muu liiklusõnnetus,Valge aeg
2018-08-13 18:42:00,2,0,1,Harju maakond,0,Muu liiklusõnnetus,Valge aeg
2018-08-13 19:28:00,2,0,1,Harju maakond,1,Jalakäijaõnnetus,Valge aeg
2018-08-13 19:28:00,4,0,3,Lääne maakond,0,Kokkupõrge,Valge aeg
2018-08-13 20:05:00,3,0,2,Harju maakond,0,Kokkupõrge,Valge aeg
2018-08-13 20:57:00,2,0,1,Harju maakond,0,Muu liiklusõnnetus,Valge aeg
2018-08-14 05:07:00,1,0,1,Harju maakond,0,Muu liiklusõnnetus,Valge aeg
2018-08-14 09:35:00,1,0,1,Harju maakond,0,Ühesõidukiõnnetus,Valge aeg
2018-08-14 15:10:00,2,0,1,Harju maakond,1,Jalakäijaõnnetus,Valge aeg
2018-08-14 15:56:00,4,0,1,Harju maakond,0,Kokkupõrge,Valge aeg
2018-08-14 22:40:00,1,0,1,Harju maakond,0,Ühesõidukiõnnetus,Pimeda aeg
2018-08-15 07:48:00,1,0,1,Ida-Viru maakond,1,Jalakäijaõnnetus,Valge aeg
2018-08-15 09:37:00,1,0,1,Harju maakond,0,Ühesõidukiõnnetus,Valge aeg
2018-08-15 17:02:00,3,0,2,Rapla maakond,0,Ühesõidukiõnnetus,Valge aeg
2018-08-15 17:59:00,3,0,1,Järva maakond,0,Kokkupõrge,Valge aeg
2018-08-15 23:45:00,2,0,1,Harju maakond,1,Muu liiklusõnnetus,Pimeda aeg
2018-08-16 07:43:00,2,0,1,Harju maakond,1,Jalakäijaõnnetus,Valge aeg
2018-08-16 17:29:00,2,0,2,Harju maakond,0,Kokkupõrge,Valge aeg
2018-08-16 17:49:00,2,0,2,Harju maakond,1,Jalakäijaõnnetus,Valge aeg
2018-08-16 18:20:00,2,0,1,Pärnu maakond,0,Kokkupõrge,Valge aeg
2018-08-15 13:21:00,2,0,1,Ida-Viru maakond,0,Muu liiklusõnnetus,Valge aeg
2018-08-16 15:50:00,2,0,1,Ida-Viru maakond,0,Kokkupõrge,Valge aeg
2018-08-17 07:57:00,2,0,1,Harju maakond,0,Kokkupõrge,Valge aeg
2018-08-17 08:40:00,2,0,1,Pärnu maakond,0,Teadmata,Valge aeg
2018-08-17 13:30:00,4,0,3,Ida-Viru maakond,0,Kokkupõrge,Valge aeg
2018-08-17 14:10:00,5,0,1,Viljandi maakond,0,Kokkupõrge,Valge aeg
2018-08-17 15:19:00,3,0,1,Harju maakond,0,Kokkupõrge,Valge aeg
2018-08-17 15:31:00,1,0,1,Harju maakond,0,Ühesõidukiõnnetus,Valge aeg
2018-08-17 16:27:00,3,0,1,Ida-Viru maakond,0,Kokkupõrge,Valge aeg
2018-08-17 17:59:00,2,0,1,Harju maakond,0,Ühesõidukiõnnetus,Valge aeg
2018-08-18 22:28:00,1,0,1,Harju maakond,0,Ühesõidukiõnnetus,Pimeda aeg
2018-08-19 09:46:00,2,0,2,Hiiu maakond,0,Kokkupõrge,Valge aeg
2018-08-19 12:38:00,1,0,1,Harju maakond,0,Kokkupõrge,Valge aeg
2018-08-19 13:52:00,2,0,1,Tartu maakond,0,Kokkupõrge,Valge aeg
2018-08-19 22:20:00,1,0,1,Rapla maakond,0,Ühesõidukiõnnetus,Pimeda aeg
2018-08-20 15:00:00,1,0,1,Harju maakond,1,Ühesõidukiõnnetus,Valge aeg
2018-08-20 16:05:00,2,0,1,Harju maakond,1,Jalakäijaõnnetus,Valge aeg
2018-08-20 17:08:00,3,0,1,Tartu maakond,0,Muu liiklusõnnetus,Valge aeg
2018-08-21 00:39:00,2,0,1,Harju maakond,0,Kokkupõrge,Pimeda aeg
2018-08-21 10:24:00,2,0,1,Rapla maakond,1,Jalakäijaõnnetus,Valge aeg
2018-08-21 12:42:00,2,0,1,Harju maakond,0,Kokkupõrge,Valge aeg
2018-08-21 13:00:00,2,0,1,Harju maakond,0,Kokkupõrge,Valge aeg
2018-08-21 15:20:00,3,0,3,Lääne-Viru maakond,0,Ühesõidukiõnnetus,Valge aeg
2018-08-21 22:45:00,2,0,1,Harju maakond,0,Kokkupõrge,Pimeda aeg
2018-08-22 00:20:00,2,1,0,Harju maakond,0,Kokkupõrge,Pimeda aeg
2018-08-22 03:45:00,2,0,2,Harju maakond,0,Ühesõidukiõnnetus,Pimeda aeg
2018-08-22 13:30:00,2,0,1,Harju maakond,0,Kokkupõrge,Valge aeg
2018-08-22 17:40:00,2,0,1,Tartu maakond,0,Kokkupõrge,Valge aeg
2018-08-22 18:09:00,2,0,1,Harju maakond,0,Kokkupõrge,Valge aeg
2018-08-22 19:13:00,2,0,1,Harju maakond,0,Kokkupõrge,Valge aeg
2018-08-23 12:06:00,2,0,2,Valga maakond,0,Kokkupõrge,Valge aeg
2018-08-24 02:34:00,2,0,1,Saare maakond,0,Ühesõidukiõnnetus,Pimeda aeg
2018-08-24 18:20:00,2,0,1,Harju maakond,0,Kokkupõrge,Valge aeg
2018-08-25 16:25:00,1,0,1,Pärnu maakond,0,Muu liiklusõnnetus,Valge aeg
2018-08-25 19:57:00,1,0,1,Rapla maakond,0,Ühesõidukiõnnetus,Valge aeg
2018-08-26 13:39:00,2,0,1,Põlva maakond,0,Kokkupõrge,Valge aeg
2018-08-26 13:50:00,4,0,1,Lääne-Viru maakond,0,Muu liiklusõnnetus,Valge aeg
2018-08-26 17:58:00,2,0,2,Tartu maakond,0,Ühesõidukiõnnetus,Valge aeg
2018-08-27 06:44:00,2,1,0,Saare maakond,0,Kokkupõrge,Valge aeg
2018-08-27 12:50:00,3,0,1,Harju maakond,0,Kokkupõrge,Valge aeg
2018-08-27 17:43:00,1,0,1,Harju maakond,0,Ühesõidukiõnnetus,Valge aeg
2018-08-28 12:48:00,2,0,1,Harju maakond,1,Jalakäijaõnnetus,Valge aeg
2018-08-28 18:55:00,3,1,1,Harju maakond,0,Kokkupõrge,Valge aeg