date,persons_involved,killed,injured,county,pedestrian_involved,accident_type,light_conditions
2018-08-29 15:30:00,2,0,1,Harju maakond,1,Jalakäijaõnnetus,Valge aeg
2018-08-29 21:04:00,2,0,1,Viljandi maakond,0,Kokkupõrge,Pimeda aeg
2018-08-30 10:28:00,2,0,1,Harju maakond,0,Muu liiklusõnnetus,Valge aeg
2018-08-30 12:07:00,2,0,1,Harju maakond,1,Jalakäijaõnnetus,Valge aeg
2018-08-30 14:05:00,2,0,1,Tartu maakond,0,Kokkupõrge,Valge aeg
2018-08-30 14:45:00,2,0,1,Harju maakond,1,Jalakäijaõnnetus,Valge aeg
2018-08-30 17:25:00,2,0,1,Ida-Viru maakond,0,Kokkupõrge,Valge aeg
2018-08-31 00:29:00,3,0,2,Harju maakond,0,Kokkupõrge,Pimeda aeg
2018-08-31 11:35:00,6,0,6,Harju maakond,0,Kokkupõrge,Valge aeg
2018-08-31 20:05:00,1,0,1,Harju maakond,0,Ühesõidukiõnnetus,Valge aeg
2018-01-09 00:00:00,3,0,2,Harju maakond,0,Kokkupõrge,Valge aeg
2018-01-09 00:00:00,4,0,1,Viljandi maakond,0,Kokkupõrge,Valge aeg
2018-01-09 00:00:00,1,0,1,Lääne-Viru maakond,0,Muu liiklusõnnetus,Valge aeg
2018-01-09 00:00:00,1,0,1,Harju maakond,0,Ühesõidukiõnnetus,Valge aeg
2018-01-09 00:00:00,2,0,1,Harju maakond,0,Teadmata,Valge aeg
2018-01-09 00:00:00,1,0,1,Harju maakond,0,Muu liiklusõnnetus,Valge aeg
2018-01-09 00:00:00,1,0,1,Jõgeva maakond,0,Ühesõidukiõnnetus,Valge aeg
2018-02-09 00:00:00,1,0,1,Harju maakond,0,Ühesõidukiõnnetus,Valge aeg
2018-02-09 00:00:00,2,0,1,Saare maakond,0,Kokkupõrge,Valge aeg
2018-03-09 00:00:00,4,0,1,Lääne-Viru maakond,0,Kokkupõrge,Valge aeg
2018-03-09 00:00:00,2,0,1,Ida-Viru maakond,0,Muu liiklusõnnetus,Valge aeg
2018-03-09 00:00:00,2,0,1,Harju maakond,1,Jalakäijaõnnetus,Valge aeg
2018-03-09 00:00:00,2,0,1,Harju maakond,0,Kokkupõrge,Valge aeg
2018-03-09 00:00:00,2,0,1,Harju maakond,1,Jalakäijaõnnetus,Valge aeg
2018-04-09 00:00:00,3,0,1,Harju maakond,0,Kokkupõrge,Valge aeg
2018-04-09 00:00:00,1,0,1,Jõgeva maakond,0,Muu liiklusõnnetus,Valge aeg
2018-04-09 00:00:00,2,0,1,Harju maakond,0,Muu liiklusõnnetus,Valge aeg
2018-04-09 00:00:00,1,0,1,Harju maakond,0,Muu liiklusõnnetus,Valge aeg
2018-05-09 00:00:00,2,0,1,Harju maakond,0,Kokkupõrge,Valge aeg
2018-05-09 00:00:00,2,0,1,Harju maakond,0,Muu liiklusõnnetus,Valge aeg
2018-05-09 00:00:00,2,0,1,Tartu maakond,0,Kokkupõrge,Valge aeg
2018-05-09 00:00:00,1,0,1,Harju maakond,0,Ühesõidukiõnnetus,Valge aeg
2018-06-09 00:00:00,2,0,1,Harju maakond,1,Jalakäijaõnnetus,Valge aeg
2018-06-09 00:00:00,2,1,0,Saare maakond,0,Kokkupõrge,Valge aeg
2018-06-09 00:00:00,2,0,1,Pärnu maakond,0,Kokkupõrge,Valge aeg
2018-06-09 00:00:00,5,0,5,Ida-Viru maakond,0,Kokkupõrge,Pimeda aeg
2018-07-09 00:00:00,2,0,2,Tartu maakond,0,Kokkupõrge,Valge aeg
2018-07-09 00:00:00,2,0,1,Harju maakond,0,Muu liiklusõnnetus,Valge aeg
2018-07-09 00:00:00,3,0,3,Valga maakond,0,Kokkupõrge,Valge aeg
2018-07-09 00:00:00,2,0,1,Harju maakond,1,Jalakäijaõnnetus,Valge aeg
2018-07-09 00:00:00,3,0,1,Harju maakond,0,Kokkupõrge,Pimeda aeg
2018-07-09 00:00:00,3,0,2,Harju maakond,0,Kokkupõrge,Valge aeg
2018-08-09 00:00:00,1,0,1,Harju maakond,0,Ühesõidukiõnnetus,Valge aeg
2018-08-09 00:00:00,1,0,1,Harju maakond,0,Ühesõidukiõnnetus,Valge aeg
2018-08-09 00:00:00,1,0,1,Pärnu maakond,0,Ühesõidukiõnnetus,Valge aeg
2018-08-09 00:00:00,2,0,1,Harju maakond,1,Jalakäijaõnnetus,Valge aeg
2018-08-09 00:00:00,2,1,0,Lääne-Viru maakond,0,Kokkupõrge,Valge aeg
2018-08-09 00:00:00,1,0,1,Tartu maakond,0,Ühesõidukiõnnetus,Pimeda aeg
2018-09-09 00:00:00,2,0,1,Lääne-Viru maakond,0,Ühesõidukiõnnetus,Pimeda aeg
2018-09-09 00:00:00,1,0,1,Lääne-Viru maakond,0,Ühesõidukiõnnetus,Valge aeg
2018-09-09 00:00:00,1,0,1,Ida-Viru maakond,1,Jalakäijaõnnetus,Valge aeg
2018-09-09 00:00:00,4,0,2,Valga maakond,0,Ühesõidukiõnnetus,Valge aeg
2018-09-09 00:00:00,2,0,2,Valga maakond,0,Muu liiklusõnnetus,Valge aeg
2018-10-09 00:00:00,2,0,1,Harju maakond,1,Jalakäijaõnnetus,Valge aeg
2018-10-09 00:00:00,2,0,1,Harju maakond,0,Kokkupõrge,Valge aeg
2018-11-09 00:00:00,2,0,1,Harju maakond,0,Kokkupõrge,Valge aeg
2018-11-09 00:00:00,1,0,1,Tartu maakond,0,Ühesõidukiõnnetus,Valge aeg
2018-11-09 00:00:00,2,0,1,Tartu maakond,1,Jalakäijaõnnetus,Valge aeg
2018-11-09 00:00:00,1,0,1,Lääne-Viru maakond,1,Jalakäijaõnnetus,Pimeda aeg
2018-12-09 00:00:00,2,0,1,Harju maakond,0,Kokkupõrge,Valge aeg
2018-09-13 04:10:00,1,0,1,Pärnu maakond,0,Ühesõidukiõnnetus,Pimeda aeg
2018-09-13 07:40:00,2,0,1,Põlva maakond,1,Jalakäijaõnnetus,Valge aeg
2018-09-13 07:49:00,2,0,1,Harju maakond,1,Jalakäijaõnnetus,Valge aeg
2018-09-13 12:50:00,2,0,1,Harju maakond,1,Kokkupõrge,Valge aeg
2018-09-13 15:45:00,2,0,1,Harju maakond,0,Kokkupõrge,Valge aeg
2018-09-13 17:30:00,2,0,1,Pärnu maakond,0,Ühesõidukiõnnetus,Valge aeg
2018-09-13 18:21:00,2,0,1,Harju maakond,1,Jalakäijaõnnetus,Valge aeg
2018-09-13 19:21:00,1,0,1,Harju maakond,0,Muu liiklusõnnetus,Valge aeg
2018-09-14 10:58:00,2,0,1,Rapla maakond,0,Kokkupõrge,Valge aeg
2018-09-14 13:52:00,2,0,1,Harju maakond,1,Muu liiklusõnnetus,Valge aeg
2018-09-14 14:37:00,2,0,1,Harju maakond,0,Kokkupõrge,Valge aeg
2018-09-14 16:30:00,2,0,1,Harju maakond,0,Kokkupõrge,Valge aeg
2018-09-14 23:40:00,1,0,1,Harju maakond,0,Muu liiklusõnnetus,Pimeda aeg
2018-09-15 11:05:00,2,0,1,Lääne-Viru maakond,0,Kokkupõrge,Valge aeg
2018-09-15 15:36:00,6,0,2,Tartu maakond,0,Ühesõidukiõnnetus,Valge aeg
2018-09-15 17:00:00,2,0,1,Harju maakond,1,Jalakäijaõnnetus,Valge aeg
2018-09-15 17:32:00,1,0,1,Harju maakond,0,Ühesõidukiõnnetus,Valge aeg
2018-09-16 20:31:00,1,0,1,Harju maakond,0,Ühesõidukiõnnetus,Pimeda aeg
2018-09-17 08:01:00,2,0,1,Tartu maakond,0,Kokkupõrge,Valge aeg
2018-09-17 08:03:00,2,0,2,Harju maakond,0,Ühesõidukiõnnetus,Valge aeg
2018-09-17 08:58:00,2,0,1,Harju maakond,0,Kokkupõrge,Valge aeg
2018-09-17 17:15:00,3,0,2,Harju maakond,0,Kokkupõrge,Valge aeg
2018-09-17 18:11:00,2,0,1,Rapla maakond,0,Muu liiklusõnnetus,Valge aeg
2018-09-18 08:54:00,2,0,1,Harju maakond,0,Kokkupõrge,Valge aeg
2018-09-18 12:45:00,2,0,1,Harju maakond,0,Muu liiklusõnnetus,Valge aeg
2018-09-18 13:10:00,2,0,1,Valga maakond,1,Jalakäijaõnnetus,Valge aeg
2018-09-18 15:29:00,2,0,1,Harju maakond,0,Muu liiklusõnnetus,Valge aeg
2018-09-18 17:00:00,2,0,1,Harju maakond,0,Muu liiklusõnnetus,Valge aeg
2018-09-18 17:20:00,3,0,1,Harju maakond,0,Kokkupõrge,Valge aeg
2018-09-19 09:00:00,2,0,1,Pärnu maakond,0,Kokkupõrge,Valge aeg
2018-09-19 13:04:00,2,0,1,Harju maakond,0,Muu liiklusõnnetus,Valge aeg
2018-09-19 15:46:00,1,0,1,Harju maakond,0,Kokkupõrge,Valge aeg
2018-09-19 20:43:00,1,0,1,Tartu maakond,0,Ühesõidukiõnnetus,Pimeda aeg
2018-09-20 11:56:00,2,0,1,Harju maakond,1,Jalakäijaõnnetus,Valge aeg
2018-09-20 19:38:00,2,0,2,Harju maakond,0,Ühesõidukiõnnetus,Pimeda aeg
2018-09-21 07:03:00,1,0,1,Harju maakond,0,Muu liiklusõnnetus,Valge aeg
2018-09-21 16:00:00,3,0,2,Harju maakond,0,Kokkupõrge,Valge aeg
2018-09-22 02:25:00,2,0,1,Harju maakond,0,Kokkupõrge,Pimeda aeg
2018-09-22 08:40:00,2,0,1,Valga maakond,1,Ühesõidukiõnnetus,Valge aeg
2018-09-22 12:52:00,1,0,1,Pärnu maakond,0,Ühesõidukiõnnetus,Valge aeg
2018-09-22 16:55:00,3,0,1,Harju maakond,0,Kokkupõrge,Valge aeg
2018-09-22 17:55:00,3,0,1,Harju maakond,0,Kokkupõrge,Valge aeg
2018-09-22 20:44:00,1,0,1,Harju maakond,0,Ühesõidukiõnnetus,Pimeda aeg
2018-09-23 00:27:00,2,0,1,Viljandi maakond,0,Kokkupõrge,Pimeda aeg
2018-09-23 05:03:00,1,0,1,Viljandi maakond,0,Ühesõidukiõnnetus,Pimeda aeg
2018-09-23 09:13:00,1,0,1,Harju maakond,0,Ühesõidukiõnnetus,Valge aeg
2018-09-23 10:30:00,2,0,1,Ida-Viru maakond,1,Jalakäijaõnnetus,Valge aeg
2018-09-23 12:35:00,3,0,1,Ida-Viru maakond,0,Kokkupõrge,Valge aeg
2018-09-23 15:25:00,3,0,3,Ida-Viru maakond,0,Kokkupõrge,Valge aeg
2018-09-24 10:18:00,1,0,1,Pärnu maakond,0,Ühesõidukiõnnetus,Valge aeg
2018-09-24 13:04:00,2,0,1,Harju maakond,0,Kokkupõrge,Valge aeg
2018-09-25 17:07:00,1,0,1,Harju maakond,0,Ühesõidukiõnnetus,Valge aeg
2018-09-25 19:20:00,2,0,2,Pärnu maakond,0,Ühesõidukiõnnetus,Valge aeg
2018-09-25 20:15:00,2,0,1,Harju maakond,1,Jalakäijaõnnetus,Pimeda aeg
2018-09-26 15:31:00,2,0,1,Tartu maakond,1,Jalakäijaõnnetus,Valge aeg
2018-09-26 15:55:00,2,0,1,Harju maakond,0,Muu liiklusõnnetus,Valge aeg
2018-09-26 19:30:00,2,0,1,Pärnu maakond,1,Jalakäijaõnnetus,Pimeda aeg
2018-09-27 10:55:00,2,0,1,Viljandi maakond,0,Kokkupõrge,Valge aeg
2018-09-27 19:40:00,1,0,1,Lääne-Viru maakond,0,Ühesõidukiõnnetus,Pimeda aeg
2018-09-29 11:10:00,2,0,1,Pärnu maakond,1,Jalakäijaõnnetus,Valge aeg
2018-09-29 14:45:00,2,0,1,Harju maakond,0,Kokkupõrge,Valge aeg
2018-09-29 16:05:00,2,0,1,Jõgeva maakond,1,Jalakäijaõnnetus,Valge aeg
2018-09-29 21:29:00,2,0,1,Pärnu maakond,0,Ühesõidukiõnnetus,Pimeda aeg
2018-09-30 00:44:00,2,0,1,Harju maakond,0,Kokkupõrge,Pimeda aeg
2018-09-30 17:00:00,1,0,1,Harju maakond,0,Ühesõidukiõnnetus,Valge aeg
2018-01-10 00:00:00,2,0,1,Harju maakond,1,Jalakäijaõnnetus,Valge aeg
2018-09-30 20:05:00,1,0,1,Ida-Viru maakond,1,Jalakäijaõnnetus,Pimeda aeg
2018-02-10 00:00:00,1,0,1,Tartu maakond,0,Ühesõidukiõnnetus,Pimeda aeg
2018-02-10 00:00:00,2,0,1,Tartu maakond,0,Kokkupõrge,Pimeda aeg
2018-03-10 00:00:00,1,0,1,Lääne-Viru maakond,0,Ühesõidukiõnnetus,Valge aeg
2018-03-10 00:00:00,2,0,1,Tartu maakond,0,Kokkupõrge,Valge aeg
2018-04-10 00:00:00,2,0,1,Tartu maakond,0,Muu liiklusõnnetus,Valge aeg
2018-04-10 00:00:00,3,0,1,Harju maakond,0,Kokkupõrge,Pimeda aeg
2018-05-10 00:00:00,1,0,1,Pärnu maakond,0,Muu liiklusõnnetus,Valge aeg
2018-05-10 00:00:00,1,0,1,Valga maakond,0,Muu liiklusõnnetus,Valge aeg
2018-05-10 00:00:00,2,0,1,Tartu maakond,0,Kokkupõrge,Pimeda aeg
2018-06-10 00:00:00,1,0,1,Harju maakond,0,Ühesõidukiõnnetus,Pimeda aeg
2018-05-10 00:00:00,1,0,1,Võru maakond,0,Ühesõidukiõnnetus,Valge aeg
2018-06-10 00:00:00,2,0,1,Viljandi maakond,0,Muu liiklusõnnetus,Valge aeg
2018-06-10 00:00:00,2,0,1,Harju maakond,0,Kokkupõrge,Valge aeg
2018-06-10 00:00:00,2,0,1,Harju maakond,0,Kokkupõrge,Valge aeg
2018-06-10 00:00:00,4,0,2,Jõgeva maakond,0,Kokkupõrge,Pimeda aeg
2018-06-10 00:00:00,2,1,0,Rapla maakond,1,Jalakäijaõnnetus,Pimeda aeg
2018-06-10 00:00:00,4,0,3,Harju maakond,0,Kokkupõrge,Pimeda aeg
2018-07-10 00:00:00,2,0,1,Pärnu maakond,1,Jalakäijaõnnetus,Valge aeg
2018-07-10 00:00:00,2,0,1,Tartu maakond,1,Jalakäijaõnnetus,Valge aeg
2018-08-10 00:00:00,1,0,1,Harju maakond,0,Ühesõidukiõnnetus,Pimeda aeg
2018-08-10 00:00:00,2,0,1,Hiiu maakond,0,Muu liiklusõnnetus,Valge aeg
2018-08-10 00:00:00,2,0,1,Harju maakond,0,Muu liiklusõnnetus,Pimeda aeg
2018-09-10 00:00:00,4,0,2,Harju maakond,0,Kokkupõrge,Valge aeg
2018-09-10 00:00:00,4,0,2,Jõgeva maakond,0,Kokkupõrge,Valge aeg
2018-09-10 00:00:00,2,0,1,Harju maakond,1,Jalakäijaõnnetus,Valge aeg
2018-09-10 00:00:00,2,0,1,Saare maakond,1,Jalakäijaõnnetus,Pimeda aeg
2018-10-10 00:00:00,2,0,1,Tartu maakond,0,Muu liiklusõnnetus,Valge aeg
2018-10-10 00:00:00,2,0,2,Jõgeva maakond,0,Ühesõidukiõnnetus,Valge aeg
2018-10-10 00:00:00,2,0,1,Harju maakond,0,Kokkupõrge,Valge aeg
2018-10-10 00:00:00,3,0,1,Harju maakond,0,Kokkupõrge,Valge aeg
2018-10-10 00:00:00,2,0,1,Harju maakond,0,Kokkupõrge,Valge aeg
2018-10-10 00:00:00,3,0,1,Harju maakond,0,Kokkupõrge,Valge aeg
2018-11-10 00:00:00,2,0,1,Hiiu maakond,1,Jalakäijaõnnetus,Pimeda aeg
2018-11-10 00:00:00,2,0,1,Lääne-Viru maakond,0,Kokkupõrge,Valge aeg
2018-11-10 00:00:00,2,0,1,Harju maakond,0,Kokkupõrge,Valge aeg
2018-11-10 00:00:00,2,0,1,Harju maakond,0,Kokkupõrge,Pimeda aeg
2018-11-10 00:00:00,2,0,1,Harju maakond,0,Teadmata,Pimeda aeg
2018-11-10 00:00:00,2,0,1,Harju maakond,0,Muu liiklusõnnetus,Pimeda aeg
2018-12-10 00:00:00,2,0,1,Harju maakond,0,Muu liiklusõnnetus,Valge aeg
2018-12-10 00:00:00,2,0,1,Ida-Viru maakond,1,Jalakäijaõnnetus,Valge aeg
2018-12-10 00:00:00,1,0,1,Pärnu maakond,0,Ühesõidukiõnnetus,Valge aeg
2018-12-10 00:00:00,2,0,1,Harju maakond,0,Kokkupõrge,Valge aeg
2018-12-10 00:00:00,1,0,1,Harju maakond,1,Jalakäijaõnnetus,Valge aeg
2018-12-10 00:00:00,2,0,1,Lääne-Viru maakond,1,Jalakäijaõnnetus,Valge aeg
2018-12-10 00:00:00,2,0,1,Harju maakond,0,Kokkupõrge,Valge aeg
2018-12-10 00:00:00,2,0,1,Harju maakond,0,Kokkupõrge,Pimeda aeg
2018-10-14 10:48:00,2,0,1,Harju maakond,0,Muu liiklusõnnetus,Valge aeg
2018-10-15 10:10:00,1,0,1,Pärnu maakond,0,Ühesõidukiõnnetus,Valge aeg
2018-10-15 15:06:00,2,0,1,Harju maakond,0,Kokkupõrge,Valge aeg
2018-10-15 16:26:00,1,0,1,Pärnu maakond,0,Muu liiklusõnnetus,Valge aeg
2018-10-15 17:57:00,2,0,1,Harju maakond,0,Kokkupõrge,Valge aeg
2018-10-15 18:12:00,2,0,1,Lääne-Viru maakond,0,Kokkupõrge,Valge aeg
2018-10-15 19:40:00,2,0,1,Pärnu maakond,0,Kokkupõrge,Pimeda aeg
2018-10-16 10:40:00,2,0,2,Ida-Viru maakond,0,Kokkupõrge,Valge aeg
2018-10-16 14:49:00,1,0,1,Ida-Viru maakond,1,Jalakäijaõnnetus,Valge aeg
2018-10-16 15:10:00,2,0,1,Tartu maakond,0,Muu liiklusõnnetus,Valge aeg
2018-10-16 21:10:00,4,0,3,Harju maakond,0,Kokkupõrge,Pimeda aeg
2018-10-17 13:22:00,2,1,0,Ida-Viru maakond,1,Jalakäijaõnnetus,Valge aeg
2018-10-17 13:31:00,2,0,1,Põlva maakond,0,Kokkupõrge,Valge aeg
2018-10-17 15:20:00,4,0,2,Harju maakond,0,Kokkupõrge,Valge aeg
2018-10-18 08:45:00,2,0,1,Harju maakond,1,Jalakäijaõnnetus,Valge aeg
2018-10-18 13:55:00,3,0,2,Harju maakond,0,Kokkupõrge,Valge aeg
2018-10-18 14:36:00,2,0,1,Tartu maakond,0,Kokkupõrge,Valge aeg
2018-10-19 06:53:00,2,0,1,Harju maakond,1,Jalakäijaõnnetus,Pimeda aeg
2018-10-19 12:36:00,2,0,1,Viljandi maakond,0,Kokkupõrge,Valge aeg
2018-10-19 00:00:00,2,0,1,Lääne-Viru maakond,0,Muu liiklusõnnetus,Valge aeg
2018-10-19 14:57:00,2,0,1,Harju maakond,1,Jalakäijaõnnetus,Valge aeg
2018-10-19 15:26:00,1,0,1,Harju maakond,0,Ühesõidukiõnnetus,Valge aeg
2018-10-20 10:17:00,2,0,1,Tartu maakond,0,Kokkupõrge,Valge aeg
2018-10-20 10:45:00,1,0,1,Harju maakond,1,Jalakäijaõnnetus,Valge aeg
2018-10-20 16:00:00,5,0,3,Harju maakond,0,Kokkupõrge,Valge aeg
2018-10-21 11:41:00,1,0,1,Harju maakond,0,Ühesõidukiõnnetus,Valge aeg
2018-10-21 15:35:00,2,0,1,Ida-Viru maakond,1,Jalakäijaõnnetus,Valge aeg
2018-10-21 16:18:00,2,0,1,Harju maakond,0,Kokkupõrge,Valge aeg
2018-10-21 17:58:00,2,0,1,Harju maakond,0,Kokkupõrge,Valge aeg
2018-10-22 00:57:00,2,0,1,Harju maakond,0,Kokkupõrge,Pimeda aeg
2018-10-22 02:15:00,3,0,3,Valga maakond,0,Ühesõidukiõnnetus,Pimeda aeg
2018-10-22 12:38:00,2,0,1,Harju maakond,0,Kokkupõrge,Valge aeg
2018-10-22 14:38:00,2,0,1,Harju maakond,1,Kokkupõrge,Valge aeg
2018-10-22 19:15:00,2,0,1,Harju maakond,0,Kokkupõrge,Pimeda aeg
2018-10-23 08:50:00,2,0,1,Tartu maakond,0,Kokkupõrge,Valge aeg
2018-10-23 11:23:00,2,0,1,Harju maakond,1,Jalakäijaõnnetus,Valge aeg
2018-10-23 14:25:00,2,0,1,Harju maakond,1,Jalakäijaõnnetus,Valge aeg
2018-10-23 20:00:00,3,0,1,Harju maakond,0,Kokkupõrge,Pimeda aeg
2018-10-25 20:20:00,2,0,1,Harju maakond,0,Kokkupõrge,Pimeda aeg
2018-10-26 22:15:00,2,0,1,Harju maakond,1,Jalakäijaõnnetus,Pimeda aeg
2018-10-27 01:26:00,2,0,1,Harju maakond,1,Jalakäijaõnnetus,Pimeda aeg
2018-10-27 08:14:00,1,0,1,Harju maakond,0,Ühesõidukiõnnetus,Valge aeg
2018-10-27 12:49:00,4,0,2,Viljandi maakond,0,Kokkupõrge,Valge aeg
2018-10-27 13:40:00,9,0,1,Pärnu maakond,0,Kokkupõrge,Valge aeg
2018-10-27 18:05:00,1,0,1,Järva maakond,0,Muu liiklusõnnetus,Pimeda aeg
2018-10-27 21:50:00,2,0,1,Harju maakond,1,Jalakäijaõnnetus,Pimeda aeg
2018-10-28 10:34:00,2,0,1,Tartu maakond,1,Jalakäijaõnnetus,Valge aeg
2018-10-29 07:57:00,2,0,1,Harju maakond,1,Jalakäijaõnnetus,Valge aeg
2018-10-29 09:56:00,2,0,1,Harju maakond,0,Kokkupõrge,Valge aeg
2018-10-29 11:00:00,2,1,0,Ida-Viru maakond,1,Jalakäijaõnnetus,Valge aeg
2018-10-30 10:45:00,2,0,1,Harju maakond,0,Kokkupõrge,Valge aeg
2018-10-30 12:42:00,4,0,4,Jõgeva maakond,0,Kokkupõrge,Valge aeg
2018-10-30 15:29:00,2,0,1,Tartu maakond,1,Jalakäijaõnnetus,Valge aeg
2018-10-30 17:10:00,2,0,1,Ida-Viru maakond,1,Jalakäijaõnnetus,Pimeda aeg
2018-10-30 19:13:00,1,0,1,Valga maakond,0,Ühesõidukiõnnetus,Pimeda aeg
2018-10-30 20:31:00,1,0,1,Harju maakond,0,Ühesõidukiõnnetus,Pimeda aeg
2018-10-31 16:25:00,2,0,1,Harju maakond,1,Jalakäijaõnnetus,Pimeda aeg
2018-10-31 17:08:00,2,0,1,Pärnu maakond,0,Muu liiklusõnnetus,Pimeda aeg
2018-01-11 00:00:00,2,0,1,Pärnu maakond,0,Kokkupõrge,Pimeda aeg
2018-01-11 00:00:00,2,0,1,Harju maakond,1,Jalakäijaõnnetus,Valge aeg
2018-01-11 00:00:00,4,0,4,Viljandi maakond,0,Kokkupõrge,Valge aeg
2018-01-11 00:00:00,6,0,3,Harju maakond,0,Kokkupõrge,Pimeda aeg
2018-02-11 00:00:00,2,0,1,Rapla maakond,0,Kokkupõrge,Valge aeg
2018-02-11 00:00:00,2,0,1,Harju maakond,0,Kokkupõrge,Pimeda aeg
2018-03-11 00:00:00,2,0,1,Saare maakond,0,Kokkupõrge,Valge aeg
2018-03-11 00:00:00,2,0,1,Harju maakond,0,Muu liiklusõnnetus,Valge aeg
2018-03-11 00:00:00,1,0,1,Harju maakond,0,Ühesõidukiõnnetus,Pimeda aeg
2018-03-11 00:00:00,2,0,1,Harju maakond,1,Jalakäijaõnnetus,Pimeda aeg
2018-04-11 00:00:00,1,0,1,Harju maakond,0,Ühesõidukiõnnetus,Pimeda aeg
2018-05-11 00:00:00,2,0,1,Lääne-Viru maakond,0,Ühesõidukiõnnetus,Pimeda aeg
2018-05-11 00:00:00,1,0,1,Järva maakond,0,Ühesõidukiõnnetus,Pimeda aeg
2018-05-11 00:00:00,2,0,1,Lääne-Viru maakond,1,Jalakäijaõnnetus,Pimeda aeg
2018-06-11 00:00:00,2,0,1,Harju maakond,1,Jalakäijaõnnetus,Valge aeg
2018-06-11 00:00:00,2,0,1,Harju maakond,1,Jalakäijaõnnetus,Valge aeg
2018-07-11 00:00:00,2,0,1,Harju maakond,1,Jalakäijaõnnetus,Pimeda aeg
2018-07-11 00:00:00,2,0,1,Harju maakond,0,Muu liiklusõnnetus,Pimeda aeg
2018-07-11 00:00:00,3,0,1,Viljandi maakond,0,Kokkupõrge,Pimeda aeg
2018-08-11 00:00:00,2,0,1,Saare maakond,0,Kokkupõrge,Valge aeg
2018-08-11 00:00:00,3,0,1,Lääne-Viru maakond,0,Kokkupõrge,Valge aeg
2018-08-11 00:00:00,1,0,1,Harju maakond,0,Kokkupõrge,Pimeda aeg
2018-08-11 00:00:00,2,0,1,Tartu maakond,1,Jalakäijaõnnetus,Pimeda aeg
2018-08-11 00:00:00,2,0,1,Ida-Viru maakond,1,Jalakäijaõnnetus,Pimeda aeg
2018-09-11 00:00:00,2,0,1,Harju maakond,1,Jalakäijaõnnetus,Valge aeg
2018-09-11 00:00:00,2,0,1,Harju maakond,0,Kokkupõrge,Valge aeg
2018-09-11 00:00:00,2,0,1,Harju maakond,0,Kokkupõrge,Pimeda aeg
2018-11-11 00:00:00,1,0,1,Jõgeva maakond,0,Ühesõidukiõnnetus,Pimeda aeg
2018-12-11 00:00:00,2,0,2,Harju maakond,0,Kokkupõrge,Pimeda aeg
2018-12-11 00:00:00,2,0,1,Harju maakond,1,Jalakäijaõnnetus,Pimeda aeg
2018-12-11 00:00:00,2,0,1,Tartu maakond,1,Jalakäijaõnnetus,Pimeda aeg
2018-12-11 00:00:00,2,0,1,Harju maakond,1,Jalakäijaõnnetus,Pimeda aeg
2018-12-11 00:00:00,2,0,1,Tartu maakond,0,Kokkupõrge,Pimeda aeg
2018-11-13 07:55:00,2,0,1,Ida-Viru maakond,1,Jalakäijaõnnetus,Valge aeg
2018-11-13 12:20:00,2,0,1,Ida-Viru maakond,1,Jalakäijaõnnetus,Valge aeg
2018-11-13 16:30:00,2,0,1,Harju maakond,0,Kokkupõrge,Pimeda aeg
2018-11-13 17:55:00,2,0,1,Ida-Viru maakond,0,Kokkupõrge,Pimeda aeg
2018-11-13 18:26:00,2,0,1,Harju maakond,1,Jalakäijaõnnetus,Pimeda aeg
2018-11-13 19:04:00,2,1,0,Tartu maakond,1,Jalakäijaõnnetus,Pimeda aeg
2018-11-13 19:39:00,2,0,1,Ida-Viru maakond,1,Jalakäijaõnnetus,Pimeda aeg
2018-11-14 14:08:00,2,0,1,Harju maakond,1,Jalakäijaõnnetus,Valge aeg
2018-11-14 17:10:00,2,0,1,Harju maakond,0,Muu liiklusõnnetus,Pimeda aeg
2018-11-14 19:38:00,1,0,1,Harju maakond,0,Ühesõidukiõnnetus,Pimeda aeg
2018-11-14 23:45:00,2,0,1,Harju maakond,0,Ühesõidukiõnnetus,Pimeda aeg
2018-11-15 05:52:00,1,0,1,Harju maakond,0,Ühesõidukiõnnetus,Pimeda aeg
2018-11-15 13:24:00,2,0,1,Harju maakond,1,Jalakäijaõnnetus,Valge aeg
2018-11-15 14:43:00,2,0,1,Harju maakond,0,Kokkupõrge,Pimeda aeg
2018-11-15 17:38:00,2,0,1,Tartu maakond,0,Kokkupõrge,Pimeda aeg
2018-11-16 00:16:00,2,0,1,Harju maakond,0,Kokkupõrge,Pimeda aeg
2018-11-16 07:45:00,3,0,1,Harju maakond,0,Kokkupõrge,Valge aeg
2018-11-16 16:52:00,2,1,0,Saare maakond,1,Jalakäijaõnnetus,Pimeda aeg
2018-11-16 19:11:00,2,0,1,Harju maakond,1,Jalakäijaõnnetus,Pimeda aeg
2018-11-17 01:30:00,2,0,1,Viljandi maakond,0,Ühesõidukiõnnetus,Pimeda aeg
2018-11-17 11:00:00,1,0,1,Ida-Viru maakond,0,Ühesõidukiõnnetus,Valge aeg