date,persons_involved,killed,injured,county,pedestrian_involved,accident_type,light_conditions
2018-11-17 17:34:00,2,0,1,Pärnu maakond,0,Kokkupõrge,Pimeda aeg
2018-11-17 23:00:00,3,0,1,Ida-Viru maakond,0,Ühesõidukiõnnetus,Pimeda aeg
2018-11-18 18:40:00,2,0,1,Harju maakond,1,Jalakäijaõnnetus,Pimeda aeg
2018-11-19 06:28:00,2,0,1,Pärnu maakond,0,Kokkupõrge,Pimeda aeg
2018-11-19 07:53:00,7,0,6,Harju maakond,0,Kokkupõrge,Valge aeg
2018-11-19 08:02:00,2,0,1,Harju maakond,1,Jalakäijaõnnetus,Pimeda aeg
2018-11-19 09:24:00,2,0,1,Järva maakond,0,Kokkupõrge,Valge aeg
2018-11-19 11:50:00,2,0,1,Harju maakond,1,Jalakäijaõnnetus,Valge aeg
2018-11-20 12:07:00,2,0,1,Harju maakond,0,Kokkupõrge,Valge aeg
2018-11-21 07:40:00,2,0,1,Pärnu maakond,1,Jalakäijaõnnetus,Valge aeg
2018-11-22 17:33:00,3,0,2,Tartu maakond,1,Jalakäijaõnnetus,Pimeda aeg
2018-11-23 00:44:00,2,0,2,Tartu maakond,0,Kokkupõrge,Pimeda aeg
2018-11-23 15:13:00,2,0,1,Harju maakond,1,Jalakäijaõnnetus,Valge aeg
2018-11-23 19:30:00,2,0,1,Ida-Viru maakond,1,Jalakäijaõnnetus,Pimeda aeg
2018-11-24 08:00:00,2,0,1,Harju maakond,0,Kokkupõrge,Valge aeg
2018-11-24 09:10:00,2,0,1,Tartu maakond,0,Kokkupõrge,Valge aeg
2018-11-24 10:30:00,3,0,2,Harju maakond,1,Jalakäijaõnnetus,Valge aeg
2018-11-24 20:07:00,2,0,2,Võru maakond,0,Kokkupõrge,Pimeda aeg
2018-11-24 22:29:00,2,0,1,Harju maakond,0,Kokkupõrge,Pimeda aeg
2018-11-25 11:01:00,2,0,1,Lääne maakond,0,Muu liiklusõnnetus,Valge aeg
2018-11-25 15:06:00,1,0,1,Pärnu maakond,0,Ühesõidukiõnnetus,Valge aeg
2018-11-25 18:25:00,4,0,3,Harju maakond,0,Ühesõidukiõnnetus,Pimeda aeg
2018-11-26 10:05:00,2,0,1,Ida-Viru maakond,1,Jalakäijaõnnetus,Valge aeg
2018-11-26 14:14:00,3,0,2,Harju maakond,0,Kokkupõrge,Valge aeg
2018-11-26 15:17:00,2,0,2,Harju maakond,0,Ühesõidukiõnnetus,Pimeda aeg
2018-11-26 16:20:00,3,0,1,Pärnu maakond,0,Kokkupõrge,Pimeda aeg
2018-11-26 17:30:00,5,0,3,Järva maakond,0,Kokkupõrge,Pimeda aeg
2018-11-26 20:55:00,2,0,1,Harju maakond,0,Kokkupõrge,Pimeda aeg
2018-11-27 00:20:00,5,0,5,Pärnu maakond,0,Ühesõidukiõnnetus,Pimeda aeg
2018-11-27 08:00:00,2,0,1,Pärnu maakond,0,Kokkupõrge,Valge aeg
2018-11-27 09:48:00,2,0,1,Harju maakond,1,Jalakäijaõnnetus,Valge aeg
2018-11-27 11:20:00,5,0,3,Lääne-Viru maakond,0,Kokkupõrge,Valge aeg
2018-11-27 13:27:00,5,0,1,Harju maakond,0,Kokkupõrge,Valge aeg
2018-11-28 07:45:00,2,0,2,Tartu maakond,0,Kokkupõrge,Pimeda aeg
2018-11-28 09:48:00,3,0,3,Harju maakond,0,Kokkupõrge,Valge aeg
2018-11-28 12:34:00,2,0,1,Saare maakond,1,Jalakäijaõnnetus,Valge aeg
2018-11-28 20:00:00,4,0,3,Harju maakond,0,Kokkupõrge,Pimeda aeg
2018-11-29 16:25:00,3,0,2,Harju maakond,0,Kokkupõrge,Pimeda aeg
2018-11-30 17:06:00,2,0,1,Harju maakond,0,Kokkupõrge,Pimeda aeg
2018-11-30 17:17:00,2,0,2,Saare maakond,0,Kokkupõrge,Pimeda aeg
2018-01-12 00:00:00,2,0,1,Harju maakond,0,Muu liiklusõnnetus,Valge aeg
2018-01-12 00:00:00,5,0,5,Tartu maakond,0,Ühesõidukiõnnetus,Pimeda aeg
2018-02-12 00:00:00,2,0,1,Harju maakond,0,Muu liiklusõnnetus,Valge aeg
2018-02-12 00:00:00,2,0,1,Harju maakond,0,Kokkupõrge,Pimeda aeg
2018-03-12 00:00:00,2,0,1,Võru maakond,0,Kokkupõrge,Pimeda aeg
2018-03-12 00:00:00,1,0,1,Ida-Viru maakond,0,Ühesõidukiõnnetus,Valge aeg
2018-03-12 00:00:00,1,0,1,Pärnu maakond,0,Ühesõidukiõnnetus,Valge aeg
2018-03-12 00:00:00,2,0,1,Harju maakond,1,Jalakäijaõnnetus,Pimeda aeg
2018-03-12 00:00:00,3,0,1,Harju maakond,0,Kokkupõrge,Pimeda aeg
2018-03-12 00:00:00,3,1,1,Hiiu maakond,0,Kokkupõrge,Pimeda aeg
2018-03-12 00:00:00,3,0,2,Ida-Viru maakond,0,Kokkupõrge,Pimeda aeg
2018-04-12 00:00:00,1,0,1,Harju maakond,0,Muu liiklusõnnetus,Valge aeg
2018-04-12 00:00:00,2,0,1,Järva maakond,0,Kokkupõrge,Valge aeg
2018-04-12 00:00:00,2,0,2,Võru maakond,0,Ühesõidukiõnnetus,Valge aeg
2018-04-12 00:00:00,2,0,1,Jõgeva maakond,0,Ühesõidukiõnnetus,Valge aeg
2018-04-12 00:00:00,2,0,1,Tartu maakond,0,Ühesõidukiõnnetus,Valge aeg
2018-04-12 00:00:00,2,0,1,Harju maakond,1,Jalakäijaõnnetus,Pimeda aeg
2018-05-12 00:00:00,1,0,1,Lääne-Viru maakond,0,Ühesõidukiõnnetus,Valge aeg
2018-05-12 00:00:00,2,0,1,Harju maakond,1,Jalakäijaõnnetus,Pimeda aeg
2018-05-12 00:00:00,1,0,1,Võru maakond,0,Ühesõidukiõnnetus,Pimeda aeg
2018-05-12 00:00:00,2,0,1,Tartu maakond,1,Jalakäijaõnnetus,Pimeda aeg
2018-05-12 00:00:00,4,0,2,Harju maakond,0,Kokkupõrge,Pimeda aeg
2018-06-12 00:00:00,2,0,1,Harju maakond,1,Jalakäijaõnnetus,Pimeda aeg
2018-07-12 00:00:00,5,0,4,Harju maakond,0,Kokkupõrge,Valge aeg
2018-08-12 00:00:00,6,0,1,Lääne-Viru maakond,0,Ühesõidukiõnnetus,Pimeda aeg
2018-08-12 00:00:00,1,0,1,Võru maakond,0,Ühesõidukiõnnetus,Pimeda aeg
2018-08-12 00:00:00,3,0,1,Harju maakond,0,Ühesõidukiõnnetus,Pimeda aeg
2018-08-12 00:00:00,1,0,1,Järva maakond,0,Ühesõidukiõnnetus,Valge aeg
2018-08-12 00:00:00,3,0,2,Harju maakond,0,Kokkupõrge,Valge aeg
2018-08-12 00:00:00,2,0,1,Tartu maakond,1,Jalakäijaõnnetus,Pimeda aeg
2018-08-12 00:00:00,4,0,3,Tartu maakond,0,Ühesõidukiõnnetus,Pimeda aeg
2018-09-12 00:00:00,1,0,1,Järva maakond,0,Ühesõidukiõnnetus,Pimeda aeg
2018-09-12 00:00:00,2,0,1,Järva maakond,0,Kokkupõrge,Valge aeg
2018-09-12 00:00:00,2,0,1,Harju maakond,1,Jalakäijaõnnetus,Pimeda aeg
2018-10-12 00:00:00,2,0,1,Valga maakond,1,Jalakäijaõnnetus,Pimeda aeg
2018-10-12 00:00:00,2,0,1,Ida-Viru maakond,1,Jalakäijaõnnetus,Valge aeg
2018-10-12 00:00:00,2,0,1,Harju maakond,0,Kokkupõrge,Valge aeg
2018-10-12 00:00:00,2,0,1,Harju maakond,1,Jalakäijaõnnetus,Pimeda aeg
2018-10-12 00:00:00,3,0,1,Harju maakond,0,Kokkupõrge,Pimeda aeg
2018-10-12 00:00:00,2,0,1,Harju maakond,1,Jalakäijaõnnetus,Pimeda aeg
2018-10-12 00:00:00,4,1,1,Harju maakond,0,Kokkupõrge,Pimeda aeg
2018-11-12 00:00:00,2,0,1,Harju maakond,1,Jalakäijaõnnetus,Pimeda aeg
2018-11-12 00:00:00,3,0,1,Harju maakond,0,Kokkupõrge,Pimeda aeg
2018-12-12 00:00:00,2,0,1,Harju maakond,0,Kokkupõrge,Valge aeg
2018-12-12 00:00:00,3,0,2,Harju maakond,0,Kokkupõrge,Valge aeg
2018-12-13 17:05:00,2,0,1,Harju maakond,1,Jalakäijaõnnetus,Pimeda aeg
2018-12-13 17:54:00,2,0,1,Harju maakond,1,Jalakäijaõnnetus,Pimeda aeg
2018-12-14 06:20:00,1,0,1,Harju maakond,0,Muu liiklusõnnetus,Pimeda aeg
2018-12-14 07:28:00,6,0,2,Tartu maakond,0,Kokkupõrge,Pimeda aeg
2018-12-14 11:27:00,2,0,1,Jõgeva maakond,1,Jalakäijaõnnetus,Valge aeg
2018-12-14 13:35:00,2,0,1,Harju maakond,1,Jalakäijaõnnetus,Valge aeg
2018-12-15 03:28:00,1,0,1,Harju maakond,1,Jalakäijaõnnetus,Pimeda aeg
2018-12-15 10:27:00,6,0,4,Harju maakond,0,Kokkupõrge,Pimeda aeg
2018-12-15 10:54:00,1,0,1,Harju maakond,0,Ühesõidukiõnnetus,Valge aeg
2018-12-15 14:01:00,2,0,1,Võru maakond,1,Jalakäijaõnnetus,Valge aeg
2018-12-16 18:55:00,2,0,1,Ida-Viru maakond,1,Jalakäijaõnnetus,Pimeda aeg
2018-12-17 11:31:00,1,1,0,Saare maakond,0,Ühesõidukiõnnetus,Valge aeg
2018-12-17 13:35:00,3,0,1,Harju maakond,0,Kokkupõrge,Valge aeg
2018-12-17 14:20:00,2,0,1,Harju maakond,1,Jalakäijaõnnetus,Valge aeg
2018-12-17 14:27:00,2,0,1,Põlva maakond,0,Kokkupõrge,Valge aeg
2018-12-17 16:05:00,3,0,3,Tartu maakond,0,Ühesõidukiõnnetus,Pimeda aeg
2018-12-18 12:41:00,2,0,1,Valga maakond,0,Kokkupõrge,Valge aeg
2018-12-18 20:17:00,5,0,1,Viljandi maakond,0,Ühesõidukiõnnetus,Pimeda aeg
2018-12-18 21:20:00,3,0,1,Harju maakond,0,Kokkupõrge,Pimeda aeg
2018-12-19 15:00:00,2,0,1,Ida-Viru maakond,0,Kokkupõrge,Valge aeg
2018-12-19 16:47:00,2,0,1,Harju maakond,0,Kokkupõrge,Pimeda aeg
2018-12-19 18:00:00,6,0,1,Viljandi maakond,0,Kokkupõrge,Pimeda aeg
2018-12-20 11:16:00,2,0,1,Harju maakond,0,Muu liiklusõnnetus,Valge aeg
2018-12-20 13:15:00,2,0,1,Harju maakond,1,Jalakäijaõnnetus,Valge aeg
2018-12-21 10:02:00,1,0,1,Harju maakond,0,Ühesõidukiõnnetus,Valge aeg
2018-12-21 15:15:00,2,0,1,Harju maakond,1,Jalakäijaõnnetus,Valge aeg
2018-12-21 16:52:00,2,0,1,Pärnu maakond,0,Kokkupõrge,Pimeda aeg
2018-12-21 17:19:00,2,0,1,Tartu maakond,1,Jalakäijaõnnetus,Pimeda aeg
2018-12-22 22:33:00,7,0,5,Harju maakond,0,Kokkupõrge,Pimeda aeg
2018-12-22 23:50:00,1,0,1,Võru maakond,0,Ühesõidukiõnnetus,Pimeda aeg
2018-12-23 04:19:00,2,0,1,Tartu maakond,1,Jalakäijaõnnetus,Pimeda aeg
2018-12-23 12:25:00,2,0,1,Pärnu maakond,1,Jalakäijaõnnetus,Valge aeg
2018-12-23 14:31:00,3,0,3,Võru maakond,0,Kokkupõrge,Valge aeg
2018-12-23 19:11:00,2,0,1,Tartu maakond,0,Kokkupõrge,Pimeda aeg
2018-12-23 23:30:00,2,0,1,Pärnu maakond,1,Jalakäijaõnnetus,Pimeda aeg
2018-12-24 09:08:00,2,0,1,Jõgeva maakond,0,Ühesõidukiõnnetus,Valge aeg
2018-12-24 10:30:00,2,0,1,Harju maakond,1,Jalakäijaõnnetus,Valge aeg
2018-12-24 12:08:00,2,0,1,Tartu maakond,0,Kokkupõrge,Valge aeg
2018-12-24 12:24:00,2,0,1,Valga maakond,1,Jalakäijaõnnetus,Valge aeg
2018-12-25 15:57:00,4,1,3,Järva maakond,0,Kokkupõrge,Pimeda aeg
2018-12-25 18:33:00,5,0,5,Harju maakond,0,Kokkupõrge,Pimeda aeg
2018-12-25 18:38:00,2,0,1,Harju maakond,1,Jalakäijaõnnetus,Pimeda aeg
2018-12-25 23:31:00,2,0,1,Harju maakond,0,Kokkupõrge,Pimeda aeg
2018-12-26 12:30:00,3,0,3,Võru maakond,0,Kokkupõrge,Valge aeg
2018-12-26 13:10:00,2,0,1,Harju maakond,0,Muu liiklusõnnetus,Valge aeg
2018-12-27 18:05:00,2,0,1,Harju maakond,1,Jalakäijaõnnetus,Pimeda aeg
2018-12-28 05:00:00,2,0,1,Harju maakond,1,Jalakäijaõnnetus,Pimeda aeg
2018-12-28 08:37:00,2,0,1,Põlva maakond,0,Kokkupõrge,Valge aeg
2018-12-28 11:18:00,2,0,1,Harju maakond,0,Kokkupõrge,Valge aeg
2018-12-29 15:45:00,2,0,1,Harju maakond,1,Jalakäijaõnnetus,Pimeda aeg
2018-12-30 21:40:00,8,0,4,Viljandi maakond,0,Kokkupõrge,Pimeda aeg
2018-12-31 08:40:00,2,0,1,Võru maakond,0,Kokkupõrge,Valge aeg
2018-12-31 18:30:00,4,0,2,Ida-Viru maakond,0,Kokkupõrge,Pimeda aeg
2018-12-31 23:15:00,3,0,3,Järva maakond,0,Ühesõidukiõnnetus,Pimeda aeg
2019-01-01 03:41:00,1,0,1,Harju maakond,0,Ühesõidukiõnnetus,Pimeda aeg
2019-01-01 12:10:00,3,0,1,Harju maakond,0,Kokkupõrge,Valge aeg
2019-02-01 00:00:00,3,0,1,Viljandi maakond,0,Ühesõidukiõnnetus,Pimeda aeg
2019-02-01 00:00:00,2,0,1,Tartu maakond,0,Kokkupõrge,Valge aeg
2019-02-01 00:00:00,4,0,2,Tartu maakond,0,Muu liiklusõnnetus,Valge aeg
2019-02-01 00:00:00,3,0,2,Harju maakond,0,Kokkupõrge,Valge aeg
2019-03-01 00:00:00,3,0,2,Tartu maakond,0,Kokkupõrge,Valge aeg
2019-04-01 00:00:00,1,0,1,Pärnu maakond,0,Ühesõidukiõnnetus,Pimeda aeg
2019-04-01 00:00:00,2,0,1,Tartu maakond,1,Jalakäijaõnnetus,Valge aeg
2019-04-01 00:00:00,1,0,1,Harju maakond,0,Ühesõidukiõnnetus,Pimeda aeg
2019-05-01 00:00:00,4,0,1,Ida-Viru maakond,0,Kokkupõrge,Valge aeg
2019-05-01 00:00:00,2,0,1,Harju maakond,0,Muu liiklusõnnetus,Valge aeg
2019-05-01 00:00:00,3,0,1,Harju maakond,0,Kokkupõrge,Valge aeg
2019-05-01 00:00:00,3,1,0,Ida-Viru maakond,1,Jalakäijaõnnetus,Pimeda aeg
2019-05-01 00:00:00,3,0,1,Harju maakond,0,Kokkupõrge,Pimeda aeg
2019-05-01 00:00:00,1,0,1,Harju maakond,0,Ühesõidukiõnnetus,Pimeda aeg
2019-06-01 00:00:00,2,0,1,Harju maakond,1,Jalakäijaõnnetus,Pimeda aeg
2019-07-01 00:00:00,5,2,1,Jõgeva maakond,0,Kokkupõrge,Valge aeg
2019-07-01 00:00:00,3,0,1,Harju maakond,0,Kokkupõrge,Pimeda aeg
2019-08-01 00:00:00,2,0,1,Võru maakond,0,Muu liiklusõnnetus,Pimeda aeg
2019-08-01 00:00:00,3,0,1,Harju maakond,0,Kokkupõrge,Valge aeg
2019-08-01 00:00:00,2,0,1,Tartu maakond,0,Kokkupõrge,Valge aeg
2019-08-01 00:00:00,1,0,1,Harju maakond,0,Ühesõidukiõnnetus,Pimeda aeg
2019-09-01 00:00:00,2,1,0,Tartu maakond,1,Jalakäijaõnnetus,Valge aeg
2019-09-01 00:00:00,2,0,1,Tartu maakond,0,Kokkupõrge,Valge aeg
2019-09-01 00:00:00,2,0,2,Viljandi maakond,0,Kokkupõrge,Pimeda aeg
2019-11-01 00:00:00,2,0,2,Pärnu maakond,0,Kokkupõrge,Pimeda aeg
2019-11-01 00:00:00,1,0,1,Harju maakond,0,Ühesõidukiõnnetus,Valge aeg
2019-11-01 00:00:00,7,0,6,Pärnu maakond,0,Kokkupõrge,Valge aeg
2019-11-01 00:00:00,2,0,1,Harju maakond,1,Jalakäijaõnnetus,Pimeda aeg
2019-12-01 00:00:00,1,0,1,Pärnu maakond,0,Ühesõidukiõnnetus,Pimeda aeg
2019-12-01 00:00:00,2,0,1,Harju maakond,1,Kokkupõrge,Pimeda aeg
2019-01-14 08:23:00,2,1,1,Pärnu maakond,0,Kokkupõrge,Valge aeg
2019-01-14 17:35:00,3,0,1,Põlva maakond,0,Kokkupõrge,Pimeda aeg
2019-01-15 15:31:00,3,0,2,Harju maakond,1,Muu liiklusõnnetus,Valge aeg
2019-01-15 16:52:00,3,0,1,Ida-Viru maakond,1,Jalakäijaõnnetus,Pimeda aeg
2019-01-16 08:12:00,2,0,1,Harju maakond,1,Jalakäijaõnnetus,Valge aeg
2019-01-16 08:10:00,4,0,1,Võru maakond,0,Kokkupõrge,Valge aeg
2019-01-17 07:35:00,4,1,3,Järva maakond,0,Kokkupõrge,Pimeda aeg
2019-01-17 15:50:00,1,0,1,Harju maakond,0,Ühesõidukiõnnetus,Valge aeg
2019-01-17 16:30:00,2,0,2,Harju maakond,1,Ühesõidukiõnnetus,Pimeda aeg
2019-01-17 18:40:00,2,0,1,Harju maakond,0,Kokkupõrge,Pimeda aeg
2019-01-18 17:25:00,2,0,1,Harju maakond,0,Kokkupõrge,Pimeda aeg
2019-01-19 11:50:00,2,0,1,Viljandi maakond,1,Jalakäijaõnnetus,Valge aeg
2019-01-19 13:52:00,3,0,2,Põlva maakond,0,Ühesõidukiõnnetus,Valge aeg
2019-01-19 15:19:00,3,1,2,Harju maakond,0,Kokkupõrge,Valge aeg
2019-01-20 12:36:00,3,0,1,Ida-Viru maakond,0,Kokkupõrge,Valge aeg
2019-01-21 08:37:00,3,0,1,Saare maakond,1,Jalakäijaõnnetus,Valge aeg
2019-01-21 17:35:00,3,0,1,Harju maakond,0,Kokkupõrge,Pimeda aeg
2019-01-21 15:37:00,2,0,1,Harju maakond,1,Jalakäijaõnnetus,Valge aeg
2019-01-22 07:53:00,2,0,1,Harju maakond,1,Jalakäijaõnnetus,Valge aeg
2019-01-22 10:42:00,3,0,1,Harju maakond,0,Kokkupõrge,Valge aeg
2019-01-22 13:50:00,2,0,1,Harju maakond,1,Jalakäijaõnnetus,Valge aeg
2019-01-23 08:43:00,2,0,1,Harju maakond,0,Kokkupõrge,Valge aeg
2019-01-23 09:00:00,2,0,1,Harju maakond,1,Jalakäijaõnnetus,Valge aeg
2019-01-23 15:00:00,3,0,1,Pärnu maakond,0,Kokkupõrge,Valge aeg
2019-01-23 23:18:00,1,0,1,Harju maakond,0,Ühesõidukiõnnetus,Pimeda aeg
2019-01-24 11:57:00,2,0,1,Harju maakond,1,Jalakäijaõnnetus,Valge aeg
2019-01-24 12:30:00,2,0,1,Tartu maakond,1,Jalakäijaõnnetus,Valge aeg
2019-01-24 17:30:00,3,0,1,Harju maakond,0,Kokkupõrge,Pimeda aeg
2019-01-24 18:11:00,2,0,1,Harju maakond,0,Kokkupõrge,Pimeda aeg
2019-01-26 01:29:00,2,0,2,Harju maakond,0,Ühesõidukiõnnetus,Pimeda aeg
2019-01-26 12:57:00,4,0,1,Tartu maakond,0,Kokkupõrge,Valge aeg
2019-01-27 14:54:00,2,0,2,Harju maakond,0,Ühesõidukiõnnetus,Valge aeg
2019-01-28 07:28:00,3,0,1,Tartu maakond,0,Kokkupõrge,Valge aeg
2019-01-28 19:20:00,2,0,1,Harju maakond,1,Jalakäijaõnnetus,Pimeda aeg
2019-01-28 19:40:00,2,0,1,Harju maakond,0,Kokkupõrge,Pimeda aeg
2019-01-29 02:26:00,3,0,1,Harju maakond,0,Kokkupõrge,Pimeda aeg
2019-01-29 05:29:00,10,1,9,Harju maakond,0,Kokkupõrge,Pimeda aeg
2019-01-29 07:25:00,2,0,1,Võru maakond,0,Kokkupõrge,Pimeda aeg
2019-01-29 09:15:00,4,0,3,Harju maakond,0,Kokkupõrge,Valge aeg
2019-01-29 09:46:00,2,0,1,Harju maakond,1,Jalakäijaõnnetus,Valge aeg
2019-01-29 13:55:00,3,0,1,Harju maakond,0,Kokkupõrge,Valge aeg
2019-01-29 14:26:00,2,0,1,Järva maakond,0,Kokkupõrge,Valge aeg
2019-01-29 14:46:00,5,0,2,Pärnu maakond,0,Kokkupõrge,Valge aeg
2019-01-29 17:43:00,1,0,1,Harju maakond,0,Ühesõidukiõnnetus,Pimeda aeg
2019-01-29 18:31:00,4,0,2,Ida-Viru maakond,1,Jalakäijaõnnetus,Pimeda aeg
2019-01-30 09:11:00,2,0,1,Harju maakond,1,Jalakäijaõnnetus,Valge aeg
2019-01-30 13:54:00,2,0,1,Harju maakond,1,Jalakäijaõnnetus,Valge aeg
2019-01-30 17:11:00,2,0,1,Harju maakond,1,Jalakäijaõnnetus,Pimeda aeg
2019-01-31 13:37:00,2,0,2,Valga maakond,0,Kokkupõrge,Valge aeg
2019-01-31 20:09:00,2,0,1,Harju maakond,1,Jalakäijaõnnetus,Pimeda aeg
2019-01-02 00:00:00,2,0,1,Harju maakond,1,Jalakäijaõnnetus,Pimeda aeg
2019-01-02 00:00:00,3,0,1,Harju maakond,0,Kokkupõrge,Pimeda aeg
2019-02-02 00:00:00,3,0,1,Viljandi maakond,0,Ühesõidukiõnnetus,Valge aeg
2019-02-02 00:00:00,2,0,2,Tartu maakond,0,Kokkupõrge,Pimeda aeg
2019-03-02 00:00:00,3,0,1,Tartu maakond,0,Kokkupõrge,Valge aeg
2019-04-02 00:00:00,2,0,1,Harju maakond,0,Muu liiklusõnnetus,Pimeda aeg
2019-05-02 00:00:00,1,0,1,Põlva maakond,0,Ühesõidukiõnnetus,Valge aeg
2019-05-02 00:00:00,2,0,1,Harju maakond,0,Kokkupõrge,Valge aeg
2019-05-02 00:00:00,1,0,1,Harju maakond,0,Ühesõidukiõnnetus,Valge aeg
2019-05-02 00:00:00,2,0,1,Harju maakond,1,Jalakäijaõnnetus,Pimeda aeg
2019-05-02 00:00:00,2,0,1,Harju maakond,0,Kokkupõrge,Pimeda aeg
2019-05-02 00:00:00,1,0,1,Harju maakond,0,Ühesõidukiõnnetus,Pimeda aeg
2019-07-02 00:00:00,2,0,1,Rapla maakond,0,Kokkupõrge,Pimeda aeg
2019-07-02 00:00:00,4,0,2,Harju maakond,0,Muu liiklusõnnetus,Valge aeg
2019-07-02 00:00:00,4,0,4,Harju maakond,0,Ühesõidukiõnnetus,Valge aeg
2019-07-02 00:00:00,2,0,1,Tartu maakond,1,Jalakäijaõnnetus,Pimeda aeg
2019-07-02 00:00:00,2,0,1,Harju maakond,1,Jalakäijaõnnetus,Pimeda aeg
2019-08-02 00:00:00,2,0,1,Harju maakond,1,Jalakäijaõnnetus,Pimeda aeg
2019-10-02 00:00:00,1,0,1,Harju maakond,0,Ühesõidukiõnnetus,Pimeda aeg
2019-11-02 00:00:00,4,0,3,Ida-Viru maakond,0,Kokkupõrge,Valge aeg
2019-11-02 00:00:00,1,0,1,Harju maakond,0,Ühesõidukiõnnetus,Valge aeg
2019-12-02 00:00:00,1,1,0,Tartu maakond,0,Ühesõidukiõnnetus,Pimeda aeg
2019-02-13 07:35:00,2,0,1,Harju maakond,1,Jalakäijaõnnetus,Valge aeg
2019-02-13 19:15:00,7,0,3,Viljandi maakond,0,Kokkupõrge,Pimeda aeg
2019-02-14 11:57:00,5,0,3,Harju maakond,1,Kokkupõrge,Valge aeg
2019-02-14 14:38:00,2,0,1,Võru maakond,0,Kokkupõrge,Valge aeg
2019-02-15 06:38:00,1,0,1,Harju maakond,0,Ühesõidukiõnnetus,Valge aeg
2019-02-15 07:35:00,1,0,1,Pärnu maakond,0,Ühesõidukiõnnetus,Valge aeg
2019-02-15 12:00:00,2,0,1,Harju maakond,0,Kokkupõrge,Valge aeg
2019-02-16 13:30:00,2,0,1,Harju maakond,1,Jalakäijaõnnetus,Valge aeg
2019-02-16 13:43:00,1,0,1,Harju maakond,0,Ühesõidukiõnnetus,Valge aeg
2019-02-17 14:11:00,2,0,1,Saare maakond,1,Jalakäijaõnnetus,Valge aeg
2019-02-17 14:55:00,4,0,2,Ida-Viru maakond,1,Muu liiklusõnnetus,Valge aeg
2019-02-17 16:55:00,2,0,1,Tartu maakond,0,Kokkupõrge,Pimeda aeg
2019-02-20 08:06:00,3,0,1,Harju maakond,0,Kokkupõrge,Valge aeg
2019-02-20 08:30:00,3,0,2,Harju maakond,0,Kokkupõrge,Valge aeg
2019-02-20 13:45:00,2,0,1,Rapla maakond,1,Jalakäijaõnnetus,Valge aeg
2019-02-20 14:45:00,2,0,1,Harju maakond,0,Kokkupõrge,Valge aeg
2019-02-20 17:03:00,2,0,1,Tartu maakond,1,Jalakäijaõnnetus,Pimeda aeg
2019-02-21 01:39:00,1,0,1,Harju maakond,0,Ühesõidukiõnnetus,Pimeda aeg
2019-02-21 08:07:00,3,0,1,Harju maakond,0,Muu liiklusõnnetus,Valge aeg
2019-02-21 08:43:00,2,0,1,Saare maakond,1,Jalakäijaõnnetus,Valge aeg
2019-02-22 08:00:00,3,0,1,Ida-Viru maakond,0,Kokkupõrge,Valge aeg
2019-02-22 08:53:00,2,0,1,Tartu maakond,0,Kokkupõrge,Valge aeg
2019-02-23 21:34:00,1,0,1,Harju maakond,1,Jalakäijaõnnetus,Pimeda aeg
2019-02-24 21:15:00,4,0,1,Harju maakond,0,Kokkupõrge,Pimeda aeg
2019-02-25 11:20:00,2,0,1,Ida-Viru maakond,0,Kokkupõrge,Valge aeg
2019-02-26 07:50:00,3,0,1,Lääne-Viru maakond,0,Kokkupõrge,Valge aeg
2019-02-26 14:45:00,1,0,1,Valga maakond,0,Ühesõidukiõnnetus,Valge aeg
2019-02-26 20:21:00,2,0,2,Jõgeva maakond,0,Kokkupõrge,Pimeda aeg
2019-02-27 12:30:00,1,0,1,Viljandi maakond,0,Ühesõidukiõnnetus,Valge aeg
2019-02-27 13:00:00,2,0,1,Pärnu maakond,0,Muu liiklusõnnetus,Valge aeg
2019-02-27 20:30:00,3,0,1,Pärnu maakond,0,Kokkupõrge,Pimeda aeg
2019-01-03 00:00:00,2,1,0,Harju maakond,1,Jalakäijaõnnetus,Valge aeg
2019-01-03 00:00:00,6,0,4,Pärnu maakond,0,Kokkupõrge,Valge aeg
2019-01-03 00:00:00,1,0,1,Järva maakond,0,Ühesõidukiõnnetus,Valge aeg
2019-01-03 00:00:00,1,0,1,Harju maakond,0,Ühesõidukiõnnetus,Pimeda aeg
2019-03-03 00:00:00,3,0,2,Harju maakond,0,Ühesõidukiõnnetus,Pimeda aeg
2019-03-03 00:00:00,2,0,1,Harju maakond,0,Kokkupõrge,Valge aeg
2019-03-03 00:00:00,3,1,2,Rapla maakond,0,Kokkupõrge,Valge aeg
2019-03-03 00:00:00,2,1,0,Tartu maakond,1,Jalakäijaõnnetus,Pimeda aeg
2019-04-03 00:00:00,1,0,1,Tartu maakond,0,Ühesõidukiõnnetus,Valge aeg
2019-04-03 00:00:00,1,0,1,Pärnu maakond,0,Ühesõidukiõnnetus,Pimeda aeg
2019-05-03 00:00:00,2,0,1,Harju maakond,0,Kokkupõrge,Valge aeg
2019-05-03 00:00:00,4,1,2,Ida-Viru maakond,0,Kokkupõrge,Valge aeg
2019-05-03 00:00:00,2,0,1,Harju maakond,1,Jalakäijaõnnetus,Pimeda aeg