date,persons_involved,killed,injured,county,pedestrian_involved,accident_type,light_conditions
2019-06-03 00:00:00,6,0,1,Lääne-Viru maakond,0,Kokkupõrge,Valge aeg
2019-07-03 00:00:00,4,0,4,Harju maakond,0,Kokkupõrge,Pimeda aeg
2019-08-03 00:00:00,3,0,3,Pärnu maakond,0,Ühesõidukiõnnetus,Pimeda aeg
2019-08-03 00:00:00,1,0,1,Pärnu maakond,0,Ühesõidukiõnnetus,Valge aeg
2019-08-03 00:00:00,3,0,3,Tartu maakond,0,Kokkupõrge,Valge aeg
2019-08-03 00:00:00,2,0,1,Rapla maakond,0,Kokkupõrge,Valge aeg
2019-08-03 00:00:00,2,0,1,Harju maakond,1,Jalakäijaõnnetus,Valge aeg
2019-08-03 00:00:00,2,0,1,Ida-Viru maakond,1,Jalakäijaõnnetus,Pimeda aeg
2019-09-03 00:00:00,2,0,2,Harju maakond,0,Ühesõidukiõnnetus,Pimeda aeg
2019-09-03 00:00:00,3,0,2,Pärnu maakond,0,Ühesõidukiõnnetus,Pimeda aeg
2019-09-03 00:00:00,2,0,1,Harju maakond,0,Kokkupõrge,Valge aeg
2019-09-03 00:00:00,2,0,2,Lääne maakond,0,Muu liiklusõnnetus,Pimeda aeg
2019-10-03 00:00:00,2,0,1,Saare maakond,0,Kokkupõrge,Valge aeg
2019-10-03 00:00:00,1,0,1,Viljandi maakond,0,Ühesõidukiõnnetus,Valge aeg
2019-10-03 00:00:00,3,0,2,Harju maakond,1,Jalakäijaõnnetus,Pimeda aeg
2019-11-03 00:00:00,2,0,2,Võru maakond,0,Ühesõidukiõnnetus,Valge aeg
2019-11-03 00:00:00,2,0,1,Harju maakond,1,Jalakäijaõnnetus,Valge aeg
2019-12-03 00:00:00,2,0,1,Harju maakond,1,Jalakäijaõnnetus,Valge aeg
2019-12-03 00:00:00,2,0,1,Harju maakond,0,Kokkupõrge,Valge aeg
2019-12-03 00:00:00,2,0,1,Harju maakond,1,Jalakäijaõnnetus,Valge aeg
2019-12-03 00:00:00,4,0,3,Tartu maakond,0,Kokkupõrge,Valge aeg
2019-12-03 00:00:00,2,0,2,Ida-Viru maakond,0,Kokkupõrge,Valge aeg
2019-03-13 11:52:00,2,0,1,Harju maakond,1,Jalakäijaõnnetus,Valge aeg
2019-03-13 17:22:00,2,0,1,Harju maakond,0,Muu liiklusõnnetus,Valge aeg
2019-03-14 13:25:00,2,0,1,Harju maakond,0,Kokkupõrge,Valge aeg
2019-03-14 13:26:00,2,0,1,Ida-Viru maakond,1,Jalakäijaõnnetus,Valge aeg
2019-03-14 13:48:00,1,0,1,Jõgeva maakond,0,Ühesõidukiõnnetus,Valge aeg
2019-03-14 15:27:00,2,0,1,Ida-Viru maakond,1,Jalakäijaõnnetus,Valge aeg
2019-03-15 07:50:00,1,0,1,Võru maakond,0,Ühesõidukiõnnetus,Valge aeg
2019-03-15 07:55:00,3,0,1,Harju maakond,0,Kokkupõrge,Valge aeg
2019-03-15 09:50:00,1,0,1,Võru maakond,0,Ühesõidukiõnnetus,Valge aeg
2019-03-15 14:30:00,2,1,0,Jõgeva maakond,1,Jalakäijaõnnetus,Valge aeg
2019-03-15 22:17:00,2,0,1,Lääne maakond,1,Jalakäijaõnnetus,Pimeda aeg
2019-03-16 12:25:00,2,0,1,Harju maakond,1,Jalakäijaõnnetus,Valge aeg
2019-03-16 21:47:00,1,0,1,Harju maakond,0,Ühesõidukiõnnetus,Pimeda aeg
2019-03-17 01:31:00,1,0,1,Harju maakond,0,Ühesõidukiõnnetus,Pimeda aeg
2019-03-17 16:50:00,2,0,2,Viljandi maakond,0,Ühesõidukiõnnetus,Valge aeg
2019-03-17 20:35:00,2,0,1,Harju maakond,1,Jalakäijaõnnetus,Pimeda aeg
2019-03-19 03:06:00,2,0,2,Harju maakond,0,Ühesõidukiõnnetus,Pimeda aeg
2019-03-20 07:50:00,2,0,1,Põlva maakond,0,Kokkupõrge,Valge aeg
2019-03-20 09:10:00,2,0,1,Harju maakond,0,Kokkupõrge,Valge aeg
2019-03-20 14:36:00,5,0,1,Tartu maakond,0,Kokkupõrge,Valge aeg
2019-03-20 17:50:00,3,0,1,Harju maakond,0,Kokkupõrge,Valge aeg
2019-03-20 18:55:00,2,0,1,Tartu maakond,1,Jalakäijaõnnetus,Pimeda aeg
2019-03-21 19:54:00,4,0,2,Harju maakond,0,Kokkupõrge,Pimeda aeg
2019-03-21 20:20:00,2,0,1,Harju maakond,1,Jalakäijaõnnetus,Pimeda aeg
2019-03-22 15:15:00,3,0,2,Pärnu maakond,0,Kokkupõrge,Valge aeg
2019-03-22 19:51:00,2,0,1,Harju maakond,1,Jalakäijaõnnetus,Pimeda aeg
2019-03-22 20:47:00,1,0,1,Tartu maakond,0,Ühesõidukiõnnetus,Pimeda aeg
2019-03-23 10:06:00,1,0,1,Harju maakond,0,Ühesõidukiõnnetus,Valge aeg
2019-03-23 14:11:00,2,0,1,Harju maakond,1,Jalakäijaõnnetus,Valge aeg
2019-03-23 19:25:00,2,0,1,Harju maakond,1,Jalakäijaõnnetus,Pimeda aeg
2019-03-24 08:50:00,1,0,1,Lääne-Viru maakond,0,Ühesõidukiõnnetus,Valge aeg
2019-03-24 11:35:00,1,0,1,Pärnu maakond,0,Ühesõidukiõnnetus,Valge aeg
2019-03-24 16:25:00,4,0,3,Pärnu maakond,0,Kokkupõrge,Valge aeg
2019-03-25 07:55:00,2,0,1,Pärnu maakond,0,Kokkupõrge,Valge aeg
2019-03-25 08:10:00,2,0,1,Harju maakond,0,Kokkupõrge,Valge aeg
2019-03-25 13:10:00,3,0,1,Harju maakond,0,Teadmata,Valge aeg
2019-03-25 15:50:00,3,0,1,Harju maakond,0,Muu liiklusõnnetus,Valge aeg
2019-03-25 17:50:00,2,0,1,Tartu maakond,0,Kokkupõrge,Valge aeg
2019-03-26 14:00:00,2,0,1,Harju maakond,0,Kokkupõrge,Valge aeg
2019-03-26 18:02:00,2,0,1,Harju maakond,0,Kokkupõrge,Valge aeg
2019-03-27 19:06:00,2,0,1,Harju maakond,0,Muu liiklusõnnetus,Pimeda aeg
2019-03-28 15:00:00,3,0,1,Harju maakond,0,Kokkupõrge,Valge aeg
2019-03-28 20:29:00,1,0,1,Lääne maakond,0,Muu liiklusõnnetus,Pimeda aeg
2019-03-29 01:05:00,1,0,1,Tartu maakond,0,Ühesõidukiõnnetus,Pimeda aeg
2019-03-29 07:55:00,2,0,1,Harju maakond,0,Kokkupõrge,Valge aeg
2019-03-29 10:22:00,1,0,1,Harju maakond,0,Ühesõidukiõnnetus,Valge aeg
2019-03-29 13:33:00,1,0,1,Harju maakond,0,Muu liiklusõnnetus,Valge aeg
2019-03-29 16:25:00,2,0,1,Tartu maakond,0,Kokkupõrge,Valge aeg
2019-03-29 23:30:00,2,0,1,Võru maakond,0,Kokkupõrge,Pimeda aeg
2019-03-30 11:30:00,2,0,1,Harju maakond,0,Kokkupõrge,Valge aeg
2019-03-30 14:51:00,2,0,2,Harju maakond,0,Ühesõidukiõnnetus,Valge aeg
2019-03-30 14:56:00,2,0,1,Lääne maakond,1,Jalakäijaõnnetus,Valge aeg
2019-03-31 17:55:00,1,0,1,Pärnu maakond,0,Ühesõidukiõnnetus,Valge aeg
2019-03-31 23:03:00,1,0,1,Harju maakond,0,Kokkupõrge,Pimeda aeg
2019-01-04 00:00:00,1,0,1,Harju maakond,0,Ühesõidukiõnnetus,Pimeda aeg
2019-01-04 00:00:00,2,0,1,Harju maakond,0,Kokkupõrge,Valge aeg
2019-01-04 00:00:00,2,0,1,Harju maakond,1,Jalakäijaõnnetus,Valge aeg
2019-01-04 00:00:00,2,0,1,Harju maakond,0,Ühesõidukiõnnetus,Valge aeg
2019-01-04 00:00:00,2,0,1,Valga maakond,0,Kokkupõrge,Valge aeg
2019-01-04 00:00:00,5,0,1,Harju maakond,0,Kokkupõrge,Valge aeg
2019-01-04 00:00:00,3,0,2,Harju maakond,1,Jalakäijaõnnetus,Valge aeg
2019-01-04 00:00:00,2,0,1,Harju maakond,0,Kokkupõrge,Valge aeg
2019-01-04 00:00:00,2,1,0,Harju maakond,1,Jalakäijaõnnetus,Pimeda aeg
2019-02-04 00:00:00,3,0,2,Harju maakond,0,Kokkupõrge,Valge aeg
2019-02-04 00:00:00,1,0,1,Harju maakond,0,Ühesõidukiõnnetus,Pimeda aeg
2019-03-04 00:00:00,1,0,1,Tartu maakond,1,Jalakäijaõnnetus,Valge aeg
2019-03-04 00:00:00,2,0,1,Harju maakond,1,Jalakäijaõnnetus,Valge aeg
2019-04-04 00:00:00,2,0,1,Harju maakond,1,Jalakäijaõnnetus,Valge aeg
2019-05-04 00:00:00,2,0,1,Tartu maakond,0,Kokkupõrge,Valge aeg
2019-05-04 00:00:00,3,0,1,Pärnu maakond,0,Kokkupõrge,Valge aeg
2019-05-04 00:00:00,2,0,1,Harju maakond,1,Jalakäijaõnnetus,Valge aeg
2019-05-04 00:00:00,4,0,2,Harju maakond,0,Kokkupõrge,Pimeda aeg
2019-06-04 00:00:00,4,0,1,Harju maakond,0,Kokkupõrge,Valge aeg
2019-06-04 00:00:00,3,0,1,Harju maakond,0,Kokkupõrge,Valge aeg
2019-06-04 00:00:00,2,0,1,Ida-Viru maakond,0,Muu liiklusõnnetus,Valge aeg
2019-07-04 00:00:00,3,0,2,Tartu maakond,0,Kokkupõrge,Valge aeg
2019-07-04 00:00:00,1,0,1,Lääne maakond,0,Ühesõidukiõnnetus,Valge aeg
2019-08-04 00:00:00,2,1,1,Pärnu maakond,0,Kokkupõrge,Valge aeg
2019-08-04 00:00:00,2,0,1,Harju maakond,0,Kokkupõrge,Valge aeg
2019-08-04 00:00:00,3,0,1,Tartu maakond,0,Kokkupõrge,Valge aeg
2019-08-04 00:00:00,2,0,1,Harju maakond,0,Kokkupõrge,Pimeda aeg
2019-09-04 00:00:00,2,0,1,Harju maakond,1,Jalakäijaõnnetus,Pimeda aeg
2019-09-04 00:00:00,4,0,1,Harju maakond,0,Kokkupõrge,Valge aeg
2019-09-04 00:00:00,3,0,2,Harju maakond,1,Jalakäijaõnnetus,Valge aeg
2019-09-04 00:00:00,2,0,1,Harju maakond,1,Jalakäijaõnnetus,Valge aeg
2019-10-04 00:00:00,3,0,3,Tartu maakond,0,Kokkupõrge,Valge aeg
2019-10-04 00:00:00,2,0,1,Harju maakond,0,Kokkupõrge,Valge aeg
2019-11-04 00:00:00,2,1,1,Jõgeva maakond,0,Kokkupõrge,Valge aeg
2019-11-04 00:00:00,2,0,2,Harju maakond,0,Ühesõidukiõnnetus,Valge aeg
2019-11-04 00:00:00,4,0,2,Harju maakond,0,Kokkupõrge,Valge aeg
2019-11-04 00:00:00,3,0,2,Harju maakond,0,Kokkupõrge,Valge aeg
2019-11-04 00:00:00,2,0,1,Harju maakond,1,Jalakäijaõnnetus,Valge aeg
2019-11-04 00:00:00,2,0,1,Harju maakond,1,Jalakäijaõnnetus,Valge aeg
2019-12-04 00:00:00,1,0,1,Ida-Viru maakond,1,Jalakäijaõnnetus,Valge aeg
2019-12-04 00:00:00,2,0,1,Harju maakond,1,Jalakäijaõnnetus,Valge aeg
2019-12-04 00:00:00,2,0,1,Harju maakond,0,Kokkupõrge,Valge aeg
2019-12-04 00:00:00,2,0,1,Viljandi maakond,0,Kokkupõrge,Valge aeg
2019-04-13 10:40:00,1,0,1,Tartu maakond,0,Ühesõidukiõnnetus,Valge aeg
2019-04-13 18:00:00,7,0,4,Harju maakond,0,Kokkupõrge,Valge aeg
2019-04-13 18:45:00,2,0,1,Harju maakond,0,Kokkupõrge,Valge aeg
2019-04-14 11:35:00,1,0,1,Tartu maakond,0,Muu liiklusõnnetus,Valge aeg
2019-04-14 12:52:00,2,0,1,Jõgeva maakond,1,Jalakäijaõnnetus,Valge aeg
2019-04-14 14:40:00,3,0,2,Harju maakond,0,Kokkupõrge,Valge aeg
2019-04-14 15:15:00,1,0,1,Lääne maakond,0,Muu liiklusõnnetus,Valge aeg
2019-04-14 15:46:00,3,0,1,Harju maakond,0,Kokkupõrge,Valge aeg
2019-04-14 17:58:00,2,0,1,Harju maakond,1,Jalakäijaõnnetus,Valge aeg
2019-04-15 07:52:00,3,0,1,Jõgeva maakond,0,Kokkupõrge,Valge aeg
2019-04-15 17:40:00,4,0,1,Harju maakond,0,Kokkupõrge,Valge aeg
2019-04-16 08:40:00,3,0,1,Harju maakond,0,Kokkupõrge,Valge aeg
2019-04-16 10:00:00,4,0,2,Ida-Viru maakond,0,Kokkupõrge,Valge aeg
2019-12-04 00:00:00,3,0,1,Harju maakond,0,Muu liiklusõnnetus,Valge aeg
2019-04-16 16:41:00,2,0,1,Harju maakond,0,Kokkupõrge,Valge aeg
2019-04-16 18:25:00,4,0,3,Harju maakond,0,Muu liiklusõnnetus,Valge aeg
2019-04-17 08:06:00,2,0,1,Harju maakond,0,Kokkupõrge,Valge aeg
2019-04-17 07:45:00,2,0,1,Harju maakond,0,Kokkupõrge,Valge aeg
2019-04-17 11:33:00,2,0,1,Tartu maakond,0,Kokkupõrge,Valge aeg
2019-04-17 14:19:00,2,0,1,Harju maakond,0,Kokkupõrge,Valge aeg
2019-04-17 15:15:00,1,0,1,Jõgeva maakond,0,Ühesõidukiõnnetus,Valge aeg
2019-04-17 16:18:00,3,0,1,Tartu maakond,0,Kokkupõrge,Valge aeg
2019-04-17 16:20:00,2,0,1,Harju maakond,0,Muu liiklusõnnetus,Valge aeg
2019-04-18 11:58:00,3,0,1,Pärnu maakond,0,Kokkupõrge,Valge aeg
2019-04-20 10:15:00,2,0,1,Pärnu maakond,1,Jalakäijaõnnetus,Valge aeg
2019-04-20 13:20:00,2,0,1,Harju maakond,0,Kokkupõrge,Valge aeg
2019-04-20 15:00:00,2,0,1,Harju maakond,0,Kokkupõrge,Valge aeg
2019-04-21 11:34:00,2,0,1,Ida-Viru maakond,0,Muu liiklusõnnetus,Valge aeg
2019-04-21 11:57:00,2,0,1,Rapla maakond,1,Jalakäijaõnnetus,Valge aeg
2019-04-21 12:14:00,1,0,1,Ida-Viru maakond,0,Ühesõidukiõnnetus,Valge aeg
2019-04-21 19:28:00,1,0,1,Harju maakond,0,Kokkupõrge,Valge aeg
2019-04-23 11:55:00,2,0,2,Võru maakond,0,Ühesõidukiõnnetus,Valge aeg
2019-04-23 13:30:00,2,0,1,Harju maakond,0,Kokkupõrge,Valge aeg
2019-04-23 15:00:00,2,0,1,Harju maakond,1,Jalakäijaõnnetus,Valge aeg
2019-04-23 15:05:00,3,0,1,Pärnu maakond,0,Kokkupõrge,Valge aeg
2019-04-23 16:20:00,2,0,1,Harju maakond,0,Kokkupõrge,Valge aeg
2019-04-23 17:55:00,2,0,1,Ida-Viru maakond,0,Muu liiklusõnnetus,Valge aeg
2019-04-23 19:30:00,3,0,1,Harju maakond,0,Kokkupõrge,Valge aeg
2019-04-23 19:48:00,2,0,1,Harju maakond,0,Kokkupõrge,Valge aeg
2019-04-24 10:47:00,3,0,1,Hiiu maakond,1,Jalakäijaõnnetus,Valge aeg
2019-04-24 11:09:00,2,0,1,Harju maakond,0,Kokkupõrge,Valge aeg
2019-04-24 15:08:00,1,0,1,Harju maakond,0,Ühesõidukiõnnetus,Valge aeg
2019-04-24 16:53:00,2,0,1,Tartu maakond,0,Kokkupõrge,Valge aeg
2019-04-24 17:09:00,2,0,2,Harju maakond,0,Kokkupõrge,Valge aeg
2019-04-24 20:35:00,2,1,0,Hiiu maakond,1,Jalakäijaõnnetus,Valge aeg
2019-04-25 09:57:00,1,0,1,Harju maakond,0,Ühesõidukiõnnetus,Valge aeg
2019-04-25 15:36:00,1,0,1,Harju maakond,0,Ühesõidukiõnnetus,Valge aeg
2019-04-25 16:04:00,3,0,1,Harju maakond,0,Muu liiklusõnnetus,Valge aeg
2019-04-25 16:05:00,1,0,1,Harju maakond,0,Ühesõidukiõnnetus,Valge aeg
2019-04-25 17:20:00,4,0,1,Tartu maakond,0,Kokkupõrge,Valge aeg
2019-04-26 17:03:00,1,0,1,Harju maakond,0,Ühesõidukiõnnetus,Valge aeg
2019-04-26 17:10:00,2,0,1,Harju maakond,0,Kokkupõrge,Valge aeg
2019-04-27 11:15:00,1,0,1,Harju maakond,0,Ühesõidukiõnnetus,Valge aeg
2019-04-27 17:20:00,2,0,1,Harju maakond,0,Kokkupõrge,Valge aeg
2019-04-27 18:27:00,1,0,1,Harju maakond,0,Ühesõidukiõnnetus,Valge aeg
2019-04-28 01:00:00,1,0,1,Harju maakond,0,Muu liiklusõnnetus,Pimeda aeg
2019-04-28 11:50:00,1,0,1,Jõgeva maakond,0,Ühesõidukiõnnetus,Valge aeg
2019-04-28 16:47:00,3,0,2,Harju maakond,0,Muu liiklusõnnetus,Valge aeg
2019-04-28 19:03:00,1,0,1,Harju maakond,0,Muu liiklusõnnetus,Valge aeg
2019-04-28 19:08:00,1,0,1,Tartu maakond,0,Ühesõidukiõnnetus,Valge aeg
2019-04-29 16:47:00,1,0,1,Valga maakond,0,Ühesõidukiõnnetus,Valge aeg
2019-04-30 16:38:00,1,0,1,Saare maakond,0,Ühesõidukiõnnetus,Valge aeg
2019-04-30 18:14:00,2,0,1,Harju maakond,0,Kokkupõrge,Valge aeg
2019-04-30 19:54:00,2,0,1,Tartu maakond,0,Kokkupõrge,Valge aeg
2019-01-05 00:00:00,2,0,1,Harju maakond,1,Jalakäijaõnnetus,Valge aeg
2019-01-05 00:00:00,1,0,1,Valga maakond,0,Ühesõidukiõnnetus,Valge aeg
2019-01-05 00:00:00,4,0,4,Lääne maakond,0,Ühesõidukiõnnetus,Valge aeg
2019-01-05 00:00:00,3,0,2,Lääne maakond,0,Kokkupõrge,Valge aeg
2019-01-05 00:00:00,4,0,1,Rapla maakond,0,Ühesõidukiõnnetus,Valge aeg
2019-01-05 00:00:00,1,0,1,Tartu maakond,0,Muu liiklusõnnetus,Valge aeg
2019-01-05 00:00:00,4,0,3,Harju maakond,0,Kokkupõrge,Pimeda aeg
2019-02-05 00:00:00,2,0,1,Harju maakond,1,Jalakäijaõnnetus,Valge aeg
2019-03-05 00:00:00,2,0,1,Harju maakond,0,Muu liiklusõnnetus,Valge aeg
2019-03-05 00:00:00,2,0,1,Tartu maakond,0,Kokkupõrge,Valge aeg
2019-04-05 00:00:00,2,0,2,Lääne maakond,0,Ühesõidukiõnnetus,Valge aeg
2019-04-05 00:00:00,2,0,1,Harju maakond,0,Kokkupõrge,Valge aeg
2019-04-05 00:00:00,3,0,1,Lääne maakond,0,Kokkupõrge,Valge aeg
2019-05-05 00:00:00,1,0,1,Harju maakond,0,Ühesõidukiõnnetus,Pimeda aeg
2019-04-05 00:00:00,1,1,0,Rapla maakond,0,Ühesõidukiõnnetus,Pimeda aeg
2019-05-05 00:00:00,3,0,1,Harju maakond,0,Kokkupõrge,Valge aeg
2019-05-05 00:00:00,1,0,1,Rapla maakond,0,Muu liiklusõnnetus,Valge aeg
2019-06-05 00:00:00,1,0,1,Harju maakond,0,Muu liiklusõnnetus,Valge aeg
2019-06-05 00:00:00,3,0,1,Harju maakond,0,Kokkupõrge,Valge aeg
2019-06-05 00:00:00,2,0,1,Harju maakond,0,Muu liiklusõnnetus,Valge aeg
2019-06-05 00:00:00,2,0,1,Lääne-Viru maakond,0,Kokkupõrge,Valge aeg
2019-06-05 00:00:00,2,0,1,Tartu maakond,0,Kokkupõrge,Valge aeg
2019-06-05 00:00:00,1,0,1,Jõgeva maakond,0,Muu liiklusõnnetus,Pimeda aeg
2019-07-05 00:00:00,1,0,1,Järva maakond,0,Ühesõidukiõnnetus,Valge aeg
2019-07-05 00:00:00,2,0,1,Jõgeva maakond,0,Kokkupõrge,Valge aeg
2019-07-05 00:00:00,1,0,1,Harju maakond,0,Ühesõidukiõnnetus,Valge aeg
2019-07-05 00:00:00,2,0,1,Pärnu maakond,1,Jalakäijaõnnetus,Valge aeg
2019-07-05 00:00:00,2,0,1,Harju maakond,0,Kokkupõrge,Pimeda aeg
2019-08-05 00:00:00,2,0,1,Harju maakond,0,Kokkupõrge,Valge aeg
2019-08-05 00:00:00,3,0,3,Lääne-Viru maakond,0,Ühesõidukiõnnetus,Valge aeg
2019-09-05 00:00:00,1,0,1,Põlva maakond,0,Ühesõidukiõnnetus,Pimeda aeg
2019-09-05 00:00:00,3,0,1,Harju maakond,0,Kokkupõrge,Pimeda aeg
2019-09-05 00:00:00,2,0,1,Harju maakond,0,Kokkupõrge,Valge aeg
2019-10-05 00:00:00,2,0,1,Harju maakond,1,Jalakäijaõnnetus,Valge aeg
2019-10-05 00:00:00,7,1,3,Järva maakond,0,Kokkupõrge,Valge aeg
2019-10-05 00:00:00,2,0,1,Ida-Viru maakond,0,Kokkupõrge,Valge aeg
2019-11-05 00:00:00,1,0,1,Viljandi maakond,0,Ühesõidukiõnnetus,Pimeda aeg
2019-11-05 00:00:00,1,0,1,Harju maakond,0,Ühesõidukiõnnetus,Valge aeg
2019-11-05 00:00:00,5,0,3,Pärnu maakond,0,Kokkupõrge,Valge aeg
2019-11-05 00:00:00,1,0,1,Harju maakond,0,Muu liiklusõnnetus,Valge aeg
2019-11-05 00:00:00,2,0,1,Harju maakond,1,Jalakäijaõnnetus,Valge aeg
2019-11-05 00:00:00,2,0,1,Pärnu maakond,0,Kokkupõrge,Valge aeg
2019-11-05 00:00:00,1,0,1,Põlva maakond,0,Ühesõidukiõnnetus,Valge aeg
2019-12-05 00:00:00,2,0,1,Tartu maakond,0,Kokkupõrge,Pimeda aeg
2019-12-05 00:00:00,2,0,2,Harju maakond,1,Jalakäijaõnnetus,Valge aeg
2019-12-05 00:00:00,4,0,3,Harju maakond,0,Kokkupõrge,Valge aeg
2019-05-13 15:55:00,3,0,1,Ida-Viru maakond,0,Kokkupõrge,Valge aeg
2019-05-13 18:12:00,2,0,1,Rapla maakond,0,Kokkupõrge,Valge aeg
2019-05-14 10:13:00,2,0,1,Viljandi maakond,0,Kokkupõrge,Valge aeg
2019-05-14 13:57:00,4,0,1,Harju maakond,1,Kokkupõrge,Valge aeg
2019-05-14 14:54:00,2,0,1,Harju maakond,0,Muu liiklusõnnetus,Valge aeg
2019-05-14 16:32:00,3,0,1,Harju maakond,0,Teadmata,Valge aeg
2019-05-14 16:39:00,2,0,1,Harju maakond,1,Jalakäijaõnnetus,Valge aeg
2019-05-14 18:58:00,2,0,1,Harju maakond,0,Kokkupõrge,Valge aeg
2019-05-15 03:50:00,2,0,1,Viljandi maakond,1,Jalakäijaõnnetus,Pimeda aeg
2019-05-15 08:00:00,5,0,1,Harju maakond,0,Kokkupõrge,Valge aeg
2019-05-15 13:27:00,6,0,5,Pärnu maakond,0,Kokkupõrge,Valge aeg
2019-05-15 19:30:00,2,0,1,Lääne-Viru maakond,0,Muu liiklusõnnetus,Valge aeg
2019-05-16 13:10:00,3,0,2,Harju maakond,0,Kokkupõrge,Valge aeg
2019-05-16 14:40:00,2,0,1,Ida-Viru maakond,0,Muu liiklusõnnetus,Valge aeg
2019-05-17 08:45:00,3,0,1,Tartu maakond,0,Kokkupõrge,Valge aeg
2019-05-17 19:20:00,2,0,1,Ida-Viru maakond,1,Jalakäijaõnnetus,Valge aeg
2019-05-17 21:19:00,1,0,1,Viljandi maakond,0,Ühesõidukiõnnetus,Valge aeg
2019-05-18 09:20:00,3,0,2,Lääne-Viru maakond,0,Kokkupõrge,Valge aeg
2019-05-18 10:28:00,2,0,1,Pärnu maakond,0,Kokkupõrge,Valge aeg
2019-05-18 16:09:00,1,0,1,Harju maakond,1,Jalakäijaõnnetus,Valge aeg
2019-05-18 21:06:00,1,0,1,Harju maakond,0,Ühesõidukiõnnetus,Valge aeg
2019-05-19 15:45:00,1,0,1,Harju maakond,0,Ühesõidukiõnnetus,Valge aeg
2019-05-19 19:00:00,1,0,1,Pärnu maakond,0,Ühesõidukiõnnetus,Valge aeg
2019-05-20 08:21:00,2,0,2,Saare maakond,0,Ühesõidukiõnnetus,Valge aeg
2019-05-20 10:43:00,1,0,1,Lääne maakond,0,Ühesõidukiõnnetus,Valge aeg
2019-05-20 10:40:00,2,0,1,Harju maakond,0,Teadmata,Valge aeg
2019-05-20 13:01:00,5,0,2,Harju maakond,0,Kokkupõrge,Valge aeg
2019-05-20 16:55:00,2,0,2,Harju maakond,0,Ühesõidukiõnnetus,Valge aeg
2019-05-20 18:15:00,1,0,1,Võru maakond,0,Muu liiklusõnnetus,Valge aeg
2019-05-20 19:00:00,2,0,1,Harju maakond,1,Jalakäijaõnnetus,Valge aeg
2019-05-20 20:19:00,1,0,1,Harju maakond,0,Ühesõidukiõnnetus,Valge aeg
2019-05-21 10:34:00,2,1,0,Harju maakond,0,Kokkupõrge,Valge aeg
2019-05-21 19:46:00,2,0,1,Lääne-Viru maakond,0,Kokkupõrge,Valge aeg
2019-05-21 20:02:00,1,0,1,Harju maakond,0,Ühesõidukiõnnetus,Valge aeg
2019-05-22 09:15:00,3,0,2,Harju maakond,0,Kokkupõrge,Valge aeg
2019-05-22 12:00:00,3,0,1,Harju maakond,0,Kokkupõrge,Valge aeg
2019-05-22 12:37:00,1,0,1,Harju maakond,0,Ühesõidukiõnnetus,Valge aeg
2019-05-22 14:29:00,1,1,0,Viljandi maakond,0,Ühesõidukiõnnetus,Valge aeg
2019-05-22 14:53:00,2,0,1,Ida-Viru maakond,1,Jalakäijaõnnetus,Valge aeg
2019-05-22 16:58:00,3,0,2,Tartu maakond,0,Kokkupõrge,Valge aeg
2019-05-22 19:40:00,3,0,1,Harju maakond,1,Muu liiklusõnnetus,Valge aeg
2019-05-23 08:45:00,2,0,1,Tartu maakond,1,Jalakäijaõnnetus,Valge aeg
2019-05-23 22:34:00,1,0,1,Pärnu maakond,0,Muu liiklusõnnetus,Pimeda aeg
2019-05-24 08:32:00,3,0,1,Harju maakond,1,Jalakäijaõnnetus,Valge aeg
2019-05-24 09:56:00,2,0,1,Harju maakond,0,Kokkupõrge,Valge aeg
2019-05-24 10:45:00,3,0,2,Lääne-Viru maakond,0,Kokkupõrge,Valge aeg
2019-05-24 18:48:00,3,0,2,Valga maakond,0,Kokkupõrge,Valge aeg
2019-05-25 04:26:00,1,0,1,Hiiu maakond,0,Ühesõidukiõnnetus,Valge aeg
2019-05-25 11:01:00,1,0,1,Võru maakond,0,Ühesõidukiõnnetus,Valge aeg
2019-05-25 16:40:00,2,0,1,Harju maakond,0,Kokkupõrge,Valge aeg
2019-05-25 18:04:00,4,0,4,Järva maakond,0,Kokkupõrge,Valge aeg
2019-05-25 18:49:00,3,0,2,Harju maakond,0,Kokkupõrge,Valge aeg
2019-05-25 18:58:00,2,0,1,Harju maakond,1,Jalakäijaõnnetus,Valge aeg
2019-05-26 17:43:00,3,0,1,Harju maakond,0,Kokkupõrge,Valge aeg
2019-05-27 07:47:00,1,0,1,Harju maakond,0,Kokkupõrge,Valge aeg
2019-05-27 07:55:00,2,0,1,Saare maakond,0,Kokkupõrge,Valge aeg
2019-05-27 08:30:00,2,0,1,Tartu maakond,0,Jalakäijaõnnetus,Valge aeg
2019-05-27 10:12:00,2,0,1,Harju maakond,0,Kokkupõrge,Valge aeg
2019-05-28 08:30:00,2,0,1,Harju maakond,0,Kokkupõrge,Valge aeg