date,persons_involved,killed,injured,county,pedestrian_involved,accident_type,light_conditions
2019-05-28 15:20:00,2,0,1,Järva maakond,0,Kokkupõrge,Valge aeg
2019-05-28 16:58:00,3,0,1,Lääne-Viru maakond,1,Jalakäijaõnnetus,Valge aeg
2019-05-28 20:04:00,3,0,2,Rapla maakond,0,Kokkupõrge,Valge aeg
2019-05-28 20:37:00,6,0,3,Hiiu maakond,0,Kokkupõrge,Valge aeg
2019-05-29 17:09:00,2,0,1,Harju maakond,1,Jalakäijaõnnetus,Valge aeg
2019-05-29 17:21:00,2,1,0,Tartu maakond,0,Kokkupõrge,Valge aeg
2019-05-30 10:26:00,2,0,1,Pärnu maakond,0,Kokkupõrge,Valge aeg
2019-05-30 13:52:00,1,0,1,Lääne maakond,0,Muu liiklusõnnetus,Valge aeg
2019-05-30 16:53:00,2,0,1,Harju maakond,0,Kokkupõrge,Valge aeg
2019-05-30 18:00:00,2,0,1,Harju maakond,0,Kokkupõrge,Valge aeg
2019-05-30 18:47:00,1,0,1,Lääne maakond,0,Muu liiklusõnnetus,Valge aeg
2019-05-30 19:08:00,2,0,1,Harju maakond,1,Jalakäijaõnnetus,Valge aeg
2019-05-30 19:46:00,1,0,1,Jõgeva maakond,0,Ühesõidukiõnnetus,Valge aeg
2019-05-31 09:55:00,3,0,2,Ida-Viru maakond,0,Muu liiklusõnnetus,Valge aeg
2019-05-31 10:43:00,2,0,1,Harju maakond,1,Jalakäijaõnnetus,Valge aeg
2019-05-31 14:04:00,1,0,1,Lääne maakond,0,Muu liiklusõnnetus,Valge aeg
2019-05-31 16:55:00,3,0,2,Pärnu maakond,0,Kokkupõrge,Valge aeg
2019-05-31 23:45:00,2,0,1,Harju maakond,1,Jalakäijaõnnetus,Pimeda aeg
2019-01-06 00:00:00,1,0,1,Harju maakond,0,Ühesõidukiõnnetus,Valge aeg
2019-01-06 00:00:00,2,0,1,Harju maakond,0,Kokkupõrge,Valge aeg
2019-01-06 00:00:00,5,0,2,Harju maakond,0,Kokkupõrge,Valge aeg
2019-02-06 00:00:00,1,1,0,Viljandi maakond,0,Ühesõidukiõnnetus,Valge aeg
2019-02-06 00:00:00,2,0,1,Harju maakond,0,Kokkupõrge,Valge aeg
2019-02-06 00:00:00,2,0,1,Harju maakond,1,Jalakäijaõnnetus,Valge aeg
2019-02-06 00:00:00,1,0,1,Pärnu maakond,0,Ühesõidukiõnnetus,Valge aeg
2019-02-06 00:00:00,1,0,1,Ida-Viru maakond,0,Ühesõidukiõnnetus,Valge aeg
2019-03-06 00:00:00,2,0,1,Ida-Viru maakond,0,Kokkupõrge,Valge aeg
2019-03-06 00:00:00,2,0,1,Jõgeva maakond,0,Kokkupõrge,Valge aeg
2019-03-06 00:00:00,2,0,2,Lääne-Viru maakond,1,Jalakäijaõnnetus,Valge aeg
2019-03-06 00:00:00,3,0,2,Harju maakond,0,Kokkupõrge,Valge aeg
2019-03-06 00:00:00,1,0,1,Viljandi maakond,1,Jalakäijaõnnetus,Valge aeg
2019-03-06 00:00:00,2,0,1,Valga maakond,0,Kokkupõrge,Valge aeg
2019-03-06 00:00:00,2,0,1,Harju maakond,0,Kokkupõrge,Valge aeg
2019-04-06 00:00:00,2,0,1,Harju maakond,0,Kokkupõrge,Valge aeg
2019-04-06 00:00:00,14,0,15,Harju maakond,0,Kokkupõrge,Valge aeg
2019-04-06 00:00:00,3,0,1,Harju maakond,1,Kokkupõrge,Valge aeg
2019-04-06 00:00:00,2,0,1,Ida-Viru maakond,1,Jalakäijaõnnetus,Valge aeg
2019-05-06 00:00:00,2,0,1,Pärnu maakond,0,Kokkupõrge,Valge aeg
2019-05-06 00:00:00,2,0,1,Harju maakond,0,Kokkupõrge,Valge aeg
2019-05-06 00:00:00,2,0,1,Harju maakond,0,Kokkupõrge,Valge aeg
2019-05-06 00:00:00,2,0,1,Harju maakond,1,Jalakäijaõnnetus,Valge aeg
2019-05-06 00:00:00,2,0,1,Harju maakond,0,Kokkupõrge,Valge aeg
2019-05-06 00:00:00,2,0,1,Harju maakond,0,Kokkupõrge,Valge aeg
2019-05-06 00:00:00,3,0,1,Võru maakond,0,Kokkupõrge,Valge aeg
2019-05-06 00:00:00,2,0,1,Harju maakond,0,Kokkupõrge,Valge aeg
2019-05-06 00:00:00,2,0,1,Harju maakond,0,Kokkupõrge,Valge aeg
2019-05-06 00:00:00,2,0,1,Tartu maakond,0,Kokkupõrge,Valge aeg
2019-05-06 00:00:00,1,0,1,Harju maakond,0,Kokkupõrge,Valge aeg
2019-06-06 00:00:00,2,0,2,Harju maakond,0,Ühesõidukiõnnetus,Valge aeg
2019-06-06 00:00:00,2,0,1,Harju maakond,0,Kokkupõrge,Valge aeg
2019-06-06 00:00:00,2,0,2,Järva maakond,0,Ühesõidukiõnnetus,Valge aeg
2019-06-06 00:00:00,2,0,1,Harju maakond,0,Kokkupõrge,Valge aeg
2019-07-06 00:00:00,3,0,1,Pärnu maakond,0,Kokkupõrge,Valge aeg
2019-07-06 00:00:00,2,0,1,Harju maakond,0,Kokkupõrge,Valge aeg
2019-07-06 00:00:00,2,0,1,Harju maakond,0,Kokkupõrge,Valge aeg
2019-07-06 00:00:00,2,0,1,Rapla maakond,0,Kokkupõrge,Valge aeg
2019-07-06 00:00:00,1,0,1,Ida-Viru maakond,0,Ühesõidukiõnnetus,Pimeda aeg
2019-07-06 00:00:00,1,0,1,Valga maakond,0,Ühesõidukiõnnetus,Pimeda aeg
2019-08-06 00:00:00,1,0,1,Põlva maakond,0,Ühesõidukiõnnetus,Pimeda aeg
2019-08-06 00:00:00,1,0,1,Lääne maakond,0,Ühesõidukiõnnetus,Valge aeg
2019-08-06 00:00:00,7,0,3,Lääne-Viru maakond,0,Kokkupõrge,Valge aeg
2019-08-06 00:00:00,2,0,1,Pärnu maakond,1,Jalakäijaõnnetus,Valge aeg
2019-08-06 00:00:00,1,0,1,Harju maakond,0,Ühesõidukiõnnetus,Valge aeg
2019-08-06 00:00:00,3,0,2,Harju maakond,0,Ühesõidukiõnnetus,Valge aeg
2019-08-06 00:00:00,1,0,1,Valga maakond,0,Ühesõidukiõnnetus,Valge aeg
2019-08-06 00:00:00,1,0,1,Saare maakond,0,Ühesõidukiõnnetus,Pimeda aeg
2019-09-06 00:00:00,2,0,1,Jõgeva maakond,0,Kokkupõrge,Pimeda aeg
2019-09-06 00:00:00,1,0,1,Tartu maakond,0,Ühesõidukiõnnetus,Pimeda aeg
2019-09-06 00:00:00,1,0,1,Rapla maakond,0,Ühesõidukiõnnetus,Pimeda aeg
2019-09-06 00:00:00,2,0,1,Harju maakond,1,Jalakäijaõnnetus,Valge aeg
2019-09-06 00:00:00,2,0,1,Harju maakond,1,Jalakäijaõnnetus,Valge aeg
2019-09-06 00:00:00,1,0,1,Harju maakond,0,Muu liiklusõnnetus,Valge aeg
2019-09-06 00:00:00,1,0,1,Harju maakond,0,Ühesõidukiõnnetus,Valge aeg
2019-09-06 00:00:00,2,0,2,Harju maakond,0,Ühesõidukiõnnetus,Pimeda aeg
2019-10-06 00:00:00,2,0,1,Tartu maakond,0,Muu liiklusõnnetus,Valge aeg
2019-10-06 00:00:00,2,0,1,Harju maakond,0,Kokkupõrge,Valge aeg
2019-10-06 00:00:00,2,1,0,Harju maakond,1,Jalakäijaõnnetus,Valge aeg
2019-10-06 00:00:00,2,0,1,Viljandi maakond,1,Jalakäijaõnnetus,Valge aeg
2019-10-06 00:00:00,5,0,3,Valga maakond,0,Kokkupõrge,Valge aeg
2019-10-06 00:00:00,2,0,1,Harju maakond,1,Jalakäijaõnnetus,Valge aeg
2019-10-06 00:00:00,1,0,1,Valga maakond,0,Ühesõidukiõnnetus,Valge aeg
2019-10-06 00:00:00,2,0,1,Tartu maakond,0,Kokkupõrge,Valge aeg
2019-10-06 00:00:00,2,0,1,Tartu maakond,0,Kokkupõrge,Valge aeg
2019-10-06 00:00:00,1,0,1,Ida-Viru maakond,0,Ühesõidukiõnnetus,Valge aeg
2019-11-06 00:00:00,3,0,1,Harju maakond,0,Kokkupõrge,Valge aeg
2019-11-06 00:00:00,2,0,1,Harju maakond,0,Kokkupõrge,Valge aeg
2019-11-06 00:00:00,2,0,1,Harju maakond,1,Jalakäijaõnnetus,Valge aeg
2019-12-06 00:00:00,2,0,1,Ida-Viru maakond,0,Kokkupõrge,Valge aeg
2019-12-06 00:00:00,1,0,1,Harju maakond,0,Muu liiklusõnnetus,Valge aeg
2019-12-06 00:00:00,3,0,3,Harju maakond,0,Kokkupõrge,Valge aeg
2019-12-06 00:00:00,2,0,1,Tartu maakond,0,Kokkupõrge,Valge aeg
2019-06-13 17:00:00,2,0,1,Harju maakond,1,Jalakäijaõnnetus,Valge aeg
2019-06-13 17:15:00,7,0,3,Lääne-Viru maakond,0,Kokkupõrge,Valge aeg
2019-06-13 17:53:00,2,0,1,Harju maakond,1,Jalakäijaõnnetus,Valge aeg
2019-06-13 18:11:00,2,0,1,Harju maakond,0,Kokkupõrge,Valge aeg
2019-06-14 13:38:00,2,0,2,Põlva maakond,0,Ühesõidukiõnnetus,Valge aeg
2019-06-14 15:50:00,2,0,1,Harju maakond,0,Kokkupõrge,Valge aeg
2019-06-14 16:32:00,2,0,1,Harju maakond,0,Ühesõidukiõnnetus,Valge aeg
2019-06-14 19:02:00,3,0,1,Harju maakond,0,Kokkupõrge,Valge aeg
2019-06-15 10:45:00,3,0,2,Harju maakond,0,Kokkupõrge,Valge aeg
2019-06-15 12:38:00,1,0,1,Harju maakond,0,Ühesõidukiõnnetus,Valge aeg
2019-06-15 13:30:00,2,0,1,Harju maakond,0,Muu liiklusõnnetus,Valge aeg
2019-06-15 14:24:00,1,0,1,Tartu maakond,0,Ühesõidukiõnnetus,Valge aeg
2019-06-15 14:00:00,2,0,1,Harju maakond,0,Muu liiklusõnnetus,Valge aeg
2019-06-15 15:40:00,2,0,1,Ida-Viru maakond,0,Kokkupõrge,Valge aeg
2019-06-15 18:17:00,1,0,1,Harju maakond,0,Ühesõidukiõnnetus,Valge aeg
2019-06-15 18:45:00,1,0,1,Järva maakond,0,Ühesõidukiõnnetus,Valge aeg
2019-06-15 19:20:00,2,1,1,Rapla maakond,0,Ühesõidukiõnnetus,Valge aeg
2019-06-16 02:33:00,2,1,0,Viljandi maakond,1,Jalakäijaõnnetus,Pimeda aeg
2019-06-16 12:25:00,3,0,2,Rapla maakond,0,Kokkupõrge,Valge aeg
2019-06-16 13:49:00,2,0,1,Harju maakond,0,Kokkupõrge,Valge aeg
2019-06-16 15:00:00,3,0,1,Pärnu maakond,0,Kokkupõrge,Valge aeg
2019-06-16 17:16:00,1,0,1,Harju maakond,0,Ühesõidukiõnnetus,Valge aeg
2019-06-16 22:05:00,1,0,1,Pärnu maakond,0,Ühesõidukiõnnetus,Valge aeg
2019-06-17 04:15:00,1,0,1,Järva maakond,0,Ühesõidukiõnnetus,Valge aeg
2019-06-17 08:53:00,1,0,1,Rapla maakond,0,Ühesõidukiõnnetus,Valge aeg
2019-06-17 10:59:00,1,0,1,Lääne maakond,0,Ühesõidukiõnnetus,Valge aeg
2019-06-17 16:06:00,3,0,1,Harju maakond,0,Kokkupõrge,Valge aeg
2019-06-17 19:25:00,2,0,1,Harju maakond,1,Jalakäijaõnnetus,Valge aeg
2019-06-17 21:09:00,1,0,1,Harju maakond,0,Ühesõidukiõnnetus,Valge aeg
2019-06-18 13:06:00,2,0,1,Harju maakond,0,Kokkupõrge,Valge aeg
2019-06-18 15:19:00,2,0,1,Harju maakond,0,Kokkupõrge,Valge aeg
2019-06-18 17:44:00,2,0,2,Harju maakond,0,Kokkupõrge,Valge aeg
2019-06-18 21:47:00,1,0,1,Harju maakond,0,Ühesõidukiõnnetus,Valge aeg
2019-06-19 05:09:00,6,0,2,Jõgeva maakond,0,Ühesõidukiõnnetus,Valge aeg
2019-06-19 07:50:00,2,0,1,Harju maakond,0,Muu liiklusõnnetus,Valge aeg
2019-06-19 13:22:00,3,0,1,Harju maakond,0,Muu liiklusõnnetus,Valge aeg
2019-06-19 13:29:00,2,0,1,Tartu maakond,1,Muu liiklusõnnetus,Valge aeg
2019-06-19 18:47:00,1,0,1,Harju maakond,0,Ühesõidukiõnnetus,Valge aeg
2019-06-19 18:56:00,1,1,0,Harju maakond,0,Ühesõidukiõnnetus,Valge aeg
2019-06-19 20:10:00,1,0,1,Ida-Viru maakond,0,Ühesõidukiõnnetus,Valge aeg
2019-06-19 21:26:00,1,0,1,Harju maakond,0,Ühesõidukiõnnetus,Valge aeg
2019-06-20 00:25:00,3,1,1,Ida-Viru maakond,0,Muu liiklusõnnetus,Pimeda aeg
2019-06-20 07:07:00,1,0,1,Ida-Viru maakond,0,Muu liiklusõnnetus,Valge aeg
2019-06-20 14:55:00,1,0,1,Pärnu maakond,0,Muu liiklusõnnetus,Valge aeg
2019-06-20 15:58:00,1,0,1,Harju maakond,0,Ühesõidukiõnnetus,Valge aeg
2019-06-20 21:51:00,1,0,1,Harju maakond,0,Ühesõidukiõnnetus,Valge aeg
2019-06-21 09:18:00,3,0,2,Harju maakond,0,Kokkupõrge,Valge aeg
2019-06-21 19:22:00,2,0,1,Lääne-Viru maakond,0,Kokkupõrge,Valge aeg
2019-06-21 20:29:00,2,0,1,Tartu maakond,1,Jalakäijaõnnetus,Valge aeg
2019-06-22 10:28:00,3,0,2,Harju maakond,1,Jalakäijaõnnetus,Valge aeg
2019-06-22 10:54:00,3,0,2,Harju maakond,0,Kokkupõrge,Valge aeg
2019-06-22 13:57:00,2,0,1,Valga maakond,0,Kokkupõrge,Valge aeg
2019-06-22 14:03:00,1,0,1,Tartu maakond,0,Ühesõidukiõnnetus,Valge aeg
2019-06-22 15:09:00,2,0,1,Saare maakond,0,Kokkupõrge,Valge aeg
2019-06-22 18:30:00,4,0,4,Harju maakond,0,Kokkupõrge,Valge aeg
2019-06-22 19:05:00,1,0,1,Võru maakond,0,Ühesõidukiõnnetus,Valge aeg
2019-06-22 21:10:00,1,0,1,Harju maakond,0,Ühesõidukiõnnetus,Valge aeg
2019-06-23 00:10:00,1,0,1,Harju maakond,0,Ühesõidukiõnnetus,Pimeda aeg
2019-06-23 05:58:00,2,0,1,Rapla maakond,0,Ühesõidukiõnnetus,Valge aeg
2019-06-23 10:44:00,1,0,1,Harju maakond,0,Ühesõidukiõnnetus,Valge aeg
2019-06-23 13:25:00,3,0,1,Lääne-Viru maakond,0,Kokkupõrge,Valge aeg
2019-06-23 20:10:00,1,0,1,Harju maakond,0,Ühesõidukiõnnetus,Valge aeg
2019-06-23 20:50:00,1,0,1,Lääne-Viru maakond,0,Muu liiklusõnnetus,Valge aeg
2019-06-23 22:35:00,2,0,1,Harju maakond,1,Jalakäijaõnnetus,Valge aeg
2019-06-24 07:10:00,1,0,1,Võru maakond,0,Ühesõidukiõnnetus,Valge aeg
2019-06-24 11:03:00,2,0,1,Harju maakond,0,Kokkupõrge,Valge aeg
2019-06-24 16:47:00,2,0,1,Harju maakond,0,Kokkupõrge,Valge aeg
2019-06-25 00:34:00,1,0,1,Harju maakond,0,Muu liiklusõnnetus,Valge aeg
2019-06-25 15:58:00,1,1,0,Järva maakond,0,Ühesõidukiõnnetus,Valge aeg
2019-06-25 17:10:00,3,0,2,Harju maakond,0,Kokkupõrge,Valge aeg
2019-06-25 18:16:00,1,0,1,Viljandi maakond,0,Ühesõidukiõnnetus,Valge aeg
2019-06-26 09:07:00,3,0,1,Saare maakond,0,Ühesõidukiõnnetus,Valge aeg
2019-06-26 15:30:00,2,0,1,Harju maakond,0,Kokkupõrge,Valge aeg
2019-06-26 21:40:00,2,0,2,Rapla maakond,0,Ühesõidukiõnnetus,Valge aeg
2019-06-27 15:05:00,3,0,1,Harju maakond,0,Kokkupõrge,Valge aeg
2019-06-27 19:50:00,1,0,1,Lääne-Viru maakond,0,Kokkupõrge,Valge aeg
2019-06-27 22:04:00,2,0,1,Harju maakond,1,Jalakäijaõnnetus,Valge aeg
2019-06-28 13:12:00,2,0,1,Harju maakond,1,Jalakäijaõnnetus,Valge aeg
2019-06-28 13:56:00,3,0,1,Ida-Viru maakond,0,Kokkupõrge,Valge aeg
2019-06-28 15:30:00,3,0,2,Harju maakond,0,Kokkupõrge,Valge aeg
2019-06-28 17:15:00,2,0,1,Harju maakond,1,Jalakäijaõnnetus,Valge aeg
2019-06-28 18:20:00,2,0,1,Harju maakond,0,Kokkupõrge,Valge aeg
2019-06-28 21:10:00,2,0,1,Harju maakond,1,Muu liiklusõnnetus,Valge aeg
2019-06-29 12:50:00,2,0,1,Harju maakond,0,Kokkupõrge,Valge aeg
2019-06-30 03:00:00,3,0,1,Pärnu maakond,1,Kokkupõrge,Valge aeg
2019-06-30 14:18:00,3,0,1,Tartu maakond,0,Kokkupõrge,Valge aeg
2019-06-30 18:05:00,2,0,1,Valga maakond,1,Jalakäijaõnnetus,Valge aeg
2019-06-30 19:52:00,3,0,2,Harju maakond,0,Kokkupõrge,Valge aeg
2019-06-30 19:56:00,1,0,1,Harju maakond,0,Ühesõidukiõnnetus,Valge aeg
2019-01-07 00:00:00,2,0,1,Ida-Viru maakond,0,Muu liiklusõnnetus,Valge aeg
2019-01-07 00:00:00,2,0,1,Harju maakond,1,Jalakäijaõnnetus,Valge aeg
2019-01-07 00:00:00,3,0,2,Põlva maakond,0,Ühesõidukiõnnetus,Pimeda aeg
2019-02-07 00:00:00,2,0,1,Harju maakond,1,Jalakäijaõnnetus,Valge aeg
2019-02-07 00:00:00,2,0,2,Tartu maakond,0,Kokkupõrge,Pimeda aeg
2019-03-07 00:00:00,1,0,1,Tartu maakond,0,Kokkupõrge,Valge aeg
2019-04-07 00:00:00,1,0,1,Valga maakond,0,Ühesõidukiõnnetus,Valge aeg
2019-04-07 00:00:00,1,0,1,Harju maakond,0,Muu liiklusõnnetus,Valge aeg
2019-04-07 00:00:00,3,0,1,Põlva maakond,0,Kokkupõrge,Valge aeg
2019-05-07 00:00:00,2,0,1,Ida-Viru maakond,1,Jalakäijaõnnetus,Valge aeg
2019-05-07 00:00:00,2,0,1,Harju maakond,0,Kokkupõrge,Valge aeg
2019-05-07 00:00:00,2,0,1,Ida-Viru maakond,0,Muu liiklusõnnetus,Valge aeg
2019-05-07 00:00:00,2,0,1,Harju maakond,0,Kokkupõrge,Valge aeg
2019-06-07 00:00:00,1,0,1,Harju maakond,0,Ühesõidukiõnnetus,Valge aeg
2019-06-07 00:00:00,2,0,1,Harju maakond,1,Muu liiklusõnnetus,Pimeda aeg
2019-07-07 00:00:00,4,0,4,Põlva maakond,0,Ühesõidukiõnnetus,Pimeda aeg
2019-07-07 00:00:00,1,0,1,Ida-Viru maakond,0,Kokkupõrge,Valge aeg
2019-08-07 00:00:00,2,0,1,Harju maakond,0,Kokkupõrge,Valge aeg
2019-08-07 00:00:00,3,0,3,Hiiu maakond,0,Ühesõidukiõnnetus,Valge aeg
2019-08-07 00:00:00,2,0,1,Ida-Viru maakond,1,Jalakäijaõnnetus,Valge aeg
2019-08-07 00:00:00,1,0,1,Saare maakond,0,Ühesõidukiõnnetus,Valge aeg
2019-08-07 00:00:00,2,0,2,Harju maakond,0,Kokkupõrge,Valge aeg
2019-08-07 00:00:00,2,0,1,Harju maakond,0,Muu liiklusõnnetus,Valge aeg
2019-08-07 00:00:00,1,0,1,Harju maakond,0,Ühesõidukiõnnetus,Valge aeg
2019-09-07 00:00:00,2,0,1,Pärnu maakond,0,Ühesõidukiõnnetus,Valge aeg
2019-09-07 00:00:00,2,0,1,Pärnu maakond,0,Muu liiklusõnnetus,Valge aeg
2019-09-07 00:00:00,1,0,1,Harju maakond,0,Ühesõidukiõnnetus,Valge aeg
2019-10-07 00:00:00,1,0,1,Harju maakond,0,Ühesõidukiõnnetus,Valge aeg
2019-10-07 00:00:00,1,0,1,Harju maakond,0,Ühesõidukiõnnetus,Valge aeg
2019-10-07 00:00:00,2,1,0,Tartu maakond,0,Kokkupõrge,Valge aeg
2019-10-07 00:00:00,2,0,1,Lääne-Viru maakond,0,Ühesõidukiõnnetus,Valge aeg
2019-10-07 00:00:00,2,0,1,Harju maakond,0,Muu liiklusõnnetus,Valge aeg
2019-10-07 00:00:00,1,0,1,Harju maakond,0,Ühesõidukiõnnetus,Valge aeg
2019-11-07 00:00:00,7,0,1,Lääne-Viru maakond,0,Kokkupõrge,Pimeda aeg
2019-11-07 00:00:00,3,0,2,Ida-Viru maakond,0,Kokkupõrge,Valge aeg
2019-11-07 00:00:00,3,0,1,Harju maakond,0,Kokkupõrge,Valge aeg
2019-11-07 00:00:00,4,0,1,Harju maakond,0,Kokkupõrge,Valge aeg
2019-11-07 00:00:00,2,0,1,Harju maakond,0,Kokkupõrge,Valge aeg
2019-11-07 00:00:00,3,0,2,Harju maakond,0,Kokkupõrge,Valge aeg
2019-11-07 00:00:00,2,0,1,Harju maakond,1,Jalakäijaõnnetus,Valge aeg
2019-11-07 00:00:00,3,0,1,Ida-Viru maakond,0,Muu liiklusõnnetus,Valge aeg
2019-12-07 00:00:00,2,0,1,Tartu maakond,0,Kokkupõrge,Valge aeg
2019-12-07 00:00:00,1,0,1,Lääne-Viru maakond,0,Ühesõidukiõnnetus,Valge aeg
2019-12-07 00:00:00,4,0,2,Tartu maakond,0,Kokkupõrge,Valge aeg
2019-12-07 00:00:00,3,0,1,Lääne-Viru maakond,0,Kokkupõrge,Valge aeg
2019-07-13 03:17:00,2,0,1,Harju maakond,1,Jalakäijaõnnetus,Valge aeg
2019-07-13 10:16:00,2,0,1,Pärnu maakond,1,Jalakäijaõnnetus,Valge aeg
2019-07-13 14:23:00,2,0,1,Järva maakond,0,Kokkupõrge,Valge aeg
2019-07-13 14:50:00,2,0,2,Ida-Viru maakond,0,Ühesõidukiõnnetus,Valge aeg
2019-07-14 15:23:00,1,0,1,Viljandi maakond,0,Ühesõidukiõnnetus,Valge aeg
2019-07-15 05:00:00,2,0,1,Harju maakond,1,Jalakäijaõnnetus,Valge aeg
2019-07-15 08:48:00,1,0,1,Pärnu maakond,0,Ühesõidukiõnnetus,Valge aeg
2019-07-15 08:50:00,2,0,1,Harju maakond,0,Kokkupõrge,Valge aeg
2019-07-15 10:23:00,2,0,1,Harju maakond,0,Kokkupõrge,Valge aeg
2019-07-15 14:19:00,3,0,1,Harju maakond,0,Kokkupõrge,Valge aeg
2019-07-15 14:00:00,4,0,3,Harju maakond,0,Kokkupõrge,Valge aeg
2019-07-15 14:35:00,3,0,1,Harju maakond,0,Muu liiklusõnnetus,Valge aeg
2019-07-16 14:28:00,2,0,1,Harju maakond,0,Muu liiklusõnnetus,Valge aeg
2019-07-16 14:47:00,2,0,1,Harju maakond,1,Jalakäijaõnnetus,Valge aeg
2019-07-16 16:05:00,2,0,1,Pärnu maakond,0,Ühesõidukiõnnetus,Valge aeg
2019-07-16 22:15:00,1,0,1,Harju maakond,0,Ühesõidukiõnnetus,Pimeda aeg
2019-07-17 16:15:00,2,0,1,Harju maakond,0,Muu liiklusõnnetus,Valge aeg
2019-07-17 16:48:00,2,0,1,Harju maakond,0,Kokkupõrge,Valge aeg
2019-07-17 17:18:00,1,0,1,Saare maakond,0,Ühesõidukiõnnetus,Valge aeg
2019-07-17 17:10:00,1,0,1,Harju maakond,0,Ühesõidukiõnnetus,Valge aeg
2019-07-17 17:48:00,2,0,1,Harju maakond,1,Jalakäijaõnnetus,Valge aeg
2019-07-17 18:49:00,1,0,1,Harju maakond,0,Ühesõidukiõnnetus,Valge aeg
2019-07-17 19:39:00,1,0,1,Harju maakond,0,Muu liiklusõnnetus,Valge aeg
2019-07-18 09:00:00,1,1,0,Viljandi maakond,0,Ühesõidukiõnnetus,Valge aeg
2019-07-18 10:35:00,1,0,1,Harju maakond,1,Jalakäijaõnnetus,Valge aeg
2019-07-18 13:08:00,24,0,23,Harju maakond,0,Kokkupõrge,Valge aeg
2019-07-18 14:22:00,2,0,1,Saare maakond,0,Kokkupõrge,Valge aeg
2019-07-18 16:35:00,2,0,1,Ida-Viru maakond,0,Kokkupõrge,Valge aeg
2019-07-18 18:22:00,4,0,4,Harju maakond,0,Ühesõidukiõnnetus,Valge aeg
2019-07-18 18:31:00,1,0,1,Harju maakond,1,Jalakäijaõnnetus,Valge aeg
2019-07-18 21:35:00,2,0,1,Rapla maakond,0,Kokkupõrge,Valge aeg
2019-07-18 21:47:00,2,0,1,Harju maakond,0,Ühesõidukiõnnetus,Pimeda aeg
2019-07-19 15:55:00,1,0,1,Lääne maakond,0,Ühesõidukiõnnetus,Valge aeg
2019-07-19 21:02:00,3,0,1,Tartu maakond,1,Jalakäijaõnnetus,Valge aeg
2019-07-20 10:39:00,5,0,5,Harju maakond,0,Kokkupõrge,Valge aeg
2019-07-20 14:35:00,2,0,1,Pärnu maakond,1,Jalakäijaõnnetus,Valge aeg
2019-07-20 16:40:00,2,0,1,Harju maakond,0,Kokkupõrge,Valge aeg
2019-07-20 17:47:00,1,0,1,Harju maakond,0,Ühesõidukiõnnetus,Valge aeg
2019-07-20 18:30:00,4,0,1,Ida-Viru maakond,0,Kokkupõrge,Valge aeg
2019-07-20 23:10:00,2,0,1,Harju maakond,0,Muu liiklusõnnetus,Pimeda aeg
2019-07-21 01:08:00,1,0,1,Harju maakond,0,Ühesõidukiõnnetus,Pimeda aeg
2019-07-21 11:28:00,1,0,1,Tartu maakond,0,Ühesõidukiõnnetus,Valge aeg
2019-07-21 12:55:00,2,0,2,Harju maakond,1,Jalakäijaõnnetus,Valge aeg
2019-07-21 13:09:00,2,0,1,Ida-Viru maakond,1,Jalakäijaõnnetus,Valge aeg
2019-07-21 19:40:00,2,0,1,Ida-Viru maakond,1,Jalakäijaõnnetus,Valge aeg
2019-07-21 22:20:00,2,0,1,Harju maakond,0,Kokkupõrge,Pimeda aeg
2019-07-22 00:40:00,2,0,1,Harju maakond,0,Kokkupõrge,Pimeda aeg
2019-07-22 15:10:00,5,0,5,Harju maakond,0,Kokkupõrge,Valge aeg
2019-07-22 16:28:00,2,0,1,Harju maakond,0,Kokkupõrge,Valge aeg
2019-07-22 20:18:00,1,0,1,Harju maakond,0,Ühesõidukiõnnetus,Valge aeg
2019-07-22 22:00:00,2,0,2,Järva maakond,0,Ühesõidukiõnnetus,Pimeda aeg
2019-07-23 09:30:00,2,0,1,Harju maakond,0,Kokkupõrge,Valge aeg
2019-07-23 12:25:00,2,0,1,Ida-Viru maakond,0,Kokkupõrge,Valge aeg
2019-07-23 13:36:00,2,0,1,Harju maakond,1,Jalakäijaõnnetus,Valge aeg
2019-07-23 14:20:00,2,0,2,Harju maakond,0,Ühesõidukiõnnetus,Valge aeg
2019-07-23 15:45:00,3,0,1,Tartu maakond,0,Kokkupõrge,Valge aeg
2019-07-23 15:51:00,2,0,1,Harju maakond,0,Kokkupõrge,Valge aeg
2019-07-23 18:50:00,1,0,1,Pärnu maakond,0,Ühesõidukiõnnetus,Valge aeg
2019-07-23 19:05:00,1,0,1,Harju maakond,0,Muu liiklusõnnetus,Valge aeg
2019-07-24 06:39:00,1,0,1,Jõgeva maakond,0,Ühesõidukiõnnetus,Valge aeg
2019-07-24 07:56:00,2,0,1,Jõgeva maakond,0,Kokkupõrge,Valge aeg