date,persons_involved,killed,injured,county,pedestrian_involved,accident_type,light_conditions
2019-07-24 15:41:00,2,0,1,Tartu maakond,0,Kokkupõrge,Valge aeg
2019-07-24 19:55:00,2,0,1,Harju maakond,1,Jalakäijaõnnetus,Valge aeg
2019-07-24 21:16:00,2,0,1,Harju maakond,1,Jalakäijaõnnetus,Valge aeg
2019-07-25 16:21:00,1,0,1,Harju maakond,0,Kokkupõrge,Valge aeg
2019-07-25 19:17:00,1,0,1,Tartu maakond,0,Muu liiklusõnnetus,Valge aeg
2019-07-25 19:20:00,7,0,4,Harju maakond,0,Kokkupõrge,Valge aeg
2019-07-25 21:45:00,2,0,1,Harju maakond,0,Kokkupõrge,Pimeda aeg
2019-07-26 04:30:00,3,0,1,Rapla maakond,0,Muu liiklusõnnetus,Valge aeg
2019-07-26 13:01:00,2,0,1,Harju maakond,0,Kokkupõrge,Valge aeg
2019-07-26 13:22:00,2,0,1,Harju maakond,0,Kokkupõrge,Valge aeg
2019-07-26 13:49:00,1,0,1,Harju maakond,0,Ühesõidukiõnnetus,Valge aeg
2019-07-26 14:19:00,2,0,1,Harju maakond,1,Jalakäijaõnnetus,Valge aeg
2019-07-26 16:48:00,1,0,1,Harju maakond,0,Ühesõidukiõnnetus,Valge aeg
2019-07-26 19:40:00,2,0,1,Tartu maakond,0,Kokkupõrge,Valge aeg
2019-07-26 19:46:00,1,0,1,Jõgeva maakond,0,Ühesõidukiõnnetus,Valge aeg
2019-07-27 06:14:00,1,0,1,Harju maakond,0,Ühesõidukiõnnetus,Valge aeg
2019-07-27 11:18:00,2,0,1,Valga maakond,0,Kokkupõrge,Valge aeg
2019-07-27 14:22:00,4,1,3,Lääne maakond,0,Kokkupõrge,Valge aeg
2019-07-27 14:34:00,1,0,1,Harju maakond,0,Muu liiklusõnnetus,Valge aeg
2019-07-27 20:13:00,2,0,1,Rapla maakond,0,Kokkupõrge,Valge aeg
2019-07-28 09:00:00,2,0,1,Harju maakond,0,Kokkupõrge,Valge aeg
2019-07-28 11:35:00,2,0,1,Pärnu maakond,0,Ühesõidukiõnnetus,Valge aeg
2019-07-28 12:43:00,2,1,1,Jõgeva maakond,0,Ühesõidukiõnnetus,Valge aeg
2019-07-28 14:33:00,2,0,1,Harju maakond,0,Muu liiklusõnnetus,Valge aeg
2019-07-28 18:28:00,2,0,2,Harju maakond,0,Ühesõidukiõnnetus,Valge aeg
2019-07-28 19:52:00,1,0,1,Harju maakond,0,Muu liiklusõnnetus,Pimeda aeg
2019-07-28 20:35:00,1,0,1,Harju maakond,0,Muu liiklusõnnetus,Valge aeg
2019-07-29 12:25:00,2,0,1,Järva maakond,0,Kokkupõrge,Valge aeg
2019-07-29 12:00:00,2,0,1,Võru maakond,1,Jalakäijaõnnetus,Valge aeg
2019-07-29 14:57:00,1,0,1,Järva maakond,0,Ühesõidukiõnnetus,Valge aeg
2019-07-29 14:40:00,2,0,1,Harju maakond,0,Kokkupõrge,Valge aeg
2019-07-29 17:00:00,3,0,2,Ida-Viru maakond,1,Jalakäijaõnnetus,Valge aeg
2019-07-29 22:05:00,1,0,1,Harju maakond,0,Ühesõidukiõnnetus,Pimeda aeg
2019-07-30 00:05:00,1,0,1,Lääne maakond,0,Muu liiklusõnnetus,Pimeda aeg
2019-07-30 12:50:00,1,0,1,Ida-Viru maakond,1,Muu liiklusõnnetus,Valge aeg
2019-07-30 14:06:00,2,0,1,Harju maakond,1,Jalakäijaõnnetus,Valge aeg
2019-07-30 19:01:00,1,0,1,Harju maakond,0,Ühesõidukiõnnetus,Valge aeg
2019-07-31 14:02:00,2,0,1,Saare maakond,0,Kokkupõrge,Valge aeg
2019-07-31 17:03:00,1,0,1,Harju maakond,1,Jalakäijaõnnetus,Valge aeg
2019-07-31 17:45:00,2,0,1,Harju maakond,0,Ühesõidukiõnnetus,Valge aeg
2019-07-31 18:48:00,2,0,1,Tartu maakond,0,Kokkupõrge,Valge aeg
2019-07-31 21:38:00,2,0,1,Tartu maakond,0,Ühesõidukiõnnetus,Valge aeg
2019-01-08 00:00:00,2,0,1,Järva maakond,0,Kokkupõrge,Pimeda aeg
2019-01-08 00:00:00,1,0,1,Viljandi maakond,0,Ühesõidukiõnnetus,Valge aeg
2019-01-08 00:00:00,2,0,1,Harju maakond,0,Kokkupõrge,Valge aeg
2019-01-08 00:00:00,2,0,1,Harju maakond,0,Kokkupõrge,Valge aeg
2019-01-08 00:00:00,2,0,1,Harju maakond,1,Jalakäijaõnnetus,Valge aeg
2019-01-08 00:00:00,2,0,1,Harju maakond,0,Kokkupõrge,Pimeda aeg
2019-01-08 00:00:00,5,0,1,Pärnu maakond,1,Jalakäijaõnnetus,Pimeda aeg
2019-02-08 00:00:00,1,0,1,Jõgeva maakond,0,Ühesõidukiõnnetus,Valge aeg
2019-02-08 00:00:00,1,0,1,Harju maakond,0,Ühesõidukiõnnetus,Valge aeg
2019-02-08 00:00:00,3,0,2,Harju maakond,0,Muu liiklusõnnetus,Valge aeg
2019-02-08 00:00:00,3,0,1,Viljandi maakond,0,Kokkupõrge,Pimeda aeg
2019-03-08 00:00:00,1,0,1,Harju maakond,0,Ühesõidukiõnnetus,Pimeda aeg
2019-03-08 00:00:00,2,0,1,Pärnu maakond,1,Jalakäijaõnnetus,Valge aeg
2019-03-08 00:00:00,2,0,1,Lääne-Viru maakond,0,Kokkupõrge,Valge aeg
2019-03-08 00:00:00,2,0,1,Harju maakond,1,Jalakäijaõnnetus,Valge aeg
2019-03-08 00:00:00,3,0,1,Harju maakond,0,Kokkupõrge,Pimeda aeg
2019-04-08 00:00:00,2,0,1,Harju maakond,0,Muu liiklusõnnetus,Valge aeg
2019-05-08 00:00:00,2,0,1,Tartu maakond,0,Kokkupõrge,Valge aeg
2019-05-08 00:00:00,1,0,1,Võru maakond,0,Muu liiklusõnnetus,Valge aeg
2019-05-08 00:00:00,2,0,1,Harju maakond,0,Kokkupõrge,Valge aeg
2019-05-08 00:00:00,4,0,2,Tartu maakond,0,Kokkupõrge,Pimeda aeg
2019-06-08 00:00:00,2,0,1,Harju maakond,0,Kokkupõrge,Valge aeg
2019-06-08 00:00:00,5,1,2,Tartu maakond,0,Kokkupõrge,Valge aeg
2019-06-08 00:00:00,2,0,1,Järva maakond,0,Kokkupõrge,Valge aeg
2019-07-08 00:00:00,1,0,1,Pärnu maakond,0,Muu liiklusõnnetus,Valge aeg
2019-07-08 00:00:00,2,0,1,Harju maakond,0,Muu liiklusõnnetus,Valge aeg
2019-07-08 00:00:00,2,0,1,Harju maakond,0,Kokkupõrge,Valge aeg
2019-07-08 00:00:00,2,0,1,Harju maakond,0,Kokkupõrge,Valge aeg
2019-08-08 00:00:00,2,0,1,Harju maakond,1,Jalakäijaõnnetus,Valge aeg
2019-08-08 00:00:00,2,0,1,Pärnu maakond,0,Kokkupõrge,Valge aeg
2019-08-08 00:00:00,1,0,1,Järva maakond,0,Ühesõidukiõnnetus,Valge aeg
2019-08-08 00:00:00,1,0,1,Harju maakond,0,Ühesõidukiõnnetus,Valge aeg
2019-08-08 00:00:00,4,0,2,Harju maakond,0,Kokkupõrge,Valge aeg
2019-08-08 00:00:00,1,0,1,Pärnu maakond,0,Muu liiklusõnnetus,Valge aeg
2019-08-08 00:00:00,2,0,1,Harju maakond,0,Kokkupõrge,Valge aeg
2019-08-08 00:00:00,1,0,1,Harju maakond,0,Ühesõidukiõnnetus,Valge aeg
2019-10-08 00:00:00,1,1,0,Tartu maakond,0,Ühesõidukiõnnetus,Valge aeg
2019-10-08 00:00:00,2,0,1,Harju maakond,0,Kokkupõrge,Pimeda aeg
2019-10-08 00:00:00,3,0,3,Harju maakond,0,Kokkupõrge,Pimeda aeg
2019-11-08 00:00:00,3,1,2,Ida-Viru maakond,0,Ühesõidukiõnnetus,Pimeda aeg
2019-11-08 00:00:00,1,0,1,Ida-Viru maakond,1,Jalakäijaõnnetus,Valge aeg
2019-11-08 00:00:00,1,0,1,Harju maakond,0,Ühesõidukiõnnetus,Valge aeg
2019-11-08 00:00:00,4,0,2,Tartu maakond,0,Kokkupõrge,Valge aeg
2019-11-08 00:00:00,1,0,1,Viljandi maakond,0,Ühesõidukiõnnetus,Valge aeg
2019-12-08 00:00:00,1,0,1,Pärnu maakond,0,Muu liiklusõnnetus,Valge aeg
2019-12-08 00:00:00,2,0,1,Harju maakond,1,Jalakäijaõnnetus,Valge aeg
2019-12-08 00:00:00,1,1,0,Harju maakond,0,Ühesõidukiõnnetus,Valge aeg
2019-12-08 00:00:00,1,0,1,Ida-Viru maakond,0,Ühesõidukiõnnetus,Valge aeg
2019-12-08 00:00:00,1,0,1,Tartu maakond,0,Kokkupõrge,Valge aeg
2019-12-08 00:00:00,2,0,1,Harju maakond,1,Jalakäijaõnnetus,Valge aeg
2019-08-13 15:50:00,2,0,1,Ida-Viru maakond,0,Kokkupõrge,Valge aeg
2019-08-13 16:56:00,2,0,1,Tartu maakond,1,Jalakäijaõnnetus,Valge aeg
2019-08-13 17:16:00,2,0,1,Harju maakond,1,Jalakäijaõnnetus,Valge aeg
2019-08-13 21:35:00,1,0,1,Lääne-Viru maakond,0,Ühesõidukiõnnetus,Valge aeg
2019-08-13 22:10:00,3,0,1,Harju maakond,0,Kokkupõrge,Pimeda aeg
2019-08-13 22:47:00,1,0,1,Harju maakond,0,Ühesõidukiõnnetus,Pimeda aeg
2019-08-14 04:50:00,3,0,2,Harju maakond,0,Ühesõidukiõnnetus,Valge aeg
2019-08-14 13:36:00,2,0,1,Pärnu maakond,1,Jalakäijaõnnetus,Valge aeg
2019-08-14 18:00:00,2,0,1,Ida-Viru maakond,1,Jalakäijaõnnetus,Valge aeg
2019-08-14 21:49:00,1,0,1,Harju maakond,0,Ühesõidukiõnnetus,Pimeda aeg
2019-08-15 16:00:00,3,0,2,Harju maakond,0,Kokkupõrge,Valge aeg
2019-08-14 13:50:00,1,0,1,Harju maakond,0,Muu liiklusõnnetus,Valge aeg
2019-08-16 10:25:00,1,0,1,Lääne-Viru maakond,0,Ühesõidukiõnnetus,Valge aeg
2019-08-16 15:05:00,5,0,2,Ida-Viru maakond,0,Kokkupõrge,Valge aeg
2019-08-16 15:37:00,1,0,1,Saare maakond,0,Ühesõidukiõnnetus,Valge aeg
2019-08-16 19:55:00,2,0,1,Harju maakond,0,Kokkupõrge,Valge aeg
2019-08-16 20:20:00,1,0,1,Harju maakond,0,Ühesõidukiõnnetus,Valge aeg
2019-08-16 21:47:00,5,0,1,Pärnu maakond,0,Kokkupõrge,Pimeda aeg
2019-08-16 23:06:00,4,0,1,Põlva maakond,0,Kokkupõrge,Pimeda aeg
2019-08-16 23:30:00,1,0,1,Viljandi maakond,0,Ühesõidukiõnnetus,Pimeda aeg
2019-08-17 12:59:00,1,0,1,Lääne maakond,0,Ühesõidukiõnnetus,Valge aeg
2019-08-17 00:00:00,1,0,1,Tartu maakond,1,Jalakäijaõnnetus,Valge aeg
2019-08-17 14:32:00,1,0,1,Harju maakond,0,Ühesõidukiõnnetus,Valge aeg
2019-08-18 10:32:00,2,0,1,Jõgeva maakond,1,Jalakäijaõnnetus,Valge aeg
2019-08-18 11:39:00,1,0,1,Harju maakond,0,Ühesõidukiõnnetus,Valge aeg
2019-08-18 12:32:00,1,0,1,Harju maakond,0,Ühesõidukiõnnetus,Valge aeg
2019-08-18 14:32:00,2,0,1,Harju maakond,1,Jalakäijaõnnetus,Valge aeg
2019-08-18 14:37:00,1,0,1,Saare maakond,0,Ühesõidukiõnnetus,Valge aeg
2019-08-18 16:15:00,1,0,1,Harju maakond,0,Ühesõidukiõnnetus,Valge aeg
2019-08-19 16:02:00,1,0,1,Tartu maakond,0,Ühesõidukiõnnetus,Valge aeg
2019-08-19 18:44:00,2,1,0,Harju maakond,0,Kokkupõrge,Valge aeg
2019-08-19 21:37:00,2,0,1,Tartu maakond,0,Muu liiklusõnnetus,Pimeda aeg
2019-08-20 08:00:00,2,0,1,Harju maakond,0,Kokkupõrge,Valge aeg
2019-08-20 22:09:00,1,0,1,Pärnu maakond,0,Ühesõidukiõnnetus,Pimeda aeg
2019-08-21 08:30:00,1,0,1,Jõgeva maakond,0,Ühesõidukiõnnetus,Valge aeg
2019-08-21 10:42:00,2,1,0,Harju maakond,0,Muu liiklusõnnetus,Valge aeg
2019-08-21 11:44:00,2,0,1,Harju maakond,1,Kokkupõrge,Valge aeg
2019-08-21 14:50:00,2,0,1,Harju maakond,0,Kokkupõrge,Valge aeg
2019-08-22 07:25:00,2,0,1,Valga maakond,0,Kokkupõrge,Valge aeg
2019-08-22 11:55:00,2,0,1,Harju maakond,1,Jalakäijaõnnetus,Valge aeg
2019-08-22 11:56:00,1,0,1,Pärnu maakond,0,Ühesõidukiõnnetus,Valge aeg
2019-08-22 12:40:00,1,0,1,Ida-Viru maakond,0,Ühesõidukiõnnetus,Valge aeg
2019-08-22 14:24:00,2,0,1,Harju maakond,0,Kokkupõrge,Valge aeg
2019-08-22 17:44:00,1,0,1,Harju maakond,0,Ühesõidukiõnnetus,Valge aeg
2019-08-23 08:17:00,2,0,1,Harju maakond,0,Muu liiklusõnnetus,Valge aeg
2019-08-23 10:22:00,2,0,1,Ida-Viru maakond,1,Jalakäijaõnnetus,Valge aeg
2019-08-23 15:20:00,1,0,1,Harju maakond,0,Ühesõidukiõnnetus,Valge aeg
2019-08-23 17:24:00,4,0,3,Jõgeva maakond,0,Kokkupõrge,Valge aeg
2019-08-24 06:45:00,2,0,1,Lääne-Viru maakond,0,Ühesõidukiõnnetus,Valge aeg
2019-08-24 14:09:00,1,0,1,Rapla maakond,0,Ühesõidukiõnnetus,Valge aeg
2019-08-24 20:53:00,1,0,1,Harju maakond,0,Ühesõidukiõnnetus,Pimeda aeg
2019-08-24 23:39:00,1,0,1,Harju maakond,0,Ühesõidukiõnnetus,Pimeda aeg
2019-08-25 12:18:00,2,0,1,Jõgeva maakond,0,Kokkupõrge,Valge aeg
2019-08-25 16:33:00,1,0,1,Harju maakond,0,Kokkupõrge,Valge aeg
2019-08-25 17:45:00,3,0,2,Võru maakond,0,Ühesõidukiõnnetus,Valge aeg
2019-08-26 14:19:00,2,0,1,Tartu maakond,1,Muu liiklusõnnetus,Valge aeg
2019-08-26 15:30:00,1,0,1,Tartu maakond,0,Ühesõidukiõnnetus,Valge aeg
2019-08-26 15:53:00,2,0,1,Pärnu maakond,0,Kokkupõrge,Valge aeg
2019-08-26 16:00:00,3,0,1,Harju maakond,0,Kokkupõrge,Valge aeg
2019-08-26 19:14:00,2,0,1,Harju maakond,0,Kokkupõrge,Valge aeg
2019-08-26 20:30:00,2,0,1,Lääne-Viru maakond,0,Kokkupõrge,Valge aeg
2019-08-26 21:16:00,1,0,1,Harju maakond,0,Ühesõidukiõnnetus,Pimeda aeg
2019-08-27 06:25:00,1,0,1,Harju maakond,0,Ühesõidukiõnnetus,Valge aeg
2019-08-27 15:53:00,2,0,1,Harju maakond,0,Kokkupõrge,Valge aeg
2019-08-28 09:16:00,2,0,1,Harju maakond,0,Kokkupõrge,Valge aeg
2019-08-28 16:01:00,3,0,1,Harju maakond,0,Kokkupõrge,Valge aeg
2019-08-28 16:49:00,2,0,1,Harju maakond,0,Kokkupõrge,Valge aeg
2019-08-28 16:56:00,1,0,1,Tartu maakond,0,Muu liiklusõnnetus,Valge aeg
2019-08-28 17:15:00,1,0,1,Harju maakond,0,Ühesõidukiõnnetus,Valge aeg
2019-08-28 19:04:00,2,0,1,Harju maakond,1,Jalakäijaõnnetus,Valge aeg
2019-08-28 19:00:00,2,0,1,Harju maakond,0,Teadmata,Valge aeg
2019-08-28 19:18:00,1,0,1,Harju maakond,1,Jalakäijaõnnetus,Pimeda aeg
2019-08-29 12:20:00,2,0,1,Jõgeva maakond,0,Muu liiklusõnnetus,Valge aeg
2019-08-29 17:30:00,3,0,1,Harju maakond,0,Kokkupõrge,Valge aeg
2019-08-29 19:55:00,2,0,1,Ida-Viru maakond,0,Kokkupõrge,Valge aeg
2019-08-29 20:37:00,2,0,1,Põlva maakond,0,Kokkupõrge,Pimeda aeg
2019-08-29 23:34:00,2,0,1,Võru maakond,0,Kokkupõrge,Pimeda aeg
2019-08-29 23:36:00,1,0,1,Harju maakond,0,Ühesõidukiõnnetus,Pimeda aeg
2019-08-30 08:29:00,2,1,0,Lääne-Viru maakond,0,Kokkupõrge,Valge aeg
2019-08-30 16:54:00,4,0,3,Harju maakond,0,Kokkupõrge,Valge aeg
2019-08-30 16:55:00,1,0,1,Viljandi maakond,0,Ühesõidukiõnnetus,Valge aeg
2019-08-30 18:47:00,2,0,1,Harju maakond,1,Jalakäijaõnnetus,Valge aeg
2019-08-31 12:20:00,4,0,1,Pärnu maakond,0,Kokkupõrge,Valge aeg
2019-08-31 12:35:00,4,0,2,Harju maakond,0,Kokkupõrge,Valge aeg
2019-08-31 12:30:00,1,0,1,Pärnu maakond,0,Ühesõidukiõnnetus,Valge aeg
2019-08-31 15:57:00,1,0,1,Tartu maakond,0,Muu liiklusõnnetus,Valge aeg
2019-08-31 16:50:00,3,0,1,Harju maakond,0,Kokkupõrge,Valge aeg
2019-08-31 19:56:00,2,0,1,Pärnu maakond,1,Jalakäijaõnnetus,Valge aeg
2019-08-31 20:30:00,1,0,1,Ida-Viru maakond,0,Kokkupõrge,Pimeda aeg
2019-08-31 20:23:00,1,0,1,Ida-Viru maakond,0,Ühesõidukiõnnetus,Pimeda aeg
2019-08-30 19:30:00,1,0,1,Tartu maakond,0,Jalakäijaõnnetus,Valge aeg
2019-01-09 00:00:00,2,0,1,Harju maakond,0,Kokkupõrge,Valge aeg
2019-01-09 00:00:00,2,0,1,Harju maakond,0,Kokkupõrge,Valge aeg
2019-01-09 00:00:00,2,0,1,Harju maakond,0,Ühesõidukiõnnetus,Valge aeg
2019-01-09 00:00:00,3,0,1,Ida-Viru maakond,0,Jalakäijaõnnetus,Valge aeg
2019-01-09 00:00:00,2,0,1,Harju maakond,1,Jalakäijaõnnetus,Valge aeg
2019-01-09 00:00:00,2,0,1,Tartu maakond,0,Muu liiklusõnnetus,Valge aeg
2019-01-09 00:00:00,2,0,2,Harju maakond,0,Muu liiklusõnnetus,Pimeda aeg
2019-01-09 00:00:00,2,0,1,Harju maakond,1,Jalakäijaõnnetus,Pimeda aeg
2019-01-09 00:00:00,1,0,1,Lääne maakond,0,Kokkupõrge,Pimeda aeg
2019-02-09 00:00:00,2,0,1,Harju maakond,1,Jalakäijaõnnetus,Valge aeg
2019-02-09 00:00:00,3,0,1,Harju maakond,0,Kokkupõrge,Valge aeg
2019-02-09 00:00:00,3,0,2,Jõgeva maakond,0,Ühesõidukiõnnetus,Valge aeg
2019-02-09 00:00:00,2,0,1,Harju maakond,1,Jalakäijaõnnetus,Valge aeg
2019-02-09 00:00:00,2,0,1,Harju maakond,0,Muu liiklusõnnetus,Valge aeg
2019-02-09 00:00:00,1,0,1,Järva maakond,0,Ühesõidukiõnnetus,Valge aeg
2019-02-09 00:00:00,1,0,1,Harju maakond,0,Ühesõidukiõnnetus,Valge aeg
2019-02-09 00:00:00,2,0,1,Harju maakond,0,Kokkupõrge,Valge aeg
2019-02-09 00:00:00,2,0,1,Põlva maakond,0,Ühesõidukiõnnetus,Valge aeg
2019-03-09 00:00:00,2,0,1,Harju maakond,0,Muu liiklusõnnetus,Valge aeg
2019-03-09 00:00:00,2,0,1,Tartu maakond,0,Kokkupõrge,Valge aeg
2019-03-09 00:00:00,1,0,1,Harju maakond,0,Ühesõidukiõnnetus,Valge aeg
2019-03-09 00:00:00,2,0,1,Tartu maakond,1,Jalakäijaõnnetus,Valge aeg
2019-03-09 00:00:00,1,0,1,Harju maakond,0,Ühesõidukiõnnetus,Pimeda aeg
2019-04-09 00:00:00,2,0,1,Harju maakond,0,Muu liiklusõnnetus,Valge aeg
2019-04-09 00:00:00,2,0,1,Harju maakond,1,Jalakäijaõnnetus,Valge aeg
2019-04-09 00:00:00,1,0,1,Harju maakond,0,Muu liiklusõnnetus,Valge aeg
2019-04-09 00:00:00,2,0,1,Harju maakond,0,Kokkupõrge,Pimeda aeg
2019-05-09 00:00:00,3,0,1,Harju maakond,0,Kokkupõrge,Valge aeg
2019-05-09 00:00:00,1,0,1,Harju maakond,0,Ühesõidukiõnnetus,Valge aeg
2019-05-09 00:00:00,2,0,1,Tartu maakond,0,Kokkupõrge,Valge aeg
2019-06-09 00:00:00,2,0,1,Pärnu maakond,0,Kokkupõrge,Valge aeg
2019-06-09 00:00:00,1,0,1,Tartu maakond,0,Ühesõidukiõnnetus,Valge aeg
2019-06-09 00:00:00,3,0,1,Lääne-Viru maakond,0,Kokkupõrge,Valge aeg
2019-06-09 00:00:00,2,0,1,Harju maakond,0,Muu liiklusõnnetus,Valge aeg
2019-06-09 00:00:00,1,0,1,Ida-Viru maakond,0,Ühesõidukiõnnetus,Valge aeg
2019-06-09 00:00:00,2,0,1,Harju maakond,1,Jalakäijaõnnetus,Valge aeg
2019-06-09 00:00:00,2,0,2,Harju maakond,0,Ühesõidukiõnnetus,Pimeda aeg
2019-07-09 00:00:00,5,0,5,Harju maakond,0,Kokkupõrge,Valge aeg
2019-07-09 00:00:00,2,0,1,Harju maakond,0,Kokkupõrge,Valge aeg
2019-07-09 00:00:00,2,0,1,Jõgeva maakond,1,Ühesõidukiõnnetus,Valge aeg
2019-07-09 00:00:00,2,0,1,Tartu maakond,0,Kokkupõrge,Valge aeg
2019-07-09 00:00:00,2,0,1,Harju maakond,0,Kokkupõrge,Valge aeg
2019-07-09 00:00:00,2,1,0,Viljandi maakond,0,Ühesõidukiõnnetus,Valge aeg
2019-08-09 00:00:00,3,0,1,Harju maakond,0,Kokkupõrge,Valge aeg
2019-08-09 00:00:00,2,0,1,Harju maakond,0,Kokkupõrge,Pimeda aeg
2019-09-09 00:00:00,1,0,1,Harju maakond,0,Ühesõidukiõnnetus,Valge aeg
2019-09-09 00:00:00,2,0,1,Harju maakond,0,Kokkupõrge,Valge aeg
2019-09-09 00:00:00,3,0,1,Lääne-Viru maakond,0,Kokkupõrge,Valge aeg
2019-09-09 00:00:00,2,0,1,Harju maakond,0,Kokkupõrge,Pimeda aeg
2019-10-09 00:00:00,1,0,1,Tartu maakond,0,Kokkupõrge,Valge aeg
2019-10-09 00:00:00,2,0,1,Harju maakond,1,Jalakäijaõnnetus,Valge aeg
2019-10-09 00:00:00,2,0,1,Harju maakond,1,Jalakäijaõnnetus,Valge aeg
2019-11-09 00:00:00,1,0,1,Harju maakond,0,Ühesõidukiõnnetus,Valge aeg
2019-11-09 00:00:00,2,0,1,Tartu maakond,0,Kokkupõrge,Valge aeg
2019-11-09 00:00:00,4,0,1,Harju maakond,0,Kokkupõrge,Valge aeg
2019-11-09 00:00:00,1,0,1,Harju maakond,0,Ühesõidukiõnnetus,Valge aeg
2019-11-09 00:00:00,2,0,1,Pärnu maakond,0,Kokkupõrge,Valge aeg
2019-12-09 00:00:00,2,0,1,Lääne-Viru maakond,0,Kokkupõrge,Valge aeg
2019-12-09 00:00:00,3,0,2,Põlva maakond,0,Kokkupõrge,Pimeda aeg
2019-12-09 00:00:00,2,0,1,Harju maakond,1,Jalakäijaõnnetus,Valge aeg
2019-12-09 00:00:00,2,0,1,Harju maakond,0,Kokkupõrge,Valge aeg
2019-12-09 00:00:00,2,0,1,Harju maakond,1,Jalakäijaõnnetus,Valge aeg
2019-12-09 00:00:00,1,0,1,Ida-Viru maakond,0,Muu liiklusõnnetus,Valge aeg
2019-12-09 00:00:00,1,0,1,Saare maakond,0,Muu liiklusõnnetus,Valge aeg
2019-12-09 00:00:00,4,0,2,Jõgeva maakond,0,Ühesõidukiõnnetus,Pimeda aeg
2019-09-13 07:05:00,3,0,2,Harju maakond,0,Kokkupõrge,Valge aeg
2019-09-13 07:25:00,2,0,1,Harju maakond,1,Jalakäijaõnnetus,Valge aeg
2019-09-13 12:00:00,2,0,1,Tartu maakond,0,Kokkupõrge,Valge aeg
2019-09-13 15:00:00,2,0,1,Tartu maakond,0,Muu liiklusõnnetus,Valge aeg
2019-09-13 17:30:00,2,0,1,Harju maakond,0,Kokkupõrge,Valge aeg
2019-09-13 18:14:00,1,0,1,Järva maakond,0,Ühesõidukiõnnetus,Valge aeg
2019-09-14 16:16:00,1,0,1,Pärnu maakond,0,Ühesõidukiõnnetus,Valge aeg
2019-09-14 18:00:00,2,0,1,Harju maakond,1,Jalakäijaõnnetus,Valge aeg
2019-09-15 00:23:00,2,0,1,Pärnu maakond,0,Ühesõidukiõnnetus,Pimeda aeg
2019-09-15 01:00:00,1,0,1,Järva maakond,0,Ühesõidukiõnnetus,Pimeda aeg
2019-09-15 15:24:00,2,0,1,Viljandi maakond,1,Ühesõidukiõnnetus,Valge aeg
2019-09-15 16:31:00,7,0,3,Harju maakond,0,Kokkupõrge,Valge aeg
2019-09-15 19:30:00,2,0,1,Ida-Viru maakond,0,Kokkupõrge,Pimeda aeg
2019-09-16 09:09:00,3,0,2,Järva maakond,0,Kokkupõrge,Valge aeg
2019-09-16 17:44:00,2,0,1,Harju maakond,0,Muu liiklusõnnetus,Valge aeg
2019-09-17 08:08:00,2,0,1,Harju maakond,0,Kokkupõrge,Valge aeg
2019-09-17 14:00:00,2,0,1,Ida-Viru maakond,1,Jalakäijaõnnetus,Valge aeg
2019-09-17 17:00:00,3,0,1,Ida-Viru maakond,0,Kokkupõrge,Valge aeg
2019-09-17 18:00:00,2,0,1,Pärnu maakond,1,Jalakäijaõnnetus,Valge aeg
2019-09-18 14:05:00,3,0,1,Harju maakond,0,Muu liiklusõnnetus,Valge aeg
2019-09-18 14:45:00,2,0,1,Ida-Viru maakond,0,Kokkupõrge,Valge aeg
2019-09-19 11:22:00,2,0,1,Pärnu maakond,0,Muu liiklusõnnetus,Valge aeg
2019-09-19 16:32:00,2,0,1,Harju maakond,0,Kokkupõrge,Valge aeg
2019-09-19 21:03:00,2,0,1,Harju maakond,1,Jalakäijaõnnetus,Pimeda aeg
2019-09-20 10:05:00,2,0,1,Harju maakond,1,Jalakäijaõnnetus,Valge aeg
2019-09-20 10:15:00,2,0,1,Lääne-Viru maakond,0,Kokkupõrge,Valge aeg
2019-09-20 16:13:00,2,0,1,Harju maakond,0,Muu liiklusõnnetus,Valge aeg
2019-09-20 21:44:00,2,0,1,Harju maakond,0,Kokkupõrge,Pimeda aeg
2019-09-20 23:00:00,2,0,1,Harju maakond,0,Muu liiklusõnnetus,Pimeda aeg
2019-09-21 14:42:00,1,0,1,Harju maakond,0,Ühesõidukiõnnetus,Valge aeg
2019-09-21 15:02:00,1,0,1,Harju maakond,0,Ühesõidukiõnnetus,Valge aeg
2019-09-21 22:45:00,1,0,1,Põlva maakond,0,Ühesõidukiõnnetus,Pimeda aeg
2019-09-21 21:30:00,1,0,1,Pärnu maakond,0,Muu liiklusõnnetus,Pimeda aeg
2019-09-22 13:29:00,2,0,1,Põlva maakond,1,Ühesõidukiõnnetus,Valge aeg
2019-09-22 14:48:00,1,0,1,Tartu maakond,0,Ühesõidukiõnnetus,Valge aeg
2019-09-22 15:16:00,3,0,3,Tartu maakond,0,Kokkupõrge,Valge aeg
2019-09-23 17:11:00,2,0,1,Harju maakond,0,Kokkupõrge,Valge aeg
2019-09-24 00:50:00,2,0,2,Harju maakond,0,Ühesõidukiõnnetus,Pimeda aeg