date,persons_involved,killed,injured,county,pedestrian_involved,accident_type,light_conditions
2019-09-24 01:35:00,2,1,0,Rapla maakond,0,Kokkupõrge,Pimeda aeg
2019-09-24 07:42:00,1,0,1,Harju maakond,0,Muu liiklusõnnetus,Valge aeg
2019-09-24 11:52:00,2,0,1,Tartu maakond,1,Jalakäijaõnnetus,Valge aeg
2019-09-24 17:41:00,2,0,1,Pärnu maakond,0,Kokkupõrge,Valge aeg
2019-09-25 04:32:00,2,0,2,Ida-Viru maakond,0,Kokkupõrge,Pimeda aeg
2019-09-25 12:34:00,2,0,1,Harju maakond,0,Muu liiklusõnnetus,Valge aeg
2019-09-25 16:46:00,3,0,1,Viljandi maakond,1,Ühesõidukiõnnetus,Valge aeg
2019-09-25 18:42:00,2,0,1,Harju maakond,1,Jalakäijaõnnetus,Valge aeg
2019-09-25 21:10:00,1,0,1,Harju maakond,0,Ühesõidukiõnnetus,Pimeda aeg
2019-09-26 07:33:00,1,0,1,Järva maakond,0,Ühesõidukiõnnetus,Valge aeg
2019-09-26 09:30:00,5,0,3,Jõgeva maakond,0,Kokkupõrge,Valge aeg
2019-09-26 11:55:00,3,0,1,Võru maakond,0,Kokkupõrge,Valge aeg
2019-09-26 13:52:00,2,0,1,Harju maakond,0,Kokkupõrge,Valge aeg
2019-09-26 16:31:00,2,0,1,Harju maakond,0,Muu liiklusõnnetus,Valge aeg
2019-09-26 16:59:00,2,0,1,Harju maakond,0,Kokkupõrge,Valge aeg
2019-09-26 17:12:00,1,0,1,Harju maakond,0,Muu liiklusõnnetus,Valge aeg
2019-09-26 17:40:00,2,0,1,Tartu maakond,1,Jalakäijaõnnetus,Valge aeg
2019-09-26 18:20:00,3,0,1,Pärnu maakond,0,Kokkupõrge,Valge aeg
2019-09-27 12:54:00,2,0,1,Harju maakond,0,Kokkupõrge,Valge aeg
2019-09-27 14:24:00,2,0,1,Harju maakond,1,Jalakäijaõnnetus,Valge aeg
2019-09-27 18:12:00,1,0,1,Harju maakond,0,Muu liiklusõnnetus,Valge aeg
2019-09-28 05:38:00,1,0,1,Tartu maakond,0,Ühesõidukiõnnetus,Pimeda aeg
2019-09-28 11:20:00,2,0,1,Harju maakond,0,Kokkupõrge,Valge aeg
2019-09-28 13:00:00,2,0,1,Harju maakond,0,Kokkupõrge,Valge aeg
2019-09-28 13:30:00,2,0,1,Harju maakond,0,Muu liiklusõnnetus,Valge aeg
2019-09-28 14:18:00,1,0,1,Harju maakond,0,Ühesõidukiõnnetus,Valge aeg
2019-09-28 15:46:00,1,1,0,Harju maakond,0,Ühesõidukiõnnetus,Valge aeg
2019-09-29 16:45:00,3,0,2,Valga maakond,0,Kokkupõrge,Valge aeg
2019-09-29 17:00:00,2,0,1,Harju maakond,0,Ühesõidukiõnnetus,Valge aeg
2019-09-29 19:46:00,1,0,1,Tartu maakond,1,Jalakäijaõnnetus,Pimeda aeg
2019-09-30 07:29:00,2,0,1,Lääne-Viru maakond,1,Jalakäijaõnnetus,Valge aeg
2019-09-30 14:50:00,2,0,1,Tartu maakond,0,Kokkupõrge,Valge aeg
2019-09-30 17:30:00,1,0,1,Lääne-Viru maakond,0,Ühesõidukiõnnetus,Valge aeg
2019-09-30 20:25:00,1,0,1,Harju maakond,1,Jalakäijaõnnetus,Pimeda aeg
2019-09-30 20:59:00,1,0,1,Ida-Viru maakond,0,Ühesõidukiõnnetus,Pimeda aeg
2019-01-10 00:00:00,2,0,1,Harju maakond,0,Kokkupõrge,Valge aeg
2019-01-10 00:00:00,2,0,1,Valga maakond,0,Kokkupõrge,Valge aeg
2019-01-10 00:00:00,2,0,1,Pärnu maakond,1,Jalakäijaõnnetus,Valge aeg
2019-01-10 00:00:00,2,0,1,Harju maakond,1,Jalakäijaõnnetus,Valge aeg
2019-01-10 00:00:00,1,0,1,Harju maakond,0,Ühesõidukiõnnetus,Pimeda aeg
2019-01-10 00:00:00,2,0,1,Harju maakond,1,Jalakäijaõnnetus,Pimeda aeg
2019-02-10 00:00:00,1,0,1,Harju maakond,0,Ühesõidukiõnnetus,Valge aeg
2019-02-10 00:00:00,2,0,1,Harju maakond,1,Jalakäijaõnnetus,Valge aeg
2019-02-10 00:00:00,3,0,1,Lääne-Viru maakond,1,Jalakäijaõnnetus,Valge aeg
2019-04-10 00:00:00,1,0,1,Saare maakond,0,Muu liiklusõnnetus,Valge aeg
2019-04-10 00:00:00,2,0,1,Ida-Viru maakond,1,Jalakäijaõnnetus,Valge aeg
2019-04-10 00:00:00,2,0,1,Pärnu maakond,0,Kokkupõrge,Valge aeg
2019-04-10 00:00:00,1,0,1,Põlva maakond,0,Ühesõidukiõnnetus,Valge aeg
2019-04-10 00:00:00,1,0,1,Tartu maakond,0,Muu liiklusõnnetus,Valge aeg
2019-04-10 00:00:00,1,0,1,Tartu maakond,0,Muu liiklusõnnetus,Valge aeg
2019-04-10 00:00:00,3,0,2,Viljandi maakond,0,Kokkupõrge,Valge aeg
2019-05-10 00:00:00,1,0,1,Lääne-Viru maakond,0,Ühesõidukiõnnetus,Pimeda aeg
2019-05-10 00:00:00,2,0,1,Ida-Viru maakond,0,Ühesõidukiõnnetus,Pimeda aeg
2019-06-10 00:00:00,1,0,1,Pärnu maakond,0,Ühesõidukiõnnetus,Valge aeg
2019-06-10 00:00:00,2,0,1,Lääne-Viru maakond,0,Ühesõidukiõnnetus,Valge aeg
2019-07-10 00:00:00,2,0,1,Harju maakond,1,Jalakäijaõnnetus,Pimeda aeg
2019-07-10 00:00:00,2,0,2,Võru maakond,0,Kokkupõrge,Valge aeg
2019-07-10 00:00:00,2,0,1,Harju maakond,0,Muu liiklusõnnetus,Valge aeg
2019-07-10 00:00:00,2,0,1,Harju maakond,1,Jalakäijaõnnetus,Valge aeg
2019-08-10 00:00:00,2,0,1,Lääne-Viru maakond,1,Jalakäijaõnnetus,Valge aeg
2019-09-10 00:00:00,2,0,1,Tartu maakond,0,Kokkupõrge,Valge aeg
2019-11-10 00:00:00,1,0,1,Harju maakond,0,Ühesõidukiõnnetus,Valge aeg
2019-11-10 00:00:00,2,0,1,Harju maakond,1,Jalakäijaõnnetus,Valge aeg
2019-11-10 00:00:00,2,0,1,Tartu maakond,1,Jalakäijaõnnetus,Valge aeg
2019-11-10 00:00:00,1,0,1,Tartu maakond,0,Ühesõidukiõnnetus,Valge aeg
2019-11-10 00:00:00,1,0,1,Saare maakond,0,Muu liiklusõnnetus,Valge aeg
2019-11-10 00:00:00,2,0,1,Harju maakond,1,Jalakäijaõnnetus,Pimeda aeg
2019-12-10 00:00:00,3,0,1,Harju maakond,0,Kokkupõrge,Pimeda aeg
2019-12-10 00:00:00,2,0,2,Harju maakond,0,Ühesõidukiõnnetus,Pimeda aeg
2019-10-13 10:23:00,2,0,1,Tartu maakond,0,Kokkupõrge,Valge aeg
2019-10-13 13:08:00,1,0,1,Võru maakond,0,Ühesõidukiõnnetus,Valge aeg
2019-10-13 16:19:00,1,0,1,Harju maakond,0,Muu liiklusõnnetus,Valge aeg
2019-10-14 06:44:00,2,0,1,Harju maakond,1,Ühesõidukiõnnetus,Pimeda aeg
2019-10-14 15:45:00,2,0,1,Ida-Viru maakond,1,Jalakäijaõnnetus,Valge aeg
2019-10-14 19:20:00,2,0,1,Ida-Viru maakond,1,Jalakäijaõnnetus,Pimeda aeg
2019-10-15 07:08:00,2,1,0,Harju maakond,1,Jalakäijaõnnetus,Valge aeg
2019-10-15 18:35:00,4,0,2,Harju maakond,0,Kokkupõrge,Pimeda aeg
2019-10-15 20:12:00,1,0,1,Harju maakond,0,Muu liiklusõnnetus,Pimeda aeg
2019-10-16 10:15:00,2,0,1,Harju maakond,1,Jalakäijaõnnetus,Valge aeg
2019-10-16 16:23:00,3,0,1,Harju maakond,0,Kokkupõrge,Valge aeg
2019-10-17 10:45:00,1,0,1,Pärnu maakond,0,Ühesõidukiõnnetus,Valge aeg
2019-10-17 14:28:00,1,0,1,Harju maakond,0,Ühesõidukiõnnetus,Valge aeg
2019-10-18 11:16:00,5,0,3,Ida-Viru maakond,0,Kokkupõrge,Valge aeg
2019-10-18 11:45:00,2,0,1,Harju maakond,0,Kokkupõrge,Valge aeg
2019-10-19 13:35:00,3,0,2,Viljandi maakond,0,Kokkupõrge,Valge aeg
2019-10-19 13:15:00,1,0,1,Valga maakond,0,Ühesõidukiõnnetus,Valge aeg
2019-10-19 16:28:00,2,0,1,Harju maakond,0,Kokkupõrge,Valge aeg
2019-10-21 15:31:00,2,0,1,Harju maakond,1,Jalakäijaõnnetus,Valge aeg
2019-10-22 10:18:00,1,0,1,Ida-Viru maakond,0,Ühesõidukiõnnetus,Valge aeg
2019-10-22 17:20:00,2,0,1,Lääne-Viru maakond,0,Kokkupõrge,Valge aeg
2019-10-23 09:54:00,1,0,1,Harju maakond,0,Muu liiklusõnnetus,Valge aeg
2019-10-23 14:25:00,1,0,1,Lääne-Viru maakond,0,Ühesõidukiõnnetus,Valge aeg
2019-10-23 18:40:00,1,0,1,Harju maakond,1,Jalakäijaõnnetus,Pimeda aeg
2019-10-24 13:50:00,2,0,1,Harju maakond,1,Teadmata,Valge aeg
2019-10-24 16:40:00,4,0,1,Ida-Viru maakond,0,Kokkupõrge,Valge aeg
2019-10-24 18:35:00,3,0,2,Tartu maakond,0,Kokkupõrge,Pimeda aeg
2019-10-25 12:38:00,1,0,1,Harju maakond,0,Ühesõidukiõnnetus,Valge aeg
2019-10-25 13:00:00,2,0,1,Ida-Viru maakond,1,Jalakäijaõnnetus,Valge aeg
2019-10-25 14:53:00,2,0,1,Harju maakond,0,Kokkupõrge,Valge aeg
2019-10-25 15:10:00,2,0,1,Valga maakond,1,Jalakäijaõnnetus,Valge aeg
2019-10-25 20:36:00,2,0,1,Harju maakond,1,Jalakäijaõnnetus,Pimeda aeg
2019-10-26 20:06:00,2,0,1,Harju maakond,1,Jalakäijaõnnetus,Pimeda aeg
2019-10-26 21:00:00,2,0,1,Ida-Viru maakond,1,Jalakäijaõnnetus,Pimeda aeg
2019-10-27 15:37:00,3,0,1,Harju maakond,0,Kokkupõrge,Valge aeg
2019-10-28 06:44:00,3,0,3,Järva maakond,0,Kokkupõrge,Valge aeg
2019-10-28 08:10:00,3,0,2,Viljandi maakond,1,Jalakäijaõnnetus,Valge aeg
2019-10-28 10:23:00,4,0,1,Harju maakond,0,Kokkupõrge,Valge aeg
2019-10-28 14:25:00,1,0,1,Pärnu maakond,0,Ühesõidukiõnnetus,Valge aeg
2019-10-28 15:21:00,3,0,3,Viljandi maakond,0,Ühesõidukiõnnetus,Valge aeg
2019-10-29 06:40:00,3,0,1,Harju maakond,0,Kokkupõrge,Valge aeg
2019-10-29 07:15:00,3,0,2,Harju maakond,0,Muu liiklusõnnetus,Valge aeg
2019-10-29 18:33:00,3,0,3,Lääne maakond,0,Kokkupõrge,Pimeda aeg
2019-10-30 16:00:00,2,0,1,Harju maakond,0,Kokkupõrge,Valge aeg
2019-10-30 18:09:00,2,0,1,Harju maakond,0,Kokkupõrge,Pimeda aeg
2019-10-30 18:52:00,3,0,2,Harju maakond,0,Kokkupõrge,Pimeda aeg
2019-10-30 19:05:00,2,0,1,Viljandi maakond,0,Kokkupõrge,Pimeda aeg
2019-10-31 08:22:00,1,0,1,Harju maakond,0,Ühesõidukiõnnetus,Valge aeg
2019-10-31 10:30:00,2,0,2,Harju maakond,0,Kokkupõrge,Valge aeg
2019-10-31 13:00:00,2,0,1,Harju maakond,0,Kokkupõrge,Valge aeg
2019-01-11 00:00:00,1,0,1,Jõgeva maakond,0,Ühesõidukiõnnetus,Valge aeg
2019-01-11 00:00:00,1,0,1,Harju maakond,0,Ühesõidukiõnnetus,Valge aeg
2019-01-11 00:00:00,1,0,1,Pärnu maakond,0,Ühesõidukiõnnetus,Valge aeg
2019-01-11 00:00:00,2,0,1,Pärnu maakond,0,Kokkupõrge,Valge aeg
2019-01-11 00:00:00,2,0,2,Lääne-Viru maakond,0,Kokkupõrge,Valge aeg
2019-01-11 00:00:00,6,0,3,Järva maakond,0,Kokkupõrge,Valge aeg
2019-01-11 00:00:00,3,0,3,Harju maakond,0,Ühesõidukiõnnetus,Valge aeg
2019-01-11 00:00:00,2,0,1,Harju maakond,1,Jalakäijaõnnetus,Valge aeg
2019-01-11 00:00:00,1,0,1,Harju maakond,0,Ühesõidukiõnnetus,Pimeda aeg
2019-02-11 00:00:00,1,1,0,Tartu maakond,0,Ühesõidukiõnnetus,Valge aeg
2019-02-11 00:00:00,1,0,1,Järva maakond,0,Ühesõidukiõnnetus,Valge aeg
2019-02-11 00:00:00,1,0,1,Tartu maakond,1,Jalakäijaõnnetus,Pimeda aeg
2019-02-11 00:00:00,4,0,3,Järva maakond,0,Kokkupõrge,Pimeda aeg
2019-02-11 00:00:00,3,0,2,Harju maakond,1,Jalakäijaõnnetus,Pimeda aeg
2019-02-11 00:00:00,2,0,1,Harju maakond,1,Jalakäijaõnnetus,Pimeda aeg
2019-03-11 00:00:00,1,0,1,Põlva maakond,0,Ühesõidukiõnnetus,Valge aeg
2019-03-11 00:00:00,2,0,1,Võru maakond,1,Jalakäijaõnnetus,Pimeda aeg
2019-04-11 00:00:00,2,0,1,Ida-Viru maakond,1,Jalakäijaõnnetus,Pimeda aeg
2019-04-11 00:00:00,4,0,1,Viljandi maakond,0,Kokkupõrge,Pimeda aeg
2019-04-11 00:00:00,2,0,1,Ida-Viru maakond,1,Jalakäijaõnnetus,Pimeda aeg
2019-04-11 00:00:00,3,1,2,Järva maakond,0,Kokkupõrge,Pimeda aeg
2019-05-11 00:00:00,2,0,1,Harju maakond,1,Jalakäijaõnnetus,Valge aeg
2019-05-11 00:00:00,2,0,1,Pärnu maakond,1,Jalakäijaõnnetus,Valge aeg
2019-05-11 00:00:00,2,0,1,Harju maakond,1,Jalakäijaõnnetus,Valge aeg
2019-05-11 00:00:00,2,0,1,Tartu maakond,1,Jalakäijaõnnetus,Pimeda aeg
2019-05-11 00:00:00,2,0,1,Harju maakond,0,Muu liiklusõnnetus,Pimeda aeg
2019-06-11 00:00:00,1,0,1,Rapla maakond,0,Ühesõidukiõnnetus,Valge aeg
2019-06-11 00:00:00,1,0,1,Pärnu maakond,0,Ühesõidukiõnnetus,Valge aeg
2019-06-11 00:00:00,4,0,2,Ida-Viru maakond,0,Ühesõidukiõnnetus,Pimeda aeg
2019-07-11 00:00:00,3,0,1,Pärnu maakond,0,Kokkupõrge,Valge aeg
2019-07-11 00:00:00,2,0,1,Harju maakond,1,Jalakäijaõnnetus,Valge aeg
2019-08-11 00:00:00,2,0,1,Harju maakond,1,Jalakäijaõnnetus,Valge aeg
2019-08-11 00:00:00,2,0,1,Harju maakond,0,Muu liiklusõnnetus,Valge aeg
2019-08-11 00:00:00,2,0,1,Harju maakond,1,Jalakäijaõnnetus,Pimeda aeg
2019-08-11 00:00:00,2,0,1,Harju maakond,0,Ühesõidukiõnnetus,Pimeda aeg
2019-09-11 00:00:00,1,0,1,Pärnu maakond,1,Jalakäijaõnnetus,Pimeda aeg
2019-09-11 00:00:00,3,1,0,Ida-Viru maakond,1,Jalakäijaõnnetus,Pimeda aeg
2019-09-11 00:00:00,3,0,1,Pärnu maakond,0,Kokkupõrge,Pimeda aeg
2019-09-11 00:00:00,2,0,2,Harju maakond,0,Ühesõidukiõnnetus,Pimeda aeg
2019-10-11 00:00:00,2,0,1,Harju maakond,0,Muu liiklusõnnetus,Valge aeg
2019-10-11 00:00:00,2,0,1,Harju maakond,0,Ühesõidukiõnnetus,Pimeda aeg
2019-12-11 00:00:00,5,0,2,Harju maakond,0,Muu liiklusõnnetus,Pimeda aeg
2019-11-13 14:32:00,3,0,2,Viljandi maakond,0,Kokkupõrge,Valge aeg
2019-11-13 16:01:00,2,0,1,Harju maakond,0,Kokkupõrge,Pimeda aeg
2019-11-13 16:24:00,2,0,1,Harju maakond,1,Jalakäijaõnnetus,Pimeda aeg
2019-11-13 18:18:00,3,0,1,Harju maakond,0,Kokkupõrge,Pimeda aeg
2019-11-13 23:00:00,1,0,1,Lääne-Viru maakond,0,Ühesõidukiõnnetus,Pimeda aeg
2019-11-14 15:59:00,2,0,1,Harju maakond,1,Jalakäijaõnnetus,Pimeda aeg
2019-11-14 17:15:00,2,0,1,Ida-Viru maakond,0,Kokkupõrge,Pimeda aeg
2019-11-14 20:19:00,2,0,1,Harju maakond,0,Kokkupõrge,Pimeda aeg
2019-11-15 11:54:00,1,0,1,Harju maakond,0,Ühesõidukiõnnetus,Valge aeg
2019-11-15 13:15:00,2,1,0,Harju maakond,1,Jalakäijaõnnetus,Valge aeg
2019-11-15 14:07:00,4,0,2,Rapla maakond,0,Kokkupõrge,Valge aeg
2019-11-15 17:28:00,3,0,1,Harju maakond,0,Kokkupõrge,Pimeda aeg
2019-11-16 14:41:00,2,0,1,Põlva maakond,0,Kokkupõrge,Valge aeg
2019-11-16 15:30:00,2,0,1,Lääne-Viru maakond,1,Jalakäijaõnnetus,Valge aeg
2019-11-16 17:20:00,6,0,1,Lääne-Viru maakond,1,Jalakäijaõnnetus,Pimeda aeg
2019-11-16 17:55:00,2,0,1,Harju maakond,1,Jalakäijaõnnetus,Pimeda aeg
2019-11-16 18:30:00,2,0,2,Valga maakond,0,Ühesõidukiõnnetus,Pimeda aeg
2019-11-18 08:51:00,3,0,1,Harju maakond,0,Kokkupõrge,Valge aeg
2019-11-18 08:58:00,2,0,1,Harju maakond,1,Jalakäijaõnnetus,Valge aeg
2019-11-18 12:45:00,2,0,1,Ida-Viru maakond,1,Jalakäijaõnnetus,Valge aeg
2019-11-18 14:57:00,2,0,1,Viljandi maakond,0,Kokkupõrge,Valge aeg
2019-11-18 16:25:00,2,0,1,Lääne-Viru maakond,1,Jalakäijaõnnetus,Pimeda aeg
2019-11-18 17:53:00,2,0,1,Tartu maakond,1,Jalakäijaõnnetus,Pimeda aeg
2019-11-18 20:40:00,2,0,1,Tartu maakond,0,Kokkupõrge,Pimeda aeg
2019-11-19 13:12:00,2,0,1,Tartu maakond,1,Jalakäijaõnnetus,Valge aeg
2019-11-19 21:40:00,2,0,1,Harju maakond,0,Kokkupõrge,Pimeda aeg
2019-11-21 08:50:00,3,0,1,Harju maakond,0,Kokkupõrge,Valge aeg
2019-11-21 18:23:00,1,0,1,Harju maakond,0,Ühesõidukiõnnetus,Pimeda aeg
2019-11-22 11:30:00,1,0,1,Pärnu maakond,0,Ühesõidukiõnnetus,Valge aeg
2019-11-22 15:30:00,3,0,2,Ida-Viru maakond,0,Kokkupõrge,Valge aeg
2019-11-23 10:20:00,2,0,1,Harju maakond,0,Kokkupõrge,Valge aeg
2019-11-23 10:53:00,2,0,1,Ida-Viru maakond,1,Jalakäijaõnnetus,Valge aeg
2019-11-23 15:05:00,2,0,1,Harju maakond,1,Jalakäijaõnnetus,Valge aeg
2019-11-23 20:07:00,2,0,1,Harju maakond,1,Jalakäijaõnnetus,Pimeda aeg
2019-11-23 00:00:00,1,0,1,Jõgeva maakond,0,Ühesõidukiõnnetus,Pimeda aeg
2019-11-24 13:45:00,2,0,1,Harju maakond,0,Kokkupõrge,Valge aeg
2019-11-25 10:32:00,1,0,1,Järva maakond,0,Ühesõidukiõnnetus,Valge aeg
2019-11-25 12:11:00,1,1,0,Pärnu maakond,0,Ühesõidukiõnnetus,Valge aeg
2019-11-25 13:25:00,2,0,1,Harju maakond,0,Kokkupõrge,Valge aeg
2019-11-26 06:29:00,3,0,1,Viljandi maakond,0,Kokkupõrge,Pimeda aeg
2019-11-26 07:54:00,2,0,1,Viljandi maakond,0,Ühesõidukiõnnetus,Pimeda aeg
2019-11-26 14:45:00,3,0,1,Harju maakond,0,Kokkupõrge,Pimeda aeg
2019-11-27 09:05:00,1,0,1,Pärnu maakond,0,Muu liiklusõnnetus,Valge aeg
2019-11-27 09:20:00,2,0,1,Tartu maakond,1,Jalakäijaõnnetus,Valge aeg
2019-11-27 14:07:00,1,0,1,Pärnu maakond,0,Muu liiklusõnnetus,Valge aeg
2019-11-27 14:27:00,3,0,1,Harju maakond,1,Jalakäijaõnnetus,Valge aeg
2019-11-27 15:19:00,1,0,1,Harju maakond,0,Ühesõidukiõnnetus,Pimeda aeg
2019-11-28 08:08:00,4,0,1,Harju maakond,0,Kokkupõrge,Valge aeg
2019-11-28 13:30:00,2,1,0,Pärnu maakond,0,Kokkupõrge,Valge aeg
2019-11-28 16:36:00,3,0,2,Harju maakond,0,Kokkupõrge,Pimeda aeg
2019-11-28 17:40:00,1,0,1,Järva maakond,1,Jalakäijaõnnetus,Pimeda aeg
2019-11-28 22:35:00,2,0,2,Lääne-Viru maakond,0,Kokkupõrge,Pimeda aeg
2019-11-29 11:27:00,2,0,1,Tartu maakond,1,Jalakäijaõnnetus,Valge aeg
2019-11-29 12:51:00,2,0,1,Tartu maakond,0,Kokkupõrge,Valge aeg
2019-11-29 15:28:00,3,0,1,Harju maakond,0,Kokkupõrge,Pimeda aeg
2019-11-29 15:40:00,2,0,1,Harju maakond,1,Jalakäijaõnnetus,Pimeda aeg
2019-11-29 19:55:00,2,0,1,Harju maakond,1,Jalakäijaõnnetus,Pimeda aeg
2019-11-30 02:45:00,2,0,1,Ida-Viru maakond,0,Ühesõidukiõnnetus,Pimeda aeg
2019-11-30 11:10:00,2,0,1,Harju maakond,1,Jalakäijaõnnetus,Valge aeg
2019-11-30 15:43:00,4,0,3,Harju maakond,0,Kokkupõrge,Pimeda aeg
2019-11-30 15:58:00,2,0,2,Harju maakond,0,Kokkupõrge,Pimeda aeg
2019-01-12 00:00:00,1,0,1,Tartu maakond,0,Ühesõidukiõnnetus,Valge aeg
2019-01-12 00:00:00,3,0,2,Harju maakond,0,Kokkupõrge,Pimeda aeg
2019-02-12 00:00:00,3,0,2,Lääne-Viru maakond,0,Kokkupõrge,Pimeda aeg
2019-02-12 00:00:00,2,0,1,Harju maakond,1,Jalakäijaõnnetus,Valge aeg
2019-02-12 00:00:00,3,0,2,Viljandi maakond,0,Ühesõidukiõnnetus,Valge aeg
2019-03-12 00:00:00,3,0,1,Lääne-Viru maakond,0,Kokkupõrge,Valge aeg
2019-03-12 00:00:00,2,0,1,Ida-Viru maakond,0,Kokkupõrge,Pimeda aeg
2019-04-12 00:00:00,1,0,1,Lääne-Viru maakond,0,Ühesõidukiõnnetus,Pimeda aeg
2019-04-12 00:00:00,2,0,1,Harju maakond,0,Muu liiklusõnnetus,Pimeda aeg
2019-05-12 00:00:00,2,0,1,Harju maakond,0,Muu liiklusõnnetus,Pimeda aeg
2019-05-12 00:00:00,3,0,3,Harju maakond,0,Kokkupõrge,Pimeda aeg
2019-06-12 00:00:00,2,0,1,Harju maakond,1,Jalakäijaõnnetus,Pimeda aeg
2019-06-12 00:00:00,2,0,1,Harju maakond,1,Jalakäijaõnnetus,Valge aeg
2019-06-12 00:00:00,2,0,1,Harju maakond,1,Jalakäijaõnnetus,Pimeda aeg
2019-06-12 00:00:00,1,0,1,Järva maakond,0,Muu liiklusõnnetus,Valge aeg
2019-06-12 00:00:00,2,0,1,Tartu maakond,1,Jalakäijaõnnetus,Pimeda aeg
2019-06-12 00:00:00,2,0,1,Harju maakond,0,Kokkupõrge,Pimeda aeg
2019-06-12 00:00:00,2,0,1,Harju maakond,1,Jalakäijaõnnetus,Pimeda aeg
2019-06-12 00:00:00,1,0,1,Harju maakond,1,Jalakäijaõnnetus,Pimeda aeg
2019-08-12 00:00:00,2,0,1,Ida-Viru maakond,1,Jalakäijaõnnetus,Pimeda aeg
2019-08-12 00:00:00,2,1,0,Rapla maakond,1,Jalakäijaõnnetus,Pimeda aeg
2019-08-12 00:00:00,1,0,1,Tartu maakond,0,Ühesõidukiõnnetus,Valge aeg
2019-08-12 00:00:00,2,0,2,Põlva maakond,0,Ühesõidukiõnnetus,Valge aeg
2019-08-12 00:00:00,1,0,1,Lääne-Viru maakond,0,Ühesõidukiõnnetus,Pimeda aeg
2019-08-12 00:00:00,2,0,1,Harju maakond,1,Jalakäijaõnnetus,Pimeda aeg
2019-08-12 00:00:00,2,0,1,Harju maakond,1,Jalakäijaõnnetus,Pimeda aeg
2019-08-12 00:00:00,2,0,1,Lääne-Viru maakond,0,Ühesõidukiõnnetus,Pimeda aeg
2019-08-12 00:00:00,2,0,1,Saare maakond,0,Ühesõidukiõnnetus,Pimeda aeg
2019-09-12 00:00:00,1,0,1,Harju maakond,1,Jalakäijaõnnetus,Valge aeg
2019-09-12 00:00:00,2,0,1,Järva maakond,0,Kokkupõrge,Valge aeg
2019-09-12 00:00:00,2,0,1,Harju maakond,1,Jalakäijaõnnetus,Valge aeg
2019-09-12 00:00:00,2,0,1,Harju maakond,1,Jalakäijaõnnetus,Pimeda aeg
2019-10-12 00:00:00,2,0,1,Lääne maakond,0,Kokkupõrge,Pimeda aeg
2019-10-12 00:00:00,2,0,2,Harju maakond,1,Jalakäijaõnnetus,Valge aeg
2019-10-12 00:00:00,2,0,1,Pärnu maakond,0,Kokkupõrge,Valge aeg
2019-11-12 00:00:00,2,0,1,Harju maakond,0,Kokkupõrge,Valge aeg
2019-11-12 00:00:00,3,0,1,Harju maakond,0,Kokkupõrge,Valge aeg
2019-12-12 00:00:00,1,0,1,Lääne-Viru maakond,0,Ühesõidukiõnnetus,Valge aeg
2019-12-12 00:00:00,2,0,1,Harju maakond,0,Kokkupõrge,Pimeda aeg
2019-12-12 00:00:00,2,0,1,Saare maakond,0,Ühesõidukiõnnetus,Pimeda aeg
2019-12-13 05:25:00,2,0,1,Pärnu maakond,0,Kokkupõrge,Pimeda aeg
2019-12-13 08:33:00,3,0,2,Harju maakond,1,Kokkupõrge,Valge aeg
2019-12-13 09:10:00,3,0,2,Harju maakond,0,Kokkupõrge,Pimeda aeg
2019-12-13 14:18:00,1,0,1,Tartu maakond,0,Ühesõidukiõnnetus,Valge aeg
2019-12-13 16:10:00,3,0,1,Lääne maakond,1,Jalakäijaõnnetus,Pimeda aeg
2019-12-14 00:08:00,6,0,4,Rapla maakond,0,Muu liiklusõnnetus,Pimeda aeg
2019-12-14 15:00:00,2,0,1,Lääne-Viru maakond,1,Jalakäijaõnnetus,Valge aeg
2019-12-14 17:47:00,1,0,1,Harju maakond,0,Ühesõidukiõnnetus,Pimeda aeg
2019-12-14 17:50:00,1,0,1,Tartu maakond,0,Ühesõidukiõnnetus,Valge aeg
2019-12-15 16:51:00,2,0,1,Harju maakond,0,Kokkupõrge,Pimeda aeg
2019-12-16 15:58:00,2,0,1,Harju maakond,0,Kokkupõrge,Pimeda aeg
2019-12-16 16:50:00,2,0,1,Harju maakond,1,Jalakäijaõnnetus,Pimeda aeg
2019-12-17 00:29:00,3,0,1,Harju maakond,0,Kokkupõrge,Pimeda aeg
2019-12-17 03:56:00,2,0,1,Valga maakond,0,Kokkupõrge,Pimeda aeg
2019-12-17 15:50:00,2,0,1,Harju maakond,1,Jalakäijaõnnetus,Pimeda aeg
2019-12-17 18:00:00,2,0,1,Ida-Viru maakond,1,Jalakäijaõnnetus,Pimeda aeg
2019-12-18 16:00:00,2,0,1,Harju maakond,1,Jalakäijaõnnetus,Pimeda aeg
2019-12-18 16:20:00,2,0,1,Harju maakond,1,Jalakäijaõnnetus,Pimeda aeg
2019-12-18 16:35:00,4,0,2,Harju maakond,0,Kokkupõrge,Pimeda aeg
2019-12-18 17:38:00,2,0,1,Järva maakond,1,Jalakäijaõnnetus,Pimeda aeg