date,persons_involved,killed,injured,county,pedestrian_involved,accident_type,light_conditions
2020-06-16 20:23:00,1,0,1,Võru maakond,0,Ühesõidukiõnnetus,Valge aeg
2020-06-16 12:30:00,1,0,1,Valga maakond,0,Ühesõidukiõnnetus,Valge aeg
2020-06-17 07:35:00,7,0,6,Pärnu maakond,0,Kokkupõrge,Valge aeg
2020-06-17 13:40:00,2,0,1,Harju maakond,1,Kokkupõrge,Valge aeg
2020-06-18 10:02:00,2,0,1,Lääne maakond,0,Kokkupõrge,Valge aeg
2020-06-18 14:29:00,1,0,1,Harju maakond,0,Ühesõidukiõnnetus,Valge aeg
2020-06-18 17:40:00,2,0,1,Harju maakond,0,Kokkupõrge,Valge aeg
2020-06-18 21:43:00,2,0,1,Pärnu maakond,0,Kokkupõrge,Valge aeg
2020-06-19 11:30:00,1,0,1,Lääne-Viru maakond,0,Ühesõidukiõnnetus,Valge aeg
2020-06-19 12:20:00,3,0,1,Harju maakond,0,Kokkupõrge,Valge aeg
2020-06-19 13:08:00,2,0,1,Tartu maakond,0,Kokkupõrge,Valge aeg
2020-06-20 12:55:00,1,0,1,Pärnu maakond,0,Ühesõidukiõnnetus,Valge aeg
2020-06-20 15:20:00,7,0,7,Ida-Viru maakond,0,Ühesõidukiõnnetus,Valge aeg
2020-06-20 16:15:00,2,0,1,Valga maakond,0,Ühesõidukiõnnetus,Valge aeg
2020-06-20 18:19:00,1,0,1,Harju maakond,0,Ühesõidukiõnnetus,Valge aeg
2020-06-20 18:31:00,1,0,1,Harju maakond,0,Muu liiklusõnnetus,Valge aeg
2020-06-20 18:38:00,8,2,5,Harju maakond,1,Kokkupõrge,Valge aeg
2020-06-20 20:00:00,1,0,1,Ida-Viru maakond,0,Ühesõidukiõnnetus,Valge aeg
2020-06-20 22:48:00,1,0,1,Pärnu maakond,0,Ühesõidukiõnnetus,Valge aeg
2020-06-20 23:27:00,8,0,6,Lääne-Viru maakond,0,Ühesõidukiõnnetus,Valge aeg
2020-06-20 23:35:00,2,0,1,Harju maakond,1,Jalakäijaõnnetus,Valge aeg
2020-06-21 03:52:00,1,1,0,Harju maakond,0,Ühesõidukiõnnetus,Valge aeg
2020-06-21 00:00:00,1,0,1,Põlva maakond,0,Ühesõidukiõnnetus,Valge aeg
2020-06-21 13:40:00,1,0,1,Harju maakond,0,Ühesõidukiõnnetus,Valge aeg
2020-06-21 18:46:00,2,0,2,Tartu maakond,0,Ühesõidukiõnnetus,Valge aeg
2020-06-21 20:43:00,1,0,1,Harju maakond,0,Ühesõidukiõnnetus,Valge aeg
2020-06-23 10:51:00,2,0,1,Viljandi maakond,0,Ühesõidukiõnnetus,Valge aeg
2020-06-23 11:15:00,2,0,1,Lääne-Viru maakond,0,Kokkupõrge,Valge aeg
2020-06-23 12:55:00,2,0,1,Ida-Viru maakond,0,Kokkupõrge,Valge aeg
2020-06-23 13:56:00,1,0,1,Rapla maakond,0,Ühesõidukiõnnetus,Valge aeg
2020-06-23 14:35:00,1,0,1,Tartu maakond,0,Muu liiklusõnnetus,Valge aeg
2020-06-23 17:53:00,5,0,3,Harju maakond,0,Kokkupõrge,Valge aeg
2020-06-23 21:52:00,1,0,1,Harju maakond,0,Ühesõidukiõnnetus,Valge aeg
2020-06-25 11:50:00,2,0,1,Põlva maakond,0,Ühesõidukiõnnetus,Valge aeg
2020-06-25 14:35:00,1,0,1,Harju maakond,0,Ühesõidukiõnnetus,Valge aeg
2020-06-25 16:45:00,1,0,1,Võru maakond,0,Ühesõidukiõnnetus,Valge aeg
2020-06-25 23:26:00,1,0,1,Harju maakond,0,Ühesõidukiõnnetus,Pimeda aeg
2020-06-26 07:20:00,2,0,1,Harju maakond,0,Muu liiklusõnnetus,Valge aeg
2020-06-26 22:04:00,1,0,1,Harju maakond,0,Ühesõidukiõnnetus,Valge aeg
2020-06-27 12:30:00,1,0,1,Harju maakond,0,Ühesõidukiõnnetus,Valge aeg
2020-06-27 13:44:00,2,0,1,Harju maakond,1,Jalakäijaõnnetus,Valge aeg
2020-06-27 15:22:00,1,0,1,Harju maakond,0,Ühesõidukiõnnetus,Valge aeg
2020-06-27 16:11:00,1,0,1,Harju maakond,0,Ühesõidukiõnnetus,Valge aeg
2020-06-27 20:48:00,1,0,1,Harju maakond,0,Kokkupõrge,Valge aeg
2020-06-27 23:50:00,2,0,1,Ida-Viru maakond,0,Kokkupõrge,Pimeda aeg
2020-06-28 02:24:00,1,0,1,Harju maakond,0,Ühesõidukiõnnetus,Pimeda aeg
2020-06-28 14:17:00,2,0,2,Harju maakond,0,Muu liiklusõnnetus,Valge aeg
2020-06-28 16:53:00,6,0,4,Harju maakond,0,Kokkupõrge,Valge aeg
2020-06-28 18:08:00,1,0,1,Harju maakond,0,Ühesõidukiõnnetus,Valge aeg
2020-06-28 19:26:00,1,0,1,Harju maakond,0,Ühesõidukiõnnetus,Valge aeg
2020-06-28 19:48:00,1,0,1,Harju maakond,0,Ühesõidukiõnnetus,Valge aeg
2020-06-28 22:20:00,2,0,2,Järva maakond,0,Muu liiklusõnnetus,Valge aeg
2020-06-30 09:37:00,2,0,1,Tartu maakond,0,Ühesõidukiõnnetus,Valge aeg
2020-06-30 12:33:00,3,0,3,Tartu maakond,0,Kokkupõrge,Valge aeg
2020-06-30 16:02:00,1,0,1,Harju maakond,0,Ühesõidukiõnnetus,Valge aeg
2020-06-30 16:15:00,2,0,1,Valga maakond,0,Ühesõidukiõnnetus,Valge aeg
2020-06-30 17:15:00,2,0,1,Tartu maakond,1,Jalakäijaõnnetus,Valge aeg
2020-06-30 17:50:00,2,0,1,Harju maakond,1,Jalakäijaõnnetus,Valge aeg
2020-06-30 19:55:00,1,0,1,Rapla maakond,0,Ühesõidukiõnnetus,Valge aeg
2020-01-07 00:00:00,1,0,1,Pärnu maakond,0,Ühesõidukiõnnetus,Valge aeg
2020-01-07 00:00:00,2,0,1,Harju maakond,0,Kokkupõrge,Valge aeg
2020-02-07 00:00:00,2,0,1,Harju maakond,0,Ühesõidukiõnnetus,Valge aeg
2020-02-07 00:00:00,2,0,1,Lääne-Viru maakond,1,Jalakäijaõnnetus,Valge aeg
2020-02-07 00:00:00,2,0,1,Harju maakond,1,Jalakäijaõnnetus,Valge aeg
2020-03-07 00:00:00,2,0,2,Valga maakond,0,Ühesõidukiõnnetus,Pimeda aeg
2020-03-07 00:00:00,2,0,1,Harju maakond,0,Kokkupõrge,Valge aeg
2020-03-07 00:00:00,2,0,1,Harju maakond,1,Jalakäijaõnnetus,Valge aeg
2020-03-07 00:00:00,1,0,1,Harju maakond,0,Ühesõidukiõnnetus,Valge aeg
2020-03-07 00:00:00,4,0,3,Saare maakond,0,Ühesõidukiõnnetus,Pimeda aeg
2020-03-07 00:00:00,1,0,1,Järva maakond,0,Ühesõidukiõnnetus,Valge aeg
2020-03-07 00:00:00,1,0,1,Harju maakond,0,Ühesõidukiõnnetus,Valge aeg
2020-03-07 00:00:00,3,0,3,Harju maakond,0,Kokkupõrge,Valge aeg
2020-04-07 00:00:00,2,0,1,Harju maakond,0,Kokkupõrge,Valge aeg
2020-04-07 00:00:00,1,0,1,Põlva maakond,0,Ühesõidukiõnnetus,Valge aeg
2020-01-07 00:00:00,1,0,1,Pärnu maakond,1,Jalakäijaõnnetus,Valge aeg
2020-04-07 00:00:00,2,0,2,Tartu maakond,0,Kokkupõrge,Valge aeg
2020-04-07 00:00:00,1,0,1,Järva maakond,0,Ühesõidukiõnnetus,Valge aeg
2020-04-07 00:00:00,1,0,1,Harju maakond,0,Ühesõidukiõnnetus,Valge aeg
2020-06-07 00:00:00,5,0,1,Hiiu maakond,0,Kokkupõrge,Valge aeg
2020-06-07 00:00:00,2,0,1,Ida-Viru maakond,0,Kokkupõrge,Valge aeg
2020-07-07 00:00:00,2,0,1,Harju maakond,0,Muu liiklusõnnetus,Valge aeg
2020-07-07 00:00:00,3,0,2,Harju maakond,0,Kokkupõrge,Valge aeg
2020-07-07 00:00:00,2,1,0,Tartu maakond,0,Kokkupõrge,Valge aeg
2020-07-07 00:00:00,2,0,1,Ida-Viru maakond,1,Jalakäijaõnnetus,Valge aeg
2020-07-07 00:00:00,2,0,1,Tartu maakond,0,Kokkupõrge,Valge aeg
2020-08-07 00:00:00,2,0,1,Harju maakond,1,Jalakäijaõnnetus,Valge aeg
2020-08-07 00:00:00,2,0,1,Harju maakond,1,Kokkupõrge,Valge aeg
2020-09-07 00:00:00,3,0,2,Harju maakond,0,Kokkupõrge,Valge aeg
2020-09-07 00:00:00,2,0,2,Harju maakond,0,Kokkupõrge,Valge aeg
2020-09-07 00:00:00,2,0,1,Harju maakond,1,Muu liiklusõnnetus,Valge aeg
2020-09-07 00:00:00,2,0,1,Harju maakond,1,Jalakäijaõnnetus,Valge aeg
2020-10-07 00:00:00,2,0,2,Harju maakond,0,Muu liiklusõnnetus,Valge aeg
2020-10-07 00:00:00,2,0,1,Pärnu maakond,0,Kokkupõrge,Valge aeg
2020-10-07 00:00:00,2,0,1,Harju maakond,1,Jalakäijaõnnetus,Valge aeg
2020-10-07 00:00:00,5,0,1,Saare maakond,0,Kokkupõrge,Valge aeg
2020-10-07 00:00:00,1,0,1,Tartu maakond,0,Muu liiklusõnnetus,Valge aeg
2020-11-07 00:00:00,1,0,1,Harju maakond,0,Ühesõidukiõnnetus,Valge aeg
2020-11-07 00:00:00,1,0,1,Pärnu maakond,1,Ühesõidukiõnnetus,Valge aeg
2020-11-07 00:00:00,3,0,2,Ida-Viru maakond,0,Ühesõidukiõnnetus,Valge aeg
2020-11-07 00:00:00,4,0,2,Harju maakond,0,Kokkupõrge,Valge aeg
2020-11-07 00:00:00,3,0,1,Jõgeva maakond,0,Kokkupõrge,Valge aeg
2020-11-07 00:00:00,3,0,2,Harju maakond,0,Kokkupõrge,Pimeda aeg
2020-12-07 00:00:00,1,0,1,Harju maakond,0,Ühesõidukiõnnetus,Valge aeg
2020-12-07 00:00:00,1,0,1,Harju maakond,0,Ühesõidukiõnnetus,Valge aeg
2020-12-07 00:00:00,2,0,1,Võru maakond,0,Ühesõidukiõnnetus,Valge aeg
2020-12-07 00:00:00,2,0,1,Pärnu maakond,1,Jalakäijaõnnetus,Valge aeg
2020-12-07 00:00:00,2,0,1,Lääne-Viru maakond,0,Kokkupõrge,Valge aeg
2020-12-07 00:00:00,2,0,2,Ida-Viru maakond,0,Kokkupõrge,Valge aeg
2020-12-07 00:00:00,1,0,1,Harju maakond,0,Ühesõidukiõnnetus,Valge aeg
2020-07-13 08:46:00,2,0,1,Harju maakond,0,Muu liiklusõnnetus,Valge aeg
2020-07-13 10:24:00,2,0,1,Harju maakond,0,Muu liiklusõnnetus,Valge aeg
2020-07-14 05:44:00,1,0,1,Harju maakond,0,Ühesõidukiõnnetus,Valge aeg
2020-07-14 11:13:00,2,0,1,Harju maakond,1,Muu liiklusõnnetus,Valge aeg
2020-07-14 13:47:00,3,0,1,Harju maakond,0,Kokkupõrge,Valge aeg
2020-07-14 16:20:00,2,0,1,Harju maakond,0,Muu liiklusõnnetus,Valge aeg
2020-07-14 16:30:00,2,0,1,Harju maakond,1,Jalakäijaõnnetus,Valge aeg
2020-07-14 17:24:00,5,0,3,Ida-Viru maakond,0,Kokkupõrge,Valge aeg
2020-07-14 20:04:00,1,0,1,Lääne maakond,0,Ühesõidukiõnnetus,Valge aeg
2020-07-15 13:00:00,1,0,1,Harju maakond,1,Jalakäijaõnnetus,Valge aeg
2020-07-15 15:25:00,1,0,1,Harju maakond,0,Ühesõidukiõnnetus,Valge aeg
2020-07-15 16:16:00,2,0,1,Viljandi maakond,0,Kokkupõrge,Valge aeg
2020-07-15 17:13:00,2,0,1,Võru maakond,0,Kokkupõrge,Valge aeg
2020-07-16 14:42:00,2,0,1,Saare maakond,0,Kokkupõrge,Valge aeg
2020-07-17 09:22:00,2,0,1,Harju maakond,0,Kokkupõrge,Valge aeg
2020-07-17 17:13:00,2,0,1,Tartu maakond,0,Kokkupõrge,Valge aeg
2020-07-17 23:46:00,1,0,1,Harju maakond,0,Ühesõidukiõnnetus,Pimeda aeg
2020-07-18 02:42:00,2,0,2,Harju maakond,0,Muu liiklusõnnetus,Pimeda aeg
2020-07-18 13:37:00,7,0,6,Harju maakond,0,Kokkupõrge,Valge aeg
2020-07-19 12:21:00,2,0,1,Harju maakond,0,Muu liiklusõnnetus,Valge aeg
2020-07-19 13:52:00,1,0,1,Valga maakond,0,Ühesõidukiõnnetus,Valge aeg
2020-07-19 16:59:00,2,0,1,Harju maakond,0,Kokkupõrge,Valge aeg
2020-07-19 17:05:00,8,0,6,Tartu maakond,0,Kokkupõrge,Valge aeg
2020-07-19 17:27:00,2,0,2,Võru maakond,0,Ühesõidukiõnnetus,Valge aeg
2020-07-19 22:48:00,1,0,1,Harju maakond,0,Ühesõidukiõnnetus,Pimeda aeg
2020-07-20 13:31:00,1,0,1,Harju maakond,0,Ühesõidukiõnnetus,Valge aeg
2020-07-20 13:40:00,1,0,1,Harju maakond,0,Ühesõidukiõnnetus,Valge aeg
2020-07-20 15:45:00,2,0,1,Harju maakond,1,Kokkupõrge,Valge aeg
2020-07-20 16:25:00,3,0,1,Harju maakond,0,Kokkupõrge,Valge aeg
2020-07-20 16:59:00,2,0,1,Järva maakond,0,Ühesõidukiõnnetus,Valge aeg
2020-07-20 17:51:00,2,0,1,Harju maakond,1,Jalakäijaõnnetus,Valge aeg
2020-07-21 03:56:00,1,0,1,Pärnu maakond,0,Ühesõidukiõnnetus,Pimeda aeg
2020-07-21 07:25:00,1,0,1,Harju maakond,0,Ühesõidukiõnnetus,Valge aeg
2020-07-21 12:24:00,1,0,1,Harju maakond,0,Ühesõidukiõnnetus,Valge aeg
2020-07-22 09:07:00,2,0,1,Harju maakond,0,Kokkupõrge,Valge aeg
2020-07-22 12:20:00,2,0,1,Harju maakond,1,Jalakäijaõnnetus,Valge aeg
2020-07-22 15:11:00,1,0,1,Harju maakond,0,Ühesõidukiõnnetus,Valge aeg
2020-07-22 16:06:00,2,0,1,Harju maakond,0,Kokkupõrge,Valge aeg
2020-07-22 17:27:00,3,1,2,Pärnu maakond,0,Kokkupõrge,Valge aeg
2020-07-22 20:00:00,2,0,1,Viljandi maakond,0,Kokkupõrge,Valge aeg
2020-07-23 08:27:00,2,0,1,Harju maakond,0,Kokkupõrge,Valge aeg
2020-07-23 22:25:00,1,0,1,Harju maakond,0,Ühesõidukiõnnetus,Pimeda aeg
2020-07-24 13:55:00,3,0,2,Harju maakond,0,Ühesõidukiõnnetus,Valge aeg
2020-07-24 22:00:00,1,0,1,Võru maakond,0,Ühesõidukiõnnetus,Pimeda aeg
2020-07-25 12:40:00,2,0,1,Harju maakond,0,Kokkupõrge,Valge aeg
2020-07-25 15:26:00,1,0,1,Harju maakond,0,Ühesõidukiõnnetus,Valge aeg
2020-07-25 19:06:00,2,0,1,Harju maakond,0,Kokkupõrge,Valge aeg
2020-07-26 01:39:00,2,0,1,Tartu maakond,1,Jalakäijaõnnetus,Pimeda aeg
2020-07-26 01:51:00,5,0,3,Jõgeva maakond,0,Kokkupõrge,Pimeda aeg
2020-07-26 01:55:00,1,0,1,Järva maakond,0,Ühesõidukiõnnetus,Pimeda aeg
2020-07-26 13:52:00,4,0,2,Harju maakond,0,Kokkupõrge,Valge aeg
2020-07-26 14:26:00,3,0,1,Järva maakond,0,Kokkupõrge,Valge aeg
2020-07-26 18:08:00,2,0,1,Harju maakond,0,Kokkupõrge,Valge aeg
2020-07-26 19:30:00,1,0,1,Järva maakond,0,Ühesõidukiõnnetus,Valge aeg
2020-07-26 19:00:00,2,0,1,Saare maakond,0,Kokkupõrge,Valge aeg
2020-07-26 20:11:00,1,0,1,Harju maakond,0,Ühesõidukiõnnetus,Valge aeg
2020-07-26 21:18:00,2,0,1,Harju maakond,1,Jalakäijaõnnetus,Valge aeg
2020-07-26 22:15:00,1,0,1,Harju maakond,0,Ühesõidukiõnnetus,Pimeda aeg
2020-07-27 04:16:00,1,0,1,Harju maakond,0,Ühesõidukiõnnetus,Valge aeg
2020-07-27 10:55:00,2,0,1,Valga maakond,1,Jalakäijaõnnetus,Valge aeg
2020-07-27 11:43:00,3,0,1,Tartu maakond,0,Kokkupõrge,Valge aeg
2020-07-27 13:34:00,2,1,0,Lääne maakond,1,Jalakäijaõnnetus,Valge aeg
2020-07-27 20:01:00,2,0,1,Harju maakond,0,Kokkupõrge,Valge aeg
2020-07-28 08:40:00,3,0,1,Harju maakond,0,Kokkupõrge,Valge aeg
2020-07-28 11:10:00,3,0,2,Ida-Viru maakond,0,Ühesõidukiõnnetus,Valge aeg
2020-07-28 15:26:00,2,0,1,Harju maakond,0,Kokkupõrge,Valge aeg
2020-07-29 04:20:00,2,0,2,Harju maakond,0,Ühesõidukiõnnetus,Valge aeg
2020-07-29 13:39:00,1,0,1,Pärnu maakond,0,Ühesõidukiõnnetus,Valge aeg
2020-07-29 18:45:00,19,0,19,Harju maakond,0,Ühesõidukiõnnetus,Valge aeg
2020-07-30 14:05:00,2,0,1,Harju maakond,0,Kokkupõrge,Valge aeg
2020-07-30 23:39:00,1,0,1,Harju maakond,0,Muu liiklusõnnetus,Pimeda aeg
2020-07-31 10:07:00,2,0,1,Harju maakond,0,Kokkupõrge,Valge aeg
2020-07-31 10:55:00,1,0,1,Lääne maakond,0,Ühesõidukiõnnetus,Valge aeg
2020-07-31 13:08:00,3,0,2,Harju maakond,1,Jalakäijaõnnetus,Valge aeg
2020-07-31 22:14:00,2,0,1,Harju maakond,1,Jalakäijaõnnetus,Valge aeg
2020-01-08 00:00:00,2,0,1,Harju maakond,0,Kokkupõrge,Valge aeg
2020-01-08 00:00:00,1,0,1,Harju maakond,0,Ühesõidukiõnnetus,Valge aeg
2020-01-08 00:00:00,1,0,1,Lääne maakond,0,Ühesõidukiõnnetus,Valge aeg
2020-01-08 00:00:00,2,1,0,Lääne-Viru maakond,0,Kokkupõrge,Valge aeg
2020-01-08 00:00:00,1,1,0,Harju maakond,0,Ühesõidukiõnnetus,Valge aeg
2020-01-08 00:00:00,2,0,1,Harju maakond,0,Kokkupõrge,Valge aeg
2020-02-08 00:00:00,1,0,1,Harju maakond,0,Ühesõidukiõnnetus,Valge aeg
2020-02-08 00:00:00,1,0,1,Pärnu maakond,0,Ühesõidukiõnnetus,Valge aeg
2020-02-08 00:00:00,1,0,1,Harju maakond,0,Ühesõidukiõnnetus,Valge aeg
2020-03-08 00:00:00,1,0,1,Lääne-Viru maakond,0,Kokkupõrge,Valge aeg
2020-03-08 00:00:00,2,0,1,Järva maakond,0,Kokkupõrge,Valge aeg
2020-03-08 00:00:00,1,0,1,Harju maakond,0,Ühesõidukiõnnetus,Valge aeg
2020-04-08 00:00:00,2,0,1,Tartu maakond,0,Kokkupõrge,Valge aeg
2020-04-08 00:00:00,2,0,1,Harju maakond,0,Kokkupõrge,Valge aeg
2020-04-08 00:00:00,2,0,1,Viljandi maakond,1,Jalakäijaõnnetus,Valge aeg
2020-04-08 00:00:00,2,0,1,Jõgeva maakond,0,Kokkupõrge,Valge aeg
2020-05-08 00:00:00,1,0,1,Pärnu maakond,0,Ühesõidukiõnnetus,Valge aeg
2020-05-08 00:00:00,4,0,1,Ida-Viru maakond,0,Kokkupõrge,Valge aeg
2020-05-08 00:00:00,3,0,2,Harju maakond,0,Kokkupõrge,Valge aeg
2020-05-08 00:00:00,2,0,1,Rapla maakond,0,Kokkupõrge,Valge aeg
2020-05-08 00:00:00,1,0,1,Harju maakond,0,Ühesõidukiõnnetus,Valge aeg
2020-05-08 00:00:00,2,0,1,Saare maakond,1,Jalakäijaõnnetus,Valge aeg
2020-06-08 00:00:00,2,0,1,Harju maakond,0,Kokkupõrge,Valge aeg
2020-06-08 00:00:00,2,0,1,Tartu maakond,1,Jalakäijaõnnetus,Valge aeg
2020-06-08 00:00:00,1,0,1,Harju maakond,0,Ühesõidukiõnnetus,Valge aeg
2020-06-08 00:00:00,1,0,1,Harju maakond,0,Ühesõidukiõnnetus,Valge aeg
2020-06-08 00:00:00,1,0,1,Järva maakond,0,Ühesõidukiõnnetus,Valge aeg
2020-06-08 00:00:00,2,0,1,Pärnu maakond,1,Kokkupõrge,Valge aeg
2020-06-08 00:00:00,3,0,2,Harju maakond,1,Jalakäijaõnnetus,Pimeda aeg
2020-06-08 00:00:00,1,0,1,Harju maakond,0,Ühesõidukiõnnetus,Valge aeg
2020-07-08 00:00:00,1,0,1,Võru maakond,0,Ühesõidukiõnnetus,Pimeda aeg
2020-07-08 00:00:00,1,0,1,Valga maakond,0,Ühesõidukiõnnetus,Valge aeg
2020-07-08 00:00:00,2,0,1,Harju maakond,1,Jalakäijaõnnetus,Valge aeg
2020-07-08 00:00:00,2,0,1,Tartu maakond,0,Kokkupõrge,Valge aeg
2020-07-08 00:00:00,4,0,2,Järva maakond,0,Kokkupõrge,Valge aeg
2020-07-08 00:00:00,3,0,3,Ida-Viru maakond,0,Kokkupõrge,Valge aeg
2020-07-08 00:00:00,2,0,2,Harju maakond,0,Kokkupõrge,Valge aeg
2020-07-08 00:00:00,2,0,1,Harju maakond,0,Kokkupõrge,Valge aeg
2020-07-08 00:00:00,2,1,0,Viljandi maakond,0,Ühesõidukiõnnetus,Valge aeg
2020-08-08 00:00:00,1,0,1,Harju maakond,0,Ühesõidukiõnnetus,Valge aeg
2020-08-08 00:00:00,2,1,0,Harju maakond,0,Kokkupõrge,Valge aeg
2020-08-08 00:00:00,3,0,1,Tartu maakond,0,Kokkupõrge,Valge aeg
2020-08-08 00:00:00,4,0,3,Harju maakond,0,Kokkupõrge,Valge aeg
2020-08-08 00:00:00,5,0,2,Lääne-Viru maakond,0,Kokkupõrge,Valge aeg
2020-08-08 00:00:00,1,0,1,Harju maakond,0,Ühesõidukiõnnetus,Valge aeg
2020-09-08 00:00:00,2,0,1,Rapla maakond,0,Kokkupõrge,Valge aeg
2020-09-08 00:00:00,2,0,1,Harju maakond,0,Kokkupõrge,Valge aeg
2020-09-08 00:00:00,4,0,1,Pärnu maakond,0,Kokkupõrge,Valge aeg
2020-09-08 00:00:00,1,0,1,Põlva maakond,0,Ühesõidukiõnnetus,Valge aeg
2020-09-08 00:00:00,2,0,1,Harju maakond,1,Jalakäijaõnnetus,Valge aeg
2020-09-08 00:00:00,1,0,1,Harju maakond,0,Ühesõidukiõnnetus,Pimeda aeg
2020-09-08 00:00:00,1,1,0,Järva maakond,0,Ühesõidukiõnnetus,Valge aeg
2020-09-08 00:00:00,2,1,0,Saare maakond,1,Jalakäijaõnnetus,Pimeda aeg
2020-10-08 00:00:00,1,0,1,Tartu maakond,0,Ühesõidukiõnnetus,Pimeda aeg
2020-10-08 00:00:00,1,0,1,Harju maakond,0,Ühesõidukiõnnetus,Valge aeg
2020-10-08 00:00:00,2,0,1,Harju maakond,0,Kokkupõrge,Valge aeg
2020-10-08 00:00:00,2,0,1,Harju maakond,1,Jalakäijaõnnetus,Valge aeg
2020-10-08 00:00:00,2,0,1,Rapla maakond,0,Kokkupõrge,Valge aeg
2020-10-08 00:00:00,1,0,1,Valga maakond,0,Ühesõidukiõnnetus,Valge aeg
2020-10-08 00:00:00,2,0,1,Võru maakond,0,Kokkupõrge,Valge aeg
2020-10-08 00:00:00,1,0,1,Harju maakond,0,Ühesõidukiõnnetus,Valge aeg
2020-10-08 00:00:00,2,0,1,Lääne maakond,1,Jalakäijaõnnetus,Valge aeg
2020-10-08 00:00:00,2,0,1,Harju maakond,0,Kokkupõrge,Valge aeg
2020-10-08 00:00:00,2,0,1,Tartu maakond,0,Kokkupõrge,Valge aeg
2020-10-08 00:00:00,1,0,1,Harju maakond,0,Ühesõidukiõnnetus,Valge aeg
2020-11-08 00:00:00,1,1,0,Valga maakond,0,Ühesõidukiõnnetus,Valge aeg
2020-11-08 00:00:00,1,0,1,Lääne-Viru maakond,0,Ühesõidukiõnnetus,Valge aeg
2020-11-08 00:00:00,1,0,1,Pärnu maakond,0,Kokkupõrge,Valge aeg
2020-11-08 00:00:00,2,0,1,Saare maakond,1,Jalakäijaõnnetus,Valge aeg
2020-12-08 00:00:00,2,0,1,Harju maakond,1,Jalakäijaõnnetus,Valge aeg
2020-12-08 00:00:00,3,0,1,Tartu maakond,0,Kokkupõrge,Valge aeg
2020-08-13 04:26:00,2,0,1,Harju maakond,0,Ühesõidukiõnnetus,Valge aeg
2020-08-13 10:35:00,2,0,1,Tartu maakond,1,Jalakäijaõnnetus,Valge aeg
2020-08-13 14:18:00,3,0,1,Pärnu maakond,0,Kokkupõrge,Valge aeg
2020-08-13 18:05:00,1,0,1,Võru maakond,0,Ühesõidukiõnnetus,Valge aeg
2020-08-13 21:53:00,1,0,1,Lääne maakond,0,Ühesõidukiõnnetus,Valge aeg
2020-08-14 17:32:00,1,0,1,Harju maakond,0,Kokkupõrge,Valge aeg
2020-08-14 17:55:00,4,0,1,Tartu maakond,0,Kokkupõrge,Valge aeg
2020-08-14 18:30:00,2,0,1,Harju maakond,0,Kokkupõrge,Valge aeg
2020-08-14 18:51:00,2,0,1,Harju maakond,0,Kokkupõrge,Valge aeg
2020-08-14 19:17:00,1,0,1,Valga maakond,0,Kokkupõrge,Valge aeg
2020-08-14 21:32:00,4,0,2,Jõgeva maakond,0,Kokkupõrge,Valge aeg
2020-08-15 00:12:00,2,0,1,Harju maakond,1,Jalakäijaõnnetus,Pimeda aeg
2020-08-15 12:22:00,2,0,1,Pärnu maakond,0,Kokkupõrge,Valge aeg
2020-08-15 14:40:00,2,0,1,Pärnu maakond,1,Jalakäijaõnnetus,Valge aeg
2020-08-15 17:35:00,2,0,2,Harju maakond,0,Ühesõidukiõnnetus,Valge aeg
2020-08-15 19:35:00,1,0,1,Lääne-Viru maakond,0,Ühesõidukiõnnetus,Valge aeg
2020-08-15 20:22:00,3,0,1,Harju maakond,1,Jalakäijaõnnetus,Pimeda aeg
2020-08-15 20:50:00,2,0,1,Rapla maakond,0,Ühesõidukiõnnetus,Valge aeg
2020-08-16 10:49:00,2,0,1,Viljandi maakond,0,Kokkupõrge,Valge aeg
2020-08-16 14:07:00,1,0,1,Harju maakond,0,Ühesõidukiõnnetus,Valge aeg
2020-08-16 14:23:00,2,0,1,Harju maakond,0,Kokkupõrge,Valge aeg
2020-08-16 16:33:00,2,0,1,Harju maakond,0,Kokkupõrge,Valge aeg
2020-08-17 07:20:00,2,0,1,Harju maakond,0,Kokkupõrge,Valge aeg
2020-08-17 12:31:00,1,0,1,Rapla maakond,0,Ühesõidukiõnnetus,Valge aeg
2020-08-17 15:27:00,3,0,2,Järva maakond,0,Kokkupõrge,Valge aeg
2020-08-17 17:34:00,2,0,1,Saare maakond,0,Kokkupõrge,Valge aeg
2020-08-18 10:06:00,1,0,1,Harju maakond,0,Muu liiklusõnnetus,Valge aeg
2020-08-18 10:28:00,1,0,1,Saare maakond,0,Ühesõidukiõnnetus,Valge aeg
2020-08-18 11:53:00,1,0,1,Põlva maakond,0,Ühesõidukiõnnetus,Valge aeg
2020-08-18 12:16:00,2,0,2,Tartu maakond,1,Jalakäijaõnnetus,Valge aeg
2020-08-18 18:36:00,1,0,1,Harju maakond,0,Ühesõidukiõnnetus,Valge aeg