date,persons_involved,killed,injured,county,pedestrian_involved,accident_type,light_conditions
2020-08-19 17:44:00,1,0,1,Ida-Viru maakond,0,Ühesõidukiõnnetus,Valge aeg
2020-08-19 18:03:00,3,0,2,Ida-Viru maakond,0,Kokkupõrge,Valge aeg
2020-08-19 18:07:00,2,0,1,Saare maakond,0,Kokkupõrge,Valge aeg
2020-08-19 21:46:00,1,0,1,Tartu maakond,0,Kokkupõrge,Pimeda aeg
2020-08-19 23:09:00,1,0,1,Harju maakond,0,Ühesõidukiõnnetus,Pimeda aeg
2020-08-20 15:35:00,2,0,1,Harju maakond,0,Kokkupõrge,Valge aeg
2020-08-20 16:45:00,2,0,1,Harju maakond,1,Jalakäijaõnnetus,Valge aeg
2020-08-20 18:46:00,1,0,1,Harju maakond,0,Ühesõidukiõnnetus,Valge aeg
2020-08-21 12:30:00,2,0,1,Harju maakond,0,Kokkupõrge,Valge aeg
2020-08-21 15:44:00,2,0,1,Harju maakond,0,Kokkupõrge,Valge aeg
2020-08-21 17:43:00,2,0,1,Harju maakond,1,Jalakäijaõnnetus,Valge aeg
2020-08-21 17:47:00,2,0,1,Harju maakond,0,Kokkupõrge,Valge aeg
2020-08-21 18:06:00,2,0,1,Järva maakond,0,Kokkupõrge,Valge aeg
2020-08-21 23:10:00,1,0,1,Pärnu maakond,0,Ühesõidukiõnnetus,Pimeda aeg
2020-08-22 05:10:00,1,0,1,Harju maakond,0,Ühesõidukiõnnetus,Valge aeg
2020-08-22 06:33:00,1,0,1,Põlva maakond,0,Ühesõidukiõnnetus,Pimeda aeg
2020-08-22 13:12:00,1,0,1,Harju maakond,0,Ühesõidukiõnnetus,Valge aeg
2020-08-22 14:46:00,3,0,2,Harju maakond,0,Kokkupõrge,Valge aeg
2020-08-22 15:09:00,4,0,4,Võru maakond,0,Kokkupõrge,Valge aeg
2020-08-22 16:10:00,2,0,1,Valga maakond,0,Kokkupõrge,Valge aeg
2020-08-24 09:09:00,2,0,2,Harju maakond,0,Kokkupõrge,Valge aeg
2020-08-24 08:50:00,1,0,1,Võru maakond,0,Ühesõidukiõnnetus,Valge aeg
2020-08-19 12:01:00,2,0,1,Ida-Viru maakond,1,Jalakäijaõnnetus,Valge aeg
2020-08-24 16:18:00,2,0,1,Saare maakond,0,Kokkupõrge,Valge aeg
2020-08-24 17:06:00,1,0,1,Harju maakond,0,Ühesõidukiõnnetus,Valge aeg
2020-08-24 19:17:00,2,0,1,Harju maakond,0,Kokkupõrge,Valge aeg
2020-08-25 06:41:00,1,0,1,Harju maakond,0,Muu liiklusõnnetus,Valge aeg
2020-08-25 11:23:00,2,0,1,Ida-Viru maakond,1,Jalakäijaõnnetus,Valge aeg
2020-08-25 13:29:00,2,0,1,Harju maakond,0,Muu liiklusõnnetus,Valge aeg
2020-08-25 17:06:00,2,0,1,Harju maakond,0,Muu liiklusõnnetus,Pimeda aeg
2020-08-26 07:24:00,1,0,1,Harju maakond,0,Ühesõidukiõnnetus,Valge aeg
2020-08-26 09:55:00,2,0,1,Pärnu maakond,0,Kokkupõrge,Valge aeg
2020-08-26 18:12:00,3,0,1,Tartu maakond,0,Ühesõidukiõnnetus,Valge aeg
2020-08-26 18:30:00,2,0,1,Harju maakond,0,Kokkupõrge,Valge aeg
2020-08-26 20:55:00,1,0,1,Harju maakond,0,Ühesõidukiõnnetus,Pimeda aeg
2020-08-27 18:24:00,2,0,1,Rapla maakond,0,Kokkupõrge,Valge aeg
2020-08-27 21:00:00,2,0,1,Harju maakond,0,Kokkupõrge,Pimeda aeg
2020-08-28 19:25:00,2,0,1,Harju maakond,0,Muu liiklusõnnetus,Valge aeg
2020-08-28 20:41:00,1,0,1,Tartu maakond,0,Ühesõidukiõnnetus,Pimeda aeg
2020-08-28 21:40:00,1,0,1,Pärnu maakond,0,Ühesõidukiõnnetus,Pimeda aeg
2020-08-29 13:26:00,2,0,1,Harju maakond,0,Muu liiklusõnnetus,Valge aeg
2020-08-29 15:44:00,2,0,1,Harju maakond,1,Jalakäijaõnnetus,Valge aeg
2020-01-09 00:00:00,4,0,3,Harju maakond,0,Kokkupõrge,Valge aeg
2020-01-09 00:00:00,1,0,1,Harju maakond,0,Ühesõidukiõnnetus,Valge aeg
2020-01-09 00:00:00,1,0,1,Harju maakond,0,Kokkupõrge,Valge aeg
2020-02-09 00:00:00,2,0,1,Harju maakond,1,Jalakäijaõnnetus,Valge aeg
2020-02-09 00:00:00,1,0,1,Saare maakond,0,Ühesõidukiõnnetus,Valge aeg
2020-02-09 00:00:00,3,0,2,Ida-Viru maakond,0,Kokkupõrge,Valge aeg
2020-02-09 00:00:00,2,0,1,Pärnu maakond,0,Muu liiklusõnnetus,Valge aeg
2020-04-09 00:00:00,2,0,2,Harju maakond,0,Kokkupõrge,Valge aeg
2020-04-09 00:00:00,2,0,1,Harju maakond,0,Kokkupõrge,Valge aeg
2020-04-09 00:00:00,2,0,1,Järva maakond,0,Ühesõidukiõnnetus,Valge aeg
2020-04-09 00:00:00,1,0,1,Harju maakond,0,Ühesõidukiõnnetus,Valge aeg
2020-04-09 00:00:00,2,0,1,Ida-Viru maakond,0,Kokkupõrge,Valge aeg
2020-05-09 00:00:00,1,0,1,Harju maakond,0,Ühesõidukiõnnetus,Valge aeg
2020-05-09 00:00:00,2,0,1,Tartu maakond,0,Kokkupõrge,Valge aeg
2020-05-09 00:00:00,2,0,1,Järva maakond,0,Kokkupõrge,Valge aeg
2020-05-09 00:00:00,2,0,2,Järva maakond,0,Ühesõidukiõnnetus,Valge aeg
2020-05-09 00:00:00,2,0,1,Viljandi maakond,1,Jalakäijaõnnetus,Pimeda aeg
2020-06-09 00:00:00,1,0,1,Viljandi maakond,0,Ühesõidukiõnnetus,Valge aeg
2020-06-09 00:00:00,1,0,1,Harju maakond,0,Ühesõidukiõnnetus,Valge aeg
2020-06-09 00:00:00,3,0,2,Harju maakond,0,Muu liiklusõnnetus,Pimeda aeg
2020-07-09 00:00:00,2,0,1,Harju maakond,1,Jalakäijaõnnetus,Valge aeg
2020-07-09 00:00:00,2,0,1,Harju maakond,0,Kokkupõrge,Valge aeg
2020-07-09 00:00:00,2,0,1,Harju maakond,0,Kokkupõrge,Valge aeg
2020-07-09 00:00:00,2,0,1,Pärnu maakond,1,Jalakäijaõnnetus,Valge aeg
2020-08-09 00:00:00,1,0,1,Saare maakond,0,Ühesõidukiõnnetus,Valge aeg
2020-09-09 00:00:00,2,0,1,Harju maakond,0,Kokkupõrge,Valge aeg
2020-09-09 00:00:00,2,0,1,Harju maakond,0,Muu liiklusõnnetus,Valge aeg
2020-09-09 00:00:00,3,0,1,Ida-Viru maakond,0,Kokkupõrge,Valge aeg
2020-09-09 00:00:00,2,0,1,Ida-Viru maakond,1,Jalakäijaõnnetus,Valge aeg
2020-10-09 00:00:00,2,0,1,Harju maakond,0,Kokkupõrge,Valge aeg
2020-10-09 00:00:00,2,0,1,Harju maakond,0,Kokkupõrge,Valge aeg
2020-11-09 00:00:00,4,0,2,Lääne-Viru maakond,0,Kokkupõrge,Valge aeg
2020-11-09 00:00:00,2,0,1,Harju maakond,0,Kokkupõrge,Valge aeg
2020-11-09 00:00:00,2,0,1,Harju maakond,0,Kokkupõrge,Valge aeg
2020-11-09 00:00:00,2,0,1,Harju maakond,0,Muu liiklusõnnetus,Valge aeg
2020-12-09 00:00:00,2,0,1,Saare maakond,0,Kokkupõrge,Valge aeg
2020-12-09 00:00:00,2,0,2,Rapla maakond,0,Ühesõidukiõnnetus,Valge aeg
2020-09-13 14:08:00,1,0,1,Harju maakond,0,Ühesõidukiõnnetus,Valge aeg
2020-09-13 14:19:00,2,0,1,Harju maakond,0,Kokkupõrge,Valge aeg
2020-09-13 14:57:00,4,0,2,Harju maakond,0,Kokkupõrge,Valge aeg
2020-09-13 15:13:00,1,0,1,Harju maakond,0,Ühesõidukiõnnetus,Valge aeg
2020-09-13 18:25:00,3,0,1,Harju maakond,0,Kokkupõrge,Valge aeg
2020-09-14 18:41:00,2,0,1,Harju maakond,0,Kokkupõrge,Valge aeg
2020-09-15 18:57:00,1,0,1,Harju maakond,0,Ühesõidukiõnnetus,Valge aeg
2020-09-16 08:45:00,1,0,1,Harju maakond,0,Ühesõidukiõnnetus,Valge aeg
2020-09-16 08:16:00,2,0,1,Harju maakond,0,Muu liiklusõnnetus,Valge aeg
2020-09-16 09:15:00,2,1,1,Harju maakond,0,Kokkupõrge,Valge aeg
2020-09-16 12:10:00,1,0,1,Harju maakond,0,Ühesõidukiõnnetus,Valge aeg
2020-09-16 13:46:00,3,0,1,Harju maakond,0,Kokkupõrge,Valge aeg
2020-09-16 15:54:00,3,0,1,Tartu maakond,0,Muu liiklusõnnetus,Valge aeg
2020-09-17 08:21:00,2,0,1,Harju maakond,0,Muu liiklusõnnetus,Valge aeg
2020-09-17 15:50:00,2,0,1,Ida-Viru maakond,0,Kokkupõrge,Valge aeg
2020-09-17 16:35:00,1,1,0,Lääne maakond,0,Ühesõidukiõnnetus,Valge aeg
2020-09-17 17:45:00,2,0,1,Harju maakond,1,Jalakäijaõnnetus,Valge aeg
2020-09-17 19:50:00,1,0,1,Harju maakond,0,Muu liiklusõnnetus,Pimeda aeg
2020-09-18 12:24:00,1,0,1,Harju maakond,0,Ühesõidukiõnnetus,Valge aeg
2020-09-18 17:07:00,2,0,1,Jõgeva maakond,0,Kokkupõrge,Valge aeg
2020-09-18 18:00:00,2,0,1,Harju maakond,0,Kokkupõrge,Valge aeg
2020-09-18 18:30:00,2,0,2,Pärnu maakond,0,Ühesõidukiõnnetus,Valge aeg
2020-09-18 18:55:00,1,0,1,Viljandi maakond,0,Ühesõidukiõnnetus,Valge aeg
2020-09-18 19:00:00,2,0,1,Harju maakond,1,Jalakäijaõnnetus,Pimeda aeg
2020-09-18 20:34:00,2,0,1,Harju maakond,0,Kokkupõrge,Pimeda aeg
2020-09-19 11:19:00,3,0,2,Harju maakond,0,Kokkupõrge,Valge aeg
2020-09-19 13:49:00,1,0,1,Harju maakond,0,Kokkupõrge,Valge aeg
2020-09-19 15:29:00,2,0,1,Harju maakond,0,Kokkupõrge,Valge aeg
2020-09-19 15:47:00,1,0,1,Harju maakond,0,Ühesõidukiõnnetus,Valge aeg
2020-09-19 20:11:00,1,0,1,Harju maakond,0,Ühesõidukiõnnetus,Pimeda aeg
2020-09-19 21:46:00,3,0,2,Järva maakond,0,Ühesõidukiõnnetus,Pimeda aeg
2020-09-20 01:00:00,1,0,1,Pärnu maakond,0,Ühesõidukiõnnetus,Pimeda aeg
2020-09-20 02:23:00,1,0,1,Harju maakond,0,Ühesõidukiõnnetus,Pimeda aeg
2020-09-20 13:54:00,2,0,1,Harju maakond,1,Muu liiklusõnnetus,Valge aeg
2020-09-20 16:50:00,1,0,1,Lääne-Viru maakond,0,Ühesõidukiõnnetus,Valge aeg
2020-09-20 19:49:00,1,0,1,Harju maakond,0,Ühesõidukiõnnetus,Pimeda aeg
2020-09-20 20:45:00,1,0,1,Harju maakond,0,Ühesõidukiõnnetus,Pimeda aeg
2020-09-20 21:01:00,2,0,1,Harju maakond,1,Jalakäijaõnnetus,Pimeda aeg
2020-09-20 21:36:00,2,0,1,Harju maakond,0,Kokkupõrge,Pimeda aeg
2020-09-20 23:10:00,1,0,1,Saare maakond,0,Ühesõidukiõnnetus,Pimeda aeg
2020-09-21 13:34:00,1,0,1,Harju maakond,0,Ühesõidukiõnnetus,Valge aeg
2020-09-21 15:00:00,3,0,1,Järva maakond,0,Kokkupõrge,Valge aeg
2020-09-21 15:54:00,2,0,1,Harju maakond,0,Muu liiklusõnnetus,Valge aeg
2020-09-21 16:25:00,2,0,1,Tartu maakond,0,Ühesõidukiõnnetus,Valge aeg
2020-09-21 18:18:00,2,0,1,Harju maakond,1,Jalakäijaõnnetus,Valge aeg
2020-09-22 08:51:00,2,0,1,Harju maakond,0,Kokkupõrge,Valge aeg
2020-09-22 10:23:00,1,0,1,Harju maakond,0,Ühesõidukiõnnetus,Valge aeg
2020-09-22 11:00:00,3,0,2,Harju maakond,1,Jalakäijaõnnetus,Valge aeg
2020-09-22 15:45:00,2,0,1,Harju maakond,1,Jalakäijaõnnetus,Valge aeg
2020-09-23 11:45:00,2,0,1,Ida-Viru maakond,0,Kokkupõrge,Valge aeg
2020-09-23 13:20:00,3,0,1,Harju maakond,0,Kokkupõrge,Valge aeg
2020-09-23 11:15:00,2,0,1,Harju maakond,1,Jalakäijaõnnetus,Valge aeg
2020-09-23 21:25:00,1,0,1,Lääne-Viru maakond,0,Ühesõidukiõnnetus,Pimeda aeg
2020-09-24 07:40:00,1,0,1,Harju maakond,0,Ühesõidukiõnnetus,Valge aeg
2020-09-24 10:26:00,2,0,1,Ida-Viru maakond,0,Kokkupõrge,Valge aeg
2020-09-24 10:39:00,2,0,1,Tartu maakond,1,Jalakäijaõnnetus,Valge aeg
2020-09-24 15:09:00,1,0,1,Harju maakond,0,Ühesõidukiõnnetus,Valge aeg
2020-09-24 15:48:00,2,0,1,Harju maakond,0,Muu liiklusõnnetus,Valge aeg
2020-09-24 16:32:00,4,0,1,Viljandi maakond,0,Kokkupõrge,Valge aeg
2020-09-24 16:50:00,2,0,1,Harju maakond,0,Kokkupõrge,Valge aeg
2020-09-24 17:59:00,2,0,1,Harju maakond,0,Kokkupõrge,Valge aeg
2020-09-24 20:45:00,1,0,1,Harju maakond,0,Ühesõidukiõnnetus,Pimeda aeg
2020-09-25 10:07:00,2,0,1,Harju maakond,0,Muu liiklusõnnetus,Valge aeg
2020-09-25 11:46:00,2,0,1,Tartu maakond,1,Jalakäijaõnnetus,Valge aeg
2020-09-25 11:54:00,2,0,1,Viljandi maakond,0,Kokkupõrge,Valge aeg
2020-09-25 12:45:00,3,0,1,Harju maakond,0,Teadmata,Valge aeg
2020-09-25 14:00:00,2,0,1,Järva maakond,0,Kokkupõrge,Valge aeg
2020-09-25 15:10:00,4,0,2,Lääne-Viru maakond,0,Kokkupõrge,Valge aeg
2020-09-25 16:51:00,1,0,1,Harju maakond,0,Ühesõidukiõnnetus,Valge aeg
2020-09-25 17:50:00,2,0,1,Ida-Viru maakond,1,Jalakäijaõnnetus,Valge aeg
2020-09-26 01:06:00,1,1,0,Rapla maakond,0,Ühesõidukiõnnetus,Pimeda aeg
2020-09-26 14:32:00,2,0,1,Harju maakond,1,Jalakäijaõnnetus,Valge aeg
2020-09-26 16:43:00,1,0,1,Järva maakond,0,Ühesõidukiõnnetus,Valge aeg
2020-09-27 12:10:00,2,0,1,Harju maakond,0,Kokkupõrge,Valge aeg
2020-09-27 12:37:00,2,0,1,Harju maakond,1,Jalakäijaõnnetus,Valge aeg
2020-09-27 14:44:00,1,0,1,Harju maakond,0,Ühesõidukiõnnetus,Valge aeg
2020-09-27 14:53:00,2,0,1,Harju maakond,1,Jalakäijaõnnetus,Valge aeg
2020-09-27 15:35:00,3,0,2,Võru maakond,0,Kokkupõrge,Valge aeg
2020-09-27 16:40:00,5,0,2,Harju maakond,0,Kokkupõrge,Valge aeg
2020-09-27 20:30:00,2,0,1,Harju maakond,0,Kokkupõrge,Valge aeg
2020-09-28 10:11:00,2,0,1,Harju maakond,1,Jalakäijaõnnetus,Valge aeg
2020-09-28 12:05:00,2,0,1,Pärnu maakond,1,Jalakäijaõnnetus,Valge aeg
2020-09-28 13:40:00,1,0,1,Harju maakond,0,Ühesõidukiõnnetus,Valge aeg
2020-09-28 14:26:00,1,0,1,Lääne-Viru maakond,0,Ühesõidukiõnnetus,Valge aeg
2020-09-28 17:15:00,1,0,1,Pärnu maakond,0,Ühesõidukiõnnetus,Valge aeg
2020-09-29 14:15:00,1,0,1,Harju maakond,0,Ühesõidukiõnnetus,Valge aeg
2020-09-29 14:39:00,3,0,1,Harju maakond,0,Kokkupõrge,Valge aeg
2020-09-30 10:04:00,1,0,1,Harju maakond,0,Ühesõidukiõnnetus,Valge aeg
2020-09-30 12:55:00,1,0,1,Harju maakond,0,Ühesõidukiõnnetus,Valge aeg
2020-09-30 18:30:00,2,0,1,Harju maakond,0,Kokkupõrge,Valge aeg
2020-01-10 00:00:00,2,0,1,Tartu maakond,0,Kokkupõrge,Valge aeg
2020-01-10 00:00:00,2,0,2,Harju maakond,0,Kokkupõrge,Valge aeg
2020-01-10 00:00:00,1,0,1,Harju maakond,0,Ühesõidukiõnnetus,Valge aeg
2020-01-10 00:00:00,3,0,1,Harju maakond,0,Kokkupõrge,Pimeda aeg
2020-02-10 00:00:00,2,0,1,Harju maakond,1,Jalakäijaõnnetus,Valge aeg
2020-02-10 00:00:00,1,0,1,Harju maakond,0,Ühesõidukiõnnetus,Valge aeg
2020-02-10 00:00:00,2,0,1,Harju maakond,1,Jalakäijaõnnetus,Valge aeg
2020-02-10 00:00:00,1,0,1,Harju maakond,0,Ühesõidukiõnnetus,Valge aeg
2020-02-10 00:00:00,1,0,1,Harju maakond,0,Ühesõidukiõnnetus,Pimeda aeg
2020-02-10 00:00:00,2,0,1,Ida-Viru maakond,0,Kokkupõrge,Pimeda aeg
2020-03-10 00:00:00,2,0,1,Harju maakond,0,Muu liiklusõnnetus,Valge aeg
2020-03-10 00:00:00,1,0,1,Rapla maakond,0,Ühesõidukiõnnetus,Pimeda aeg
2020-03-10 00:00:00,1,0,1,Harju maakond,1,Jalakäijaõnnetus,Pimeda aeg
2020-04-10 00:00:00,1,0,1,Harju maakond,0,Ühesõidukiõnnetus,Pimeda aeg
2020-04-10 00:00:00,1,0,1,Harju maakond,0,Kokkupõrge,Pimeda aeg
2020-05-10 00:00:00,2,1,0,Lääne-Viru maakond,0,Kokkupõrge,Valge aeg
2020-05-10 00:00:00,2,0,1,Harju maakond,0,Kokkupõrge,Valge aeg
2020-05-10 00:00:00,1,0,1,Harju maakond,0,Ühesõidukiõnnetus,Pimeda aeg
2020-06-10 00:00:00,1,0,1,Lääne-Viru maakond,1,Jalakäijaõnnetus,Valge aeg
2020-06-10 00:00:00,2,0,1,Rapla maakond,0,Kokkupõrge,Valge aeg
2020-06-10 00:00:00,1,0,1,Võru maakond,0,Ühesõidukiõnnetus,Valge aeg
2020-06-10 00:00:00,1,0,1,Harju maakond,0,Ühesõidukiõnnetus,Valge aeg
2020-06-10 00:00:00,4,0,2,Võru maakond,1,Jalakäijaõnnetus,Valge aeg
2020-06-10 00:00:00,2,0,2,Tartu maakond,0,Kokkupõrge,Valge aeg
2020-07-10 00:00:00,2,0,1,Jõgeva maakond,0,Kokkupõrge,Valge aeg
2020-07-10 00:00:00,2,0,1,Järva maakond,1,Jalakäijaõnnetus,Valge aeg
2020-07-10 00:00:00,2,0,1,Harju maakond,0,Ühesõidukiõnnetus,Pimeda aeg
2020-08-10 00:00:00,3,0,1,Harju maakond,0,Kokkupõrge,Valge aeg
2020-08-10 00:00:00,3,0,1,Ida-Viru maakond,0,Ühesõidukiõnnetus,Valge aeg
2020-08-10 00:00:00,2,0,1,Harju maakond,0,Kokkupõrge,Valge aeg
2020-08-10 00:00:00,3,0,2,Harju maakond,1,Jalakäijaõnnetus,Valge aeg
2020-08-10 00:00:00,4,1,1,Harju maakond,0,Kokkupõrge,Valge aeg
2020-08-10 00:00:00,1,0,1,Ida-Viru maakond,0,Ühesõidukiõnnetus,Valge aeg
2020-08-10 00:00:00,2,0,1,Rapla maakond,1,Jalakäijaõnnetus,Pimeda aeg
2020-08-10 00:00:00,2,0,1,Jõgeva maakond,0,Kokkupõrge,Pimeda aeg
2020-09-10 00:00:00,1,0,1,Harju maakond,0,Ühesõidukiõnnetus,Pimeda aeg
2020-09-10 00:00:00,1,0,1,Harju maakond,0,Ühesõidukiõnnetus,Valge aeg
2020-10-10 00:00:00,1,1,0,Harju maakond,0,Ühesõidukiõnnetus,Pimeda aeg
2020-10-10 00:00:00,2,0,1,Ida-Viru maakond,0,Kokkupõrge,Valge aeg
2020-10-10 00:00:00,2,0,1,Harju maakond,0,Kokkupõrge,Valge aeg
2020-10-10 00:00:00,2,0,1,Harju maakond,0,Muu liiklusõnnetus,Valge aeg
2020-10-10 00:00:00,2,0,1,Harju maakond,1,Jalakäijaõnnetus,Valge aeg
2020-10-10 00:00:00,1,0,1,Harju maakond,0,Ühesõidukiõnnetus,Valge aeg
2020-10-10 00:00:00,2,0,1,Harju maakond,0,Kokkupõrge,Valge aeg
2020-11-10 00:00:00,1,0,1,Pärnu maakond,0,Ühesõidukiõnnetus,Pimeda aeg
2020-11-10 00:00:00,2,0,1,Ida-Viru maakond,0,Kokkupõrge,Valge aeg
2020-11-10 00:00:00,6,0,1,Ida-Viru maakond,0,Kokkupõrge,Valge aeg
2020-11-10 00:00:00,4,0,2,Lääne-Viru maakond,0,Muu liiklusõnnetus,Pimeda aeg
2020-12-10 00:00:00,3,0,2,Harju maakond,0,Kokkupõrge,Valge aeg
2020-12-10 00:00:00,3,0,2,Harju maakond,1,Jalakäijaõnnetus,Valge aeg
2020-10-13 01:29:00,2,0,2,Pärnu maakond,0,Ühesõidukiõnnetus,Pimeda aeg
2020-10-13 18:30:00,1,0,1,Ida-Viru maakond,0,Ühesõidukiõnnetus,Pimeda aeg
2020-10-14 10:50:00,2,0,1,Ida-Viru maakond,1,Jalakäijaõnnetus,Valge aeg
2020-10-15 14:50:00,3,0,1,Harju maakond,1,Kokkupõrge,Valge aeg
2020-10-15 18:19:00,1,0,1,Harju maakond,0,Ühesõidukiõnnetus,Pimeda aeg
2020-10-16 09:50:00,2,0,1,Pärnu maakond,0,Kokkupõrge,Valge aeg
2020-10-16 18:26:00,2,0,1,Harju maakond,0,Ühesõidukiõnnetus,Valge aeg
2020-10-17 18:40:00,1,0,1,Harju maakond,0,Ühesõidukiõnnetus,Valge aeg
2020-10-17 19:10:00,1,0,1,Lääne-Viru maakond,0,Muu liiklusõnnetus,Pimeda aeg
2020-10-17 21:32:00,1,0,1,Tartu maakond,0,Ühesõidukiõnnetus,Pimeda aeg
2020-10-18 12:45:00,2,0,1,Lääne-Viru maakond,0,Ühesõidukiõnnetus,Valge aeg
2020-10-18 12:54:00,1,0,1,Harju maakond,0,Ühesõidukiõnnetus,Valge aeg
2020-10-18 14:43:00,1,1,0,Tartu maakond,0,Ühesõidukiõnnetus,Valge aeg
2020-10-19 08:30:00,3,0,2,Harju maakond,0,Kokkupõrge,Valge aeg
2020-10-19 11:51:00,2,0,1,Tartu maakond,0,Ühesõidukiõnnetus,Valge aeg
2020-10-19 12:02:00,2,0,1,Harju maakond,0,Muu liiklusõnnetus,Valge aeg
2020-10-19 16:39:00,1,0,1,Harju maakond,0,Ühesõidukiõnnetus,Valge aeg
2020-10-19 16:40:00,3,0,1,Viljandi maakond,0,Ühesõidukiõnnetus,Valge aeg
2020-10-19 20:35:00,2,0,1,Harju maakond,1,Jalakäijaõnnetus,Pimeda aeg
2020-10-20 09:13:00,2,0,1,Harju maakond,0,Kokkupõrge,Valge aeg
2020-10-20 09:40:00,2,0,1,Ida-Viru maakond,1,Jalakäijaõnnetus,Valge aeg
2020-10-20 15:26:00,2,0,1,Lääne maakond,0,Kokkupõrge,Valge aeg
2020-10-20 15:37:00,2,0,1,Harju maakond,0,Muu liiklusõnnetus,Valge aeg
2020-10-20 16:05:00,2,0,1,Harju maakond,0,Kokkupõrge,Valge aeg
2020-10-21 10:59:00,5,0,1,Saare maakond,0,Kokkupõrge,Valge aeg
2020-10-21 11:20:00,1,0,1,Ida-Viru maakond,0,Ühesõidukiõnnetus,Valge aeg
2020-10-21 14:00:00,2,0,1,Pärnu maakond,1,Jalakäijaõnnetus,Valge aeg
2020-10-21 14:32:00,2,0,1,Harju maakond,1,Jalakäijaõnnetus,Valge aeg
2020-10-21 19:35:00,2,0,1,Harju maakond,1,Jalakäijaõnnetus,Pimeda aeg
2020-10-21 22:50:00,2,0,1,Järva maakond,0,Kokkupõrge,Pimeda aeg
2020-10-22 06:50:00,2,0,1,Võru maakond,1,Jalakäijaõnnetus,Pimeda aeg
2020-10-22 13:20:00,2,0,1,Pärnu maakond,0,Ühesõidukiõnnetus,Valge aeg
2020-10-23 06:15:00,2,0,1,Harju maakond,0,Kokkupõrge,Pimeda aeg
2020-10-23 08:00:00,2,0,1,Viljandi maakond,0,Ühesõidukiõnnetus,Valge aeg
2020-10-23 18:50:00,2,0,1,Harju maakond,1,Jalakäijaõnnetus,Pimeda aeg
2020-10-24 16:18:00,1,0,1,Harju maakond,0,Ühesõidukiõnnetus,Valge aeg
2020-10-26 00:15:00,3,0,1,Harju maakond,0,Kokkupõrge,Pimeda aeg
2020-10-26 10:39:00,2,0,1,Harju maakond,0,Muu liiklusõnnetus,Valge aeg
2020-10-26 21:50:00,2,0,1,Põlva maakond,0,Kokkupõrge,Pimeda aeg
2020-10-27 17:20:00,2,0,1,Harju maakond,1,Jalakäijaõnnetus,Pimeda aeg
2020-10-27 16:30:00,2,0,1,Harju maakond,1,Jalakäijaõnnetus,Pimeda aeg
2020-10-27 18:15:00,1,0,1,Lääne-Viru maakond,0,Kokkupõrge,Pimeda aeg
2020-10-28 14:49:00,1,0,1,Pärnu maakond,0,Ühesõidukiõnnetus,Valge aeg
2020-10-28 21:22:00,1,0,1,Pärnu maakond,0,Ühesõidukiõnnetus,Pimeda aeg
2020-10-28 23:18:00,2,0,1,Harju maakond,1,Jalakäijaõnnetus,Pimeda aeg
2020-10-29 16:10:00,2,0,1,Harju maakond,1,Jalakäijaõnnetus,Valge aeg
2020-10-29 16:21:00,2,0,1,Ida-Viru maakond,1,Jalakäijaõnnetus,Valge aeg
2020-10-30 03:47:00,1,0,1,Harju maakond,0,Ühesõidukiõnnetus,Pimeda aeg
2020-10-30 10:14:00,4,0,3,Viljandi maakond,0,Kokkupõrge,Valge aeg
2020-10-31 14:41:00,1,0,1,Valga maakond,0,Ühesõidukiõnnetus,Valge aeg
2020-10-31 15:00:00,4,0,2,Harju maakond,0,Muu liiklusõnnetus,Valge aeg
2020-01-11 00:00:00,1,1,0,Valga maakond,0,Ühesõidukiõnnetus,Pimeda aeg
2020-01-11 00:00:00,1,0,1,Harju maakond,0,Ühesõidukiõnnetus,Valge aeg
2020-01-11 00:00:00,2,0,1,Harju maakond,0,Muu liiklusõnnetus,Pimeda aeg
2020-01-11 00:00:00,2,0,1,Ida-Viru maakond,1,Jalakäijaõnnetus,Pimeda aeg
2020-02-11 00:00:00,2,0,1,Ida-Viru maakond,0,Kokkupõrge,Valge aeg
2020-02-11 00:00:00,3,0,1,Ida-Viru maakond,0,Kokkupõrge,Valge aeg
2020-02-11 00:00:00,1,0,1,Harju maakond,0,Ühesõidukiõnnetus,Valge aeg
2020-02-11 00:00:00,2,0,1,Harju maakond,0,Kokkupõrge,Valge aeg
2020-02-11 00:00:00,2,0,1,Lääne-Viru maakond,0,Kokkupõrge,Valge aeg
2020-02-11 00:00:00,2,0,1,Harju maakond,0,Kokkupõrge,Pimeda aeg
2020-03-11 00:00:00,3,0,1,Harju maakond,0,Kokkupõrge,Valge aeg
2020-04-11 00:00:00,3,0,1,Harju maakond,1,Jalakäijaõnnetus,Valge aeg
2020-04-11 00:00:00,5,0,2,Harju maakond,0,Kokkupõrge,Valge aeg
2020-04-11 00:00:00,2,0,1,Lääne-Viru maakond,1,Jalakäijaõnnetus,Pimeda aeg
2020-04-11 00:00:00,2,0,1,Harju maakond,1,Jalakäijaõnnetus,Pimeda aeg