date,persons_involved,killed,injured,county,pedestrian_involved,accident_type,light_conditions
2020-04-11 00:00:00,2,0,1,Tartu maakond,1,Jalakäijaõnnetus,Pimeda aeg
2020-05-11 00:00:00,2,0,1,Harju maakond,0,Kokkupõrge,Valge aeg
2020-05-11 00:00:00,2,0,1,Harju maakond,0,Muu liiklusõnnetus,Valge aeg
2020-05-11 00:00:00,2,0,1,Saare maakond,1,Jalakäijaõnnetus,Pimeda aeg
2020-07-11 00:00:00,1,0,1,Lääne-Viru maakond,0,Ühesõidukiõnnetus,Valge aeg
2020-07-11 00:00:00,2,0,2,Valga maakond,0,Ühesõidukiõnnetus,Pimeda aeg
2020-07-11 00:00:00,2,0,1,Harju maakond,0,Kokkupõrge,Pimeda aeg
2020-07-11 00:00:00,1,0,1,Lääne-Viru maakond,0,Ühesõidukiõnnetus,Pimeda aeg
2020-08-11 00:00:00,2,0,1,Harju maakond,0,Kokkupõrge,Valge aeg
2020-08-11 00:00:00,1,0,1,Lääne maakond,0,Ühesõidukiõnnetus,Valge aeg
2020-09-11 00:00:00,3,0,2,Võru maakond,0,Kokkupõrge,Valge aeg
2020-09-11 00:00:00,2,1,0,Rapla maakond,1,Jalakäijaõnnetus,Valge aeg
2020-09-11 00:00:00,2,1,0,Harju maakond,1,Jalakäijaõnnetus,Valge aeg
2020-09-11 00:00:00,1,0,1,Ida-Viru maakond,0,Kokkupõrge,Pimeda aeg
2020-10-11 00:00:00,2,0,1,Tartu maakond,1,Jalakäijaõnnetus,Valge aeg
2020-11-11 00:00:00,1,0,1,Ida-Viru maakond,0,Ühesõidukiõnnetus,Pimeda aeg
2020-11-11 00:00:00,2,0,1,Harju maakond,1,Jalakäijaõnnetus,Pimeda aeg
2020-12-11 00:00:00,3,0,1,Harju maakond,1,Jalakäijaõnnetus,Valge aeg
2020-12-11 00:00:00,3,0,2,Tartu maakond,1,Jalakäijaõnnetus,Valge aeg
2020-12-11 00:00:00,2,0,1,Tartu maakond,0,Kokkupõrge,Valge aeg
2020-12-11 00:00:00,1,0,1,Võru maakond,0,Ühesõidukiõnnetus,Pimeda aeg
2020-11-13 07:37:00,2,0,1,Harju maakond,1,Jalakäijaõnnetus,Valge aeg
2020-11-13 12:04:00,1,0,1,Harju maakond,0,Ühesõidukiõnnetus,Valge aeg
2020-11-14 13:40:00,2,0,1,Harju maakond,0,Kokkupõrge,Valge aeg
2020-11-14 15:11:00,2,0,1,Harju maakond,0,Muu liiklusõnnetus,Valge aeg
2020-11-14 17:15:00,2,0,1,Harju maakond,1,Jalakäijaõnnetus,Pimeda aeg
2020-11-14 17:47:00,2,0,1,Harju maakond,0,Jalakäijaõnnetus,Pimeda aeg
2020-11-16 13:20:00,1,0,1,Järva maakond,0,Ühesõidukiõnnetus,Valge aeg
2020-11-16 17:02:00,3,0,1,Lääne maakond,1,Jalakäijaõnnetus,Pimeda aeg
2020-11-16 17:11:00,4,0,3,Pärnu maakond,0,Kokkupõrge,Pimeda aeg
2020-11-16 17:45:00,2,0,1,Harju maakond,1,Jalakäijaõnnetus,Pimeda aeg
2020-11-17 13:20:00,1,0,1,Lääne-Viru maakond,0,Ühesõidukiõnnetus,Valge aeg
2020-11-17 07:30:00,2,0,1,Pärnu maakond,0,Kokkupõrge,Pimeda aeg
2020-11-17 17:24:00,3,0,1,Harju maakond,0,Kokkupõrge,Pimeda aeg
2020-11-17 18:17:00,2,0,1,Järva maakond,0,Kokkupõrge,Pimeda aeg
2020-11-17 21:04:00,2,0,1,Harju maakond,0,Muu liiklusõnnetus,Pimeda aeg
2020-11-18 07:46:00,2,0,1,Harju maakond,1,Jalakäijaõnnetus,Pimeda aeg
2020-11-18 07:53:00,2,0,1,Harju maakond,1,Jalakäijaõnnetus,Valge aeg
2020-11-18 07:50:00,3,0,1,Ida-Viru maakond,1,Jalakäijaõnnetus,Valge aeg
2020-11-18 10:49:00,3,0,1,Tartu maakond,0,Kokkupõrge,Valge aeg
2020-11-18 18:27:00,2,0,1,Harju maakond,0,Kokkupõrge,Pimeda aeg
2020-11-18 00:00:00,1,0,1,Jõgeva maakond,0,Ühesõidukiõnnetus,Pimeda aeg
2020-11-19 06:06:00,2,1,0,Harju maakond,1,Jalakäijaõnnetus,Pimeda aeg
2020-11-19 17:44:00,3,0,1,Tartu maakond,0,Muu liiklusõnnetus,Pimeda aeg
2020-11-19 21:19:00,2,0,1,Harju maakond,1,Jalakäijaõnnetus,Pimeda aeg
2020-11-20 08:35:00,3,0,2,Harju maakond,0,Kokkupõrge,Valge aeg
2020-11-20 13:30:00,2,0,1,Lääne-Viru maakond,0,Kokkupõrge,Valge aeg
2020-11-20 16:41:00,6,0,4,Viljandi maakond,0,Kokkupõrge,Pimeda aeg
2020-11-20 16:45:00,5,0,2,Tartu maakond,0,Kokkupõrge,Pimeda aeg
2020-11-21 17:30:00,3,0,1,Ida-Viru maakond,1,Jalakäijaõnnetus,Pimeda aeg
2020-11-21 18:15:00,2,0,1,Harju maakond,1,Jalakäijaõnnetus,Pimeda aeg
2020-11-21 18:25:00,4,0,2,Harju maakond,0,Kokkupõrge,Pimeda aeg
2020-11-22 00:20:00,3,0,1,Lääne-Viru maakond,1,Jalakäijaõnnetus,Pimeda aeg
2020-11-22 07:50:00,3,0,1,Harju maakond,0,Kokkupõrge,Valge aeg
2020-11-22 08:38:00,2,0,1,Lääne-Viru maakond,0,Ühesõidukiõnnetus,Valge aeg
2020-11-22 18:36:00,1,0,1,Harju maakond,0,Ühesõidukiõnnetus,Pimeda aeg
2020-11-23 11:35:00,2,1,0,Lääne-Viru maakond,0,Kokkupõrge,Valge aeg
2020-11-25 07:30:00,2,0,2,Harju maakond,0,Kokkupõrge,Valge aeg
2020-11-25 08:11:00,2,0,1,Harju maakond,1,Jalakäijaõnnetus,Valge aeg
2020-11-25 14:08:00,2,0,1,Pärnu maakond,0,Muu liiklusõnnetus,Valge aeg
2020-11-25 16:12:00,2,0,1,Tartu maakond,1,Jalakäijaõnnetus,Pimeda aeg
2020-11-25 17:35:00,2,0,1,Lääne-Viru maakond,1,Jalakäijaõnnetus,Pimeda aeg
2020-11-25 17:36:00,2,1,0,Tartu maakond,1,Jalakäijaõnnetus,Pimeda aeg
2020-11-25 17:50:00,2,0,1,Võru maakond,1,Jalakäijaõnnetus,Pimeda aeg
2020-11-25 19:19:00,2,0,1,Harju maakond,1,Jalakäijaõnnetus,Pimeda aeg
2020-11-26 07:50:00,4,0,2,Pärnu maakond,0,Kokkupõrge,Pimeda aeg
2020-11-26 12:00:00,2,0,1,Viljandi maakond,0,Kokkupõrge,Valge aeg
2020-11-26 17:44:00,2,0,1,Harju maakond,1,Jalakäijaõnnetus,Pimeda aeg
2020-11-26 18:30:00,2,0,1,Harju maakond,1,Jalakäijaõnnetus,Pimeda aeg
2020-11-26 19:54:00,2,0,1,Harju maakond,1,Jalakäijaõnnetus,Pimeda aeg
2020-11-26 23:03:00,1,0,1,Harju maakond,0,Ühesõidukiõnnetus,Pimeda aeg
2020-11-27 10:45:00,1,1,0,Pärnu maakond,0,Ühesõidukiõnnetus,Valge aeg
2020-11-27 21:26:00,2,0,1,Pärnu maakond,1,Jalakäijaõnnetus,Pimeda aeg
2020-11-27 22:40:00,2,0,1,Pärnu maakond,1,Jalakäijaõnnetus,Pimeda aeg
2020-11-28 00:00:00,1,0,1,Pärnu maakond,0,Ühesõidukiõnnetus,Pimeda aeg
2020-11-28 08:48:00,1,0,1,Harju maakond,0,Ühesõidukiõnnetus,Valge aeg
2020-11-28 18:30:00,1,0,1,Lääne-Viru maakond,0,Ühesõidukiõnnetus,Pimeda aeg
2020-11-28 23:45:00,3,0,3,Harju maakond,0,Kokkupõrge,Pimeda aeg
2020-11-30 09:05:00,2,0,2,Võru maakond,0,Kokkupõrge,Valge aeg
2020-11-30 13:44:00,2,0,1,Tartu maakond,1,Jalakäijaõnnetus,Valge aeg
2020-11-30 15:30:00,2,0,1,Põlva maakond,0,Kokkupõrge,Valge aeg
2020-11-30 17:10:00,2,0,1,Harju maakond,1,Jalakäijaõnnetus,Pimeda aeg
2020-01-12 00:00:00,2,0,1,Harju maakond,0,Kokkupõrge,Valge aeg
2020-01-12 00:00:00,2,0,1,Pärnu maakond,1,Jalakäijaõnnetus,Pimeda aeg
2020-01-12 00:00:00,3,0,1,Harju maakond,0,Kokkupõrge,Pimeda aeg
2020-01-12 00:00:00,4,0,4,Põlva maakond,0,Ühesõidukiõnnetus,Pimeda aeg
2020-02-12 00:00:00,2,0,1,Pärnu maakond,0,Kokkupõrge,Valge aeg
2020-02-12 00:00:00,2,0,1,Harju maakond,0,Kokkupõrge,Pimeda aeg
2020-02-12 00:00:00,2,0,1,Harju maakond,1,Jalakäijaõnnetus,Pimeda aeg
2020-02-12 00:00:00,2,0,1,Harju maakond,1,Jalakäijaõnnetus,Pimeda aeg
2020-04-12 00:00:00,1,0,1,Ida-Viru maakond,0,Ühesõidukiõnnetus,Valge aeg
2020-04-12 00:00:00,2,0,1,Harju maakond,1,Jalakäijaõnnetus,Valge aeg
2020-04-12 00:00:00,2,0,1,Harju maakond,0,Kokkupõrge,Pimeda aeg
2020-05-12 00:00:00,2,0,1,Harju maakond,1,Jalakäijaõnnetus,Pimeda aeg
2020-06-12 00:00:00,2,0,1,Harju maakond,1,Jalakäijaõnnetus,Pimeda aeg
2020-06-12 00:00:00,3,1,0,Lääne maakond,0,Ühesõidukiõnnetus,Pimeda aeg
2020-07-12 00:00:00,2,0,1,Ida-Viru maakond,1,Jalakäijaõnnetus,Valge aeg
2020-07-12 00:00:00,1,0,1,Saare maakond,0,Ühesõidukiõnnetus,Valge aeg
2020-07-12 00:00:00,1,0,1,Harju maakond,0,Muu liiklusõnnetus,Pimeda aeg
2020-08-12 00:00:00,2,0,1,Valga maakond,1,Jalakäijaõnnetus,Valge aeg
2020-08-12 00:00:00,2,0,1,Jõgeva maakond,1,Jalakäijaõnnetus,Pimeda aeg
2020-09-12 00:00:00,2,0,1,Pärnu maakond,0,Kokkupõrge,Valge aeg
2020-10-12 00:00:00,2,0,1,Harju maakond,0,Muu liiklusõnnetus,Valge aeg
2020-10-12 00:00:00,1,0,1,Jõgeva maakond,0,Ühesõidukiõnnetus,Valge aeg
2020-10-12 00:00:00,4,0,2,Lääne-Viru maakond,0,Muu liiklusõnnetus,Pimeda aeg
2020-11-12 00:00:00,1,0,1,Pärnu maakond,0,Ühesõidukiõnnetus,Valge aeg
2020-11-12 00:00:00,2,0,1,Harju maakond,0,Muu liiklusõnnetus,Pimeda aeg
2020-12-12 00:00:00,1,1,0,Harju maakond,0,Ühesõidukiõnnetus,Pimeda aeg
2020-12-12 00:00:00,1,0,1,Pärnu maakond,0,Ühesõidukiõnnetus,Valge aeg
2020-12-12 00:00:00,1,0,1,Harju maakond,0,Muu liiklusõnnetus,Valge aeg
2020-12-14 03:09:00,1,1,0,Lääne-Viru maakond,0,Ühesõidukiõnnetus,Pimeda aeg
2020-12-14 13:14:00,2,0,1,Harju maakond,0,Muu liiklusõnnetus,Valge aeg
2020-12-14 17:14:00,2,0,1,Tartu maakond,1,Jalakäijaõnnetus,Pimeda aeg
2020-12-15 13:00:00,2,0,1,Harju maakond,1,Jalakäijaõnnetus,Valge aeg
2020-12-15 17:23:00,3,0,1,Harju maakond,1,Kokkupõrge,Pimeda aeg
2020-12-15 18:51:00,1,0,1,Harju maakond,0,Ühesõidukiõnnetus,Pimeda aeg
2020-12-15 19:20:00,2,0,1,Rapla maakond,1,Jalakäijaõnnetus,Pimeda aeg
2020-12-16 06:00:00,1,0,1,Pärnu maakond,0,Ühesõidukiõnnetus,Pimeda aeg
2020-12-16 20:44:00,1,0,1,Harju maakond,0,Ühesõidukiõnnetus,Pimeda aeg
2020-12-17 17:02:00,2,0,1,Harju maakond,1,Jalakäijaõnnetus,Pimeda aeg
2020-12-17 19:20:00,2,0,1,Järva maakond,1,Jalakäijaõnnetus,Pimeda aeg
2020-12-18 07:09:00,2,0,1,Harju maakond,1,Jalakäijaõnnetus,Pimeda aeg
2020-12-18 14:12:00,1,0,1,Põlva maakond,0,Ühesõidukiõnnetus,Valge aeg
2020-12-19 03:13:00,1,0,1,Harju maakond,0,Ühesõidukiõnnetus,Pimeda aeg
2020-12-18 18:00:00,1,0,1,Harju maakond,0,Kokkupõrge,Valge aeg
2020-12-19 11:43:00,2,0,1,Viljandi maakond,1,Jalakäijaõnnetus,Valge aeg
2020-12-19 17:39:00,1,0,1,Harju maakond,0,Kokkupõrge,Pimeda aeg
2020-12-18 23:25:00,2,0,1,Pärnu maakond,1,Jalakäijaõnnetus,Pimeda aeg
2020-12-21 10:31:00,2,0,1,Harju maakond,1,Jalakäijaõnnetus,Valge aeg
2020-12-21 15:10:00,1,0,1,Ida-Viru maakond,0,Ühesõidukiõnnetus,Pimeda aeg
2020-12-21 15:45:00,2,0,1,Harju maakond,1,Jalakäijaõnnetus,Pimeda aeg
2020-12-21 16:28:00,2,0,1,Põlva maakond,0,Kokkupõrge,Pimeda aeg
2020-12-21 17:51:00,2,0,1,Harju maakond,1,Jalakäijaõnnetus,Pimeda aeg
2020-12-22 08:53:00,1,0,1,Saare maakond,0,Muu liiklusõnnetus,Valge aeg
2020-12-22 13:44:00,2,0,1,Valga maakond,1,Jalakäijaõnnetus,Valge aeg
2020-12-22 13:52:00,3,0,2,Järva maakond,0,Kokkupõrge,Valge aeg
2020-12-22 17:38:00,2,0,1,Harju maakond,1,Jalakäijaõnnetus,Pimeda aeg
2020-12-22 22:33:00,2,0,1,Harju maakond,1,Jalakäijaõnnetus,Pimeda aeg
2020-12-22 23:30:00,4,0,1,Harju maakond,0,Kokkupõrge,Pimeda aeg
2020-12-23 13:00:00,3,0,3,Lääne maakond,0,Kokkupõrge,Valge aeg
2020-12-25 08:35:00,2,0,2,Võru maakond,0,Ühesõidukiõnnetus,Valge aeg
2020-12-25 12:23:00,2,0,1,Põlva maakond,0,Ühesõidukiõnnetus,Valge aeg
2020-12-25 12:43:00,1,0,1,Harju maakond,0,Ühesõidukiõnnetus,Valge aeg
2020-12-25 14:21:00,1,0,1,Harju maakond,0,Ühesõidukiõnnetus,Valge aeg
2020-12-25 14:45:00,3,0,1,Võru maakond,1,Kokkupõrge,Valge aeg
2020-12-25 21:23:00,2,0,1,Harju maakond,1,Jalakäijaõnnetus,Pimeda aeg
2020-12-25 23:44:00,5,0,1,Viljandi maakond,0,Ühesõidukiõnnetus,Pimeda aeg
2020-12-26 11:26:00,3,0,2,Pärnu maakond,0,Kokkupõrge,Valge aeg
2020-12-26 13:04:00,1,0,1,Tartu maakond,0,Ühesõidukiõnnetus,Valge aeg
2020-12-26 14:50:00,2,0,1,Ida-Viru maakond,0,Muu liiklusõnnetus,Valge aeg
2020-12-26 23:57:00,1,0,1,Lääne-Viru maakond,0,Ühesõidukiõnnetus,Pimeda aeg
2020-12-28 00:34:00,1,0,1,Ida-Viru maakond,0,Ühesõidukiõnnetus,Pimeda aeg
2020-12-28 11:57:00,3,1,1,Pärnu maakond,0,Kokkupõrge,Valge aeg
2020-12-28 14:50:00,1,1,0,Viljandi maakond,0,Ühesõidukiõnnetus,Valge aeg
2020-12-28 16:15:00,3,0,1,Lääne-Viru maakond,0,Kokkupõrge,Pimeda aeg
2020-12-28 17:39:00,2,0,1,Harju maakond,1,Jalakäijaõnnetus,Pimeda aeg
2020-12-30 12:42:00,2,0,1,Harju maakond,0,Ühesõidukiõnnetus,Valge aeg
2020-12-30 14:30:00,3,0,1,Harju maakond,0,Kokkupõrge,Valge aeg
2020-12-30 14:58:00,2,0,1,Harju maakond,0,Kokkupõrge,Pimeda aeg
2020-12-30 18:49:00,2,0,1,Harju maakond,0,Ühesõidukiõnnetus,Pimeda aeg
2020-12-31 08:25:00,3,0,3,Lääne-Viru maakond,0,Kokkupõrge,Valge aeg
2020-12-31 15:32:00,3,0,2,Harju maakond,1,Jalakäijaõnnetus,Valge aeg
2020-12-31 20:43:00,1,0,1,Valga maakond,0,Ühesõidukiõnnetus,Pimeda aeg
2021-01-01 01:28:00,2,0,2,Rapla maakond,0,Ühesõidukiõnnetus,Pimeda aeg
2021-01-01 02:30:00,1,0,1,Järva maakond,0,Ühesõidukiõnnetus,Pimeda aeg
2021-01-01 05:10:00,1,0,1,Harju maakond,0,Ühesõidukiõnnetus,Pimeda aeg
2021-02-01 00:00:00,4,0,1,Põlva maakond,0,Ühesõidukiõnnetus,Pimeda aeg
2021-02-01 00:00:00,1,1,0,Pärnu maakond,0,Ühesõidukiõnnetus,Valge aeg
2021-02-01 00:00:00,7,1,5,Lääne-Viru maakond,0,Kokkupõrge,Valge aeg
2021-02-01 00:00:00,2,0,1,Pärnu maakond,0,Kokkupõrge,Pimeda aeg
2021-03-01 00:00:00,3,0,1,Harju maakond,0,Kokkupõrge,Valge aeg
2021-03-01 00:00:00,5,0,2,Ida-Viru maakond,0,Ühesõidukiõnnetus,Valge aeg
2021-03-01 00:00:00,2,0,1,Harju maakond,1,Muu liiklusõnnetus,Pimeda aeg
2021-05-01 00:00:00,1,0,1,Pärnu maakond,0,Ühesõidukiõnnetus,Valge aeg
2021-05-01 00:00:00,2,0,1,Rapla maakond,1,Jalakäijaõnnetus,Pimeda aeg
2021-06-01 00:00:00,2,0,1,Pärnu maakond,1,Jalakäijaõnnetus,Pimeda aeg
2021-07-01 00:00:00,2,0,1,Lääne-Viru maakond,0,Ühesõidukiõnnetus,Valge aeg
2021-07-01 00:00:00,4,0,2,Pärnu maakond,0,Ühesõidukiõnnetus,Valge aeg
2021-08-01 00:00:00,2,0,1,Võru maakond,1,Jalakäijaõnnetus,Pimeda aeg
2021-08-01 00:00:00,3,0,2,Jõgeva maakond,0,Kokkupõrge,Pimeda aeg
2021-10-01 00:00:00,2,0,1,Jõgeva maakond,0,Ühesõidukiõnnetus,Pimeda aeg
2021-11-01 00:00:00,1,0,1,Ida-Viru maakond,0,Ühesõidukiõnnetus,Valge aeg
2021-11-01 00:00:00,2,0,1,Ida-Viru maakond,1,Jalakäijaõnnetus,Pimeda aeg
2021-12-01 00:00:00,1,0,1,Jõgeva maakond,0,Ühesõidukiõnnetus,Valge aeg
2021-12-01 00:00:00,3,0,3,Pärnu maakond,0,Kokkupõrge,Pimeda aeg
2021-12-01 00:00:00,2,0,1,Tartu maakond,0,Kokkupõrge,Pimeda aeg
2021-01-13 11:36:00,3,0,1,Harju maakond,0,Kokkupõrge,Valge aeg
2021-01-13 13:05:00,3,0,1,Ida-Viru maakond,0,Kokkupõrge,Valge aeg
2021-01-14 11:32:00,2,0,1,Harju maakond,1,Jalakäijaõnnetus,Valge aeg
2021-01-14 12:13:00,4,0,2,Harju maakond,0,Kokkupõrge,Valge aeg
2021-01-14 14:50:00,2,0,1,Harju maakond,0,Kokkupõrge,Valge aeg
2021-01-14 15:15:00,2,0,1,Harju maakond,0,Kokkupõrge,Valge aeg
2021-01-14 16:49:00,1,0,1,Harju maakond,0,Muu liiklusõnnetus,Pimeda aeg
2021-01-16 06:18:00,2,0,1,Harju maakond,1,Jalakäijaõnnetus,Pimeda aeg
2021-01-16 09:30:00,2,0,1,Harju maakond,0,Kokkupõrge,Valge aeg
2021-01-16 11:55:00,2,0,1,Ida-Viru maakond,0,Kokkupõrge,Valge aeg
2021-01-16 15:05:00,2,0,1,Lääne-Viru maakond,0,Kokkupõrge,Valge aeg
2021-01-19 12:38:00,1,0,1,Tartu maakond,0,Ühesõidukiõnnetus,Valge aeg
2021-01-19 18:20:00,2,0,2,Pärnu maakond,0,Kokkupõrge,Pimeda aeg
2021-01-20 07:30:00,2,0,1,Lääne-Viru maakond,1,Jalakäijaõnnetus,Pimeda aeg
2021-01-21 09:52:00,1,0,1,Lääne maakond,0,Ühesõidukiõnnetus,Valge aeg
2021-01-21 10:38:00,2,0,1,Harju maakond,0,Kokkupõrge,Valge aeg
2021-01-21 11:34:00,2,0,2,Ida-Viru maakond,0,Kokkupõrge,Valge aeg
2021-01-21 16:30:00,3,0,2,Tartu maakond,0,Kokkupõrge,Pimeda aeg
2021-01-22 12:43:00,3,0,1,Tartu maakond,1,Jalakäijaõnnetus,Valge aeg
2021-01-22 13:17:00,2,0,1,Harju maakond,1,Jalakäijaõnnetus,Valge aeg
2021-01-22 19:49:00,2,0,1,Harju maakond,0,Muu liiklusõnnetus,Pimeda aeg
2021-01-23 07:01:00,4,0,4,Jõgeva maakond,0,Ühesõidukiõnnetus,Pimeda aeg
2021-01-23 18:05:00,2,0,1,Harju maakond,1,Jalakäijaõnnetus,Pimeda aeg
2021-01-23 20:39:00,2,0,2,Võru maakond,0,Kokkupõrge,Pimeda aeg
2021-01-23 21:00:00,3,0,1,Lääne-Viru maakond,1,Jalakäijaõnnetus,Pimeda aeg
2021-01-24 09:01:00,3,0,3,Jõgeva maakond,0,Ühesõidukiõnnetus,Valge aeg
2021-01-24 12:00:00,3,0,2,Harju maakond,0,Kokkupõrge,Valge aeg
2021-01-24 18:18:00,1,0,1,Pärnu maakond,0,Kokkupõrge,Pimeda aeg
2021-01-24 19:12:00,1,1,0,Harju maakond,0,Ühesõidukiõnnetus,Pimeda aeg
2021-01-25 07:43:00,2,0,1,Pärnu maakond,0,Kokkupõrge,Pimeda aeg
2021-01-25 08:25:00,2,0,1,Harju maakond,0,Kokkupõrge,Valge aeg
2021-01-25 18:36:00,2,0,1,Harju maakond,1,Jalakäijaõnnetus,Pimeda aeg
2021-01-26 15:25:00,2,0,1,Lääne-Viru maakond,0,Kokkupõrge,Valge aeg
2021-01-27 13:45:00,2,0,1,Pärnu maakond,1,Jalakäijaõnnetus,Valge aeg
2021-01-27 17:15:00,2,0,1,Harju maakond,0,Muu liiklusõnnetus,Pimeda aeg
2021-01-27 18:17:00,1,0,1,Harju maakond,0,Ühesõidukiõnnetus,Pimeda aeg
2021-01-27 19:00:00,4,0,1,Ida-Viru maakond,0,Kokkupõrge,Pimeda aeg
2021-01-28 13:21:00,4,0,4,Viljandi maakond,0,Kokkupõrge,Valge aeg
2021-01-28 17:45:00,2,0,1,Ida-Viru maakond,0,Kokkupõrge,Pimeda aeg
2021-01-28 18:51:00,5,1,4,Tartu maakond,0,Kokkupõrge,Pimeda aeg
2021-01-28 19:30:00,2,0,1,Harju maakond,1,Jalakäijaõnnetus,Pimeda aeg
2021-01-29 11:22:00,6,0,2,Harju maakond,0,Kokkupõrge,Valge aeg
2021-01-29 11:57:00,2,0,1,Harju maakond,1,Jalakäijaõnnetus,Valge aeg
2021-01-29 13:12:00,2,0,1,Jõgeva maakond,0,Ühesõidukiõnnetus,Valge aeg
2021-01-29 16:47:00,3,0,1,Viljandi maakond,0,Kokkupõrge,Pimeda aeg
2021-01-29 17:50:00,2,0,1,Järva maakond,1,Jalakäijaõnnetus,Pimeda aeg
2021-01-30 14:07:00,5,0,1,Harju maakond,0,Kokkupõrge,Valge aeg
2021-01-30 20:31:00,7,0,2,Ida-Viru maakond,0,Kokkupõrge,Pimeda aeg
2021-01-31 09:23:00,2,0,1,Harju maakond,0,Muu liiklusõnnetus,Valge aeg
2021-01-02 00:00:00,4,0,2,Järva maakond,0,Kokkupõrge,Pimeda aeg
2021-01-02 00:00:00,3,0,1,Harju maakond,0,Kokkupõrge,Pimeda aeg
2021-02-02 00:00:00,2,0,1,Harju maakond,1,Jalakäijaõnnetus,Pimeda aeg
2021-03-02 00:00:00,2,0,1,Harju maakond,1,Jalakäijaõnnetus,Pimeda aeg
2021-03-02 00:00:00,3,0,1,Harju maakond,0,Ühesõidukiõnnetus,Valge aeg
2021-03-02 00:00:00,2,0,1,Harju maakond,0,Kokkupõrge,Valge aeg
2021-03-02 00:00:00,5,0,1,Ida-Viru maakond,1,Jalakäijaõnnetus,Pimeda aeg
2021-03-02 00:00:00,2,0,1,Tartu maakond,1,Jalakäijaõnnetus,Pimeda aeg
2021-03-02 00:00:00,2,0,1,Ida-Viru maakond,0,Kokkupõrge,Pimeda aeg
2021-04-02 00:00:00,2,0,1,Harju maakond,0,Kokkupõrge,Valge aeg
2021-04-02 00:00:00,2,0,1,Jõgeva maakond,0,Kokkupõrge,Valge aeg
2021-04-02 00:00:00,2,0,1,Harju maakond,1,Jalakäijaõnnetus,Valge aeg
2021-04-02 00:00:00,1,0,1,Ida-Viru maakond,1,Jalakäijaõnnetus,Pimeda aeg
2021-05-02 00:00:00,2,0,1,Harju maakond,0,Kokkupõrge,Pimeda aeg
2021-05-02 00:00:00,2,0,1,Harju maakond,1,Jalakäijaõnnetus,Valge aeg
2021-05-02 00:00:00,1,0,1,Harju maakond,0,Ühesõidukiõnnetus,Valge aeg
2021-05-02 00:00:00,3,0,1,Harju maakond,0,Kokkupõrge,Valge aeg
2021-05-02 00:00:00,3,0,1,Põlva maakond,1,Jalakäijaõnnetus,Valge aeg
2021-05-02 00:00:00,4,0,1,Harju maakond,0,Kokkupõrge,Pimeda aeg
2021-05-02 00:00:00,1,0,1,Harju maakond,0,Ühesõidukiõnnetus,Pimeda aeg
2021-06-02 00:00:00,2,0,1,Harju maakond,1,Jalakäijaõnnetus,Valge aeg
2021-06-02 00:00:00,4,0,2,Rapla maakond,0,Kokkupõrge,Valge aeg
2021-07-02 00:00:00,3,0,1,Harju maakond,0,Kokkupõrge,Valge aeg
2021-07-02 00:00:00,2,0,1,Viljandi maakond,1,Jalakäijaõnnetus,Valge aeg
2021-08-02 00:00:00,3,0,1,Harju maakond,0,Kokkupõrge,Valge aeg
2021-08-02 00:00:00,2,0,1,Lääne-Viru maakond,0,Kokkupõrge,Valge aeg
2021-08-02 00:00:00,1,0,1,Harju maakond,0,Ühesõidukiõnnetus,Valge aeg
2021-09-02 00:00:00,3,0,1,Tartu maakond,0,Kokkupõrge,Valge aeg
2021-09-02 00:00:00,2,0,1,Tartu maakond,1,Jalakäijaõnnetus,Valge aeg
2021-10-02 00:00:00,2,0,1,Lääne-Viru maakond,0,Kokkupõrge,Valge aeg
2021-11-02 00:00:00,2,0,1,Pärnu maakond,0,Kokkupõrge,Valge aeg
2021-11-02 00:00:00,2,0,1,Harju maakond,0,Kokkupõrge,Pimeda aeg
2021-12-02 00:00:00,3,0,1,Tartu maakond,0,Kokkupõrge,Pimeda aeg
2021-12-02 00:00:00,1,0,1,Lääne-Viru maakond,1,Jalakäijaõnnetus,Valge aeg
2021-02-13 08:32:00,1,0,1,Viljandi maakond,0,Ühesõidukiõnnetus,Pimeda aeg
2021-02-13 13:47:00,2,1,0,Harju maakond,0,Kokkupõrge,Valge aeg
2021-02-14 13:00:00,3,0,1,Harju maakond,0,Kokkupõrge,Valge aeg
2021-02-15 12:40:00,2,0,2,Pärnu maakond,0,Ühesõidukiõnnetus,Valge aeg
2021-02-15 18:50:00,2,1,0,Võru maakond,1,Jalakäijaõnnetus,Pimeda aeg
2021-02-16 18:35:00,9,0,3,Pärnu maakond,0,Kokkupõrge,Pimeda aeg
2021-02-18 15:25:00,2,0,1,Ida-Viru maakond,1,Jalakäijaõnnetus,Valge aeg
2021-02-19 13:23:00,2,0,1,Harju maakond,0,Muu liiklusõnnetus,Valge aeg
2021-02-21 09:48:00,1,0,1,Pärnu maakond,0,Ühesõidukiõnnetus,Valge aeg
2021-02-21 11:26:00,2,0,2,Ida-Viru maakond,0,Kokkupõrge,Valge aeg
2021-02-21 18:35:00,2,0,1,Võru maakond,0,Kokkupõrge,Pimeda aeg
2021-02-22 10:10:00,2,0,1,Tartu maakond,1,Jalakäijaõnnetus,Valge aeg
2021-02-22 15:19:00,2,0,1,Ida-Viru maakond,0,Kokkupõrge,Valge aeg