date,persons_involved,killed,injured,county,pedestrian_involved,accident_type,light_conditions
2021-02-22 19:27:00,1,0,1,Valga maakond,0,Ühesõidukiõnnetus,Pimeda aeg
2021-02-23 11:00:00,5,0,1,Harju maakond,0,Kokkupõrge,Valge aeg
2021-02-23 11:19:00,3,0,3,Harju maakond,0,Kokkupõrge,Valge aeg
2021-02-23 12:01:00,1,0,1,Harju maakond,0,Ühesõidukiõnnetus,Valge aeg
2021-02-24 21:00:00,1,0,1,Harju maakond,0,Ühesõidukiõnnetus,Pimeda aeg
2021-02-25 08:14:00,2,0,1,Harju maakond,1,Jalakäijaõnnetus,Valge aeg
2021-02-25 08:21:00,1,0,1,Harju maakond,0,Ühesõidukiõnnetus,Valge aeg
2021-02-25 13:45:00,3,0,1,Ida-Viru maakond,0,Kokkupõrge,Valge aeg
2021-02-26 19:59:00,3,0,1,Pärnu maakond,0,Kokkupõrge,Pimeda aeg
2021-02-27 08:46:00,2,0,1,Harju maakond,1,Jalakäijaõnnetus,Valge aeg
2021-02-27 23:29:00,2,0,2,Lääne-Viru maakond,0,Ühesõidukiõnnetus,Pimeda aeg
2021-02-28 11:24:00,3,0,1,Harju maakond,0,Kokkupõrge,Valge aeg
2021-02-28 15:07:00,1,0,1,Harju maakond,0,Ühesõidukiõnnetus,Valge aeg
2021-01-03 00:00:00,2,0,1,Pärnu maakond,0,Kokkupõrge,Valge aeg
2021-01-03 00:00:00,2,0,1,Harju maakond,1,Jalakäijaõnnetus,Pimeda aeg
2021-01-03 00:00:00,2,0,1,Harju maakond,0,Kokkupõrge,Valge aeg
2021-03-03 00:00:00,2,0,1,Harju maakond,0,Kokkupõrge,Valge aeg
2021-03-03 00:00:00,2,0,1,Harju maakond,1,Jalakäijaõnnetus,Valge aeg
2021-05-03 00:00:00,3,0,1,Jõgeva maakond,0,Kokkupõrge,Valge aeg
2021-05-03 00:00:00,2,0,1,Saare maakond,0,Kokkupõrge,Valge aeg
2021-05-03 00:00:00,2,0,1,Pärnu maakond,0,Kokkupõrge,Valge aeg
2021-05-03 00:00:00,2,0,1,Lääne maakond,0,Kokkupõrge,Pimeda aeg
2021-06-03 00:00:00,3,0,1,Tartu maakond,0,Kokkupõrge,Pimeda aeg
2021-06-03 00:00:00,5,0,5,Lääne-Viru maakond,0,Ühesõidukiõnnetus,Pimeda aeg
2021-07-03 00:00:00,2,0,2,Lääne-Viru maakond,0,Ühesõidukiõnnetus,Pimeda aeg
2021-08-03 00:00:00,7,0,3,Lääne-Viru maakond,0,Kokkupõrge,Valge aeg
2021-09-03 00:00:00,4,1,2,Tartu maakond,0,Kokkupõrge,Valge aeg
2021-09-03 00:00:00,2,0,2,Võru maakond,0,Kokkupõrge,Valge aeg
2021-10-03 00:00:00,2,0,1,Rapla maakond,0,Kokkupõrge,Valge aeg
2021-11-03 00:00:00,2,0,1,Harju maakond,0,Kokkupõrge,Valge aeg
2021-11-03 00:00:00,1,0,1,Järva maakond,0,Ühesõidukiõnnetus,Valge aeg
2021-12-03 00:00:00,2,0,1,Lääne maakond,0,Ühesõidukiõnnetus,Pimeda aeg
2021-12-03 00:00:00,3,0,2,Tartu maakond,0,Kokkupõrge,Valge aeg
2021-03-14 06:49:00,2,1,1,Rapla maakond,0,Kokkupõrge,Valge aeg
2021-03-14 11:04:00,1,1,0,Harju maakond,0,Ühesõidukiõnnetus,Valge aeg
2021-03-15 11:40:00,2,0,2,Pärnu maakond,0,Kokkupõrge,Valge aeg
2021-03-15 12:43:00,4,0,1,Tartu maakond,0,Kokkupõrge,Valge aeg
2021-03-16 18:23:00,3,0,1,Harju maakond,0,Kokkupõrge,Pimeda aeg
2021-03-17 10:57:00,1,0,1,Ida-Viru maakond,0,Ühesõidukiõnnetus,Valge aeg
2021-03-17 19:14:00,2,0,1,Harju maakond,1,Jalakäijaõnnetus,Pimeda aeg
2021-03-18 11:15:00,2,0,1,Harju maakond,0,Kokkupõrge,Valge aeg
2021-03-18 15:51:00,3,0,1,Harju maakond,0,Kokkupõrge,Valge aeg
2021-03-19 09:56:00,2,0,1,Järva maakond,0,Kokkupõrge,Valge aeg
2021-03-19 12:12:00,3,0,2,Ida-Viru maakond,1,Jalakäijaõnnetus,Valge aeg
2021-03-19 20:58:00,2,1,0,Põlva maakond,1,Jalakäijaõnnetus,Pimeda aeg
2021-03-20 01:44:00,2,0,1,Tartu maakond,0,Ühesõidukiõnnetus,Pimeda aeg
2021-03-20 16:23:00,3,0,1,Harju maakond,0,Muu liiklusõnnetus,Valge aeg
2021-03-21 04:36:00,2,0,2,Harju maakond,0,Ühesõidukiõnnetus,Pimeda aeg
2021-03-21 14:40:00,1,0,1,Pärnu maakond,0,Ühesõidukiõnnetus,Valge aeg
2021-03-22 18:19:00,2,0,1,Ida-Viru maakond,1,Jalakäijaõnnetus,Valge aeg
2021-03-22 21:50:00,2,0,1,Lääne maakond,1,Jalakäijaõnnetus,Pimeda aeg
2021-03-24 11:00:00,1,0,1,Harju maakond,0,Ühesõidukiõnnetus,Valge aeg
2021-03-24 13:50:00,2,0,1,Viljandi maakond,0,Ühesõidukiõnnetus,Valge aeg
2021-03-24 16:38:00,2,0,1,Ida-Viru maakond,0,Kokkupõrge,Valge aeg
2021-03-25 10:49:00,3,0,3,Järva maakond,0,Kokkupõrge,Valge aeg
2021-03-25 18:15:00,1,0,1,Ida-Viru maakond,0,Ühesõidukiõnnetus,Valge aeg
2021-03-25 18:21:00,2,0,2,Harju maakond,0,Kokkupõrge,Valge aeg
2021-03-25 20:07:00,1,0,1,Põlva maakond,0,Ühesõidukiõnnetus,Pimeda aeg
2021-03-26 12:00:00,2,0,1,Tartu maakond,1,Jalakäijaõnnetus,Valge aeg
2021-03-26 20:25:00,2,0,1,Ida-Viru maakond,0,Kokkupõrge,Pimeda aeg
2021-03-27 11:54:00,1,0,1,Harju maakond,0,Ühesõidukiõnnetus,Valge aeg
2021-03-27 18:14:00,1,0,1,Harju maakond,0,Ühesõidukiõnnetus,Valge aeg
2021-03-27 21:05:00,2,0,1,Harju maakond,0,Ühesõidukiõnnetus,Pimeda aeg
2021-03-28 14:19:00,2,0,1,Saare maakond,0,Ühesõidukiõnnetus,Valge aeg
2021-03-28 18:45:00,2,0,1,Harju maakond,1,Jalakäijaõnnetus,Valge aeg
2021-03-29 17:59:00,2,0,1,Harju maakond,1,Jalakäijaõnnetus,Valge aeg
2021-03-31 16:10:00,2,0,1,Harju maakond,0,Muu liiklusõnnetus,Valge aeg
2021-03-31 16:55:00,2,0,1,Harju maakond,0,Kokkupõrge,Valge aeg
2021-03-31 18:56:00,1,0,1,Harju maakond,0,Ühesõidukiõnnetus,Valge aeg
2021-01-04 00:00:00,2,0,1,Harju maakond,0,Kokkupõrge,Valge aeg
2021-01-04 00:00:00,2,0,1,Lääne-Viru maakond,0,Kokkupõrge,Valge aeg
2021-01-04 00:00:00,1,0,1,Harju maakond,0,Ühesõidukiõnnetus,Valge aeg
2021-02-04 00:00:00,2,0,1,Võru maakond,1,Jalakäijaõnnetus,Pimeda aeg
2021-04-04 00:00:00,1,0,1,Tartu maakond,0,Jalakäijaõnnetus,Valge aeg
2021-05-04 00:00:00,3,0,1,Harju maakond,0,Kokkupõrge,Valge aeg
2021-05-04 00:00:00,2,0,1,Tartu maakond,1,Jalakäijaõnnetus,Valge aeg
2021-05-04 00:00:00,2,0,1,Järva maakond,0,Kokkupõrge,Valge aeg
2021-05-04 00:00:00,1,0,1,Harju maakond,0,Ühesõidukiõnnetus,Valge aeg
2021-06-04 00:00:00,3,0,1,Tartu maakond,1,Kokkupõrge,Valge aeg
2021-07-04 00:00:00,2,0,1,Harju maakond,1,Jalakäijaõnnetus,Valge aeg
2021-07-04 00:00:00,2,0,1,Harju maakond,0,Muu liiklusõnnetus,Valge aeg
2021-07-04 00:00:00,2,0,2,Harju maakond,0,Ühesõidukiõnnetus,Valge aeg
2021-07-04 00:00:00,1,0,1,Ida-Viru maakond,1,Jalakäijaõnnetus,Pimeda aeg
2021-08-04 00:00:00,2,0,1,Harju maakond,0,Kokkupõrge,Valge aeg
2021-08-04 00:00:00,1,0,1,Tartu maakond,0,Ühesõidukiõnnetus,Valge aeg
2021-08-04 00:00:00,2,0,1,Harju maakond,0,Ühesõidukiõnnetus,Valge aeg
2021-09-04 00:00:00,2,0,1,Harju maakond,1,Jalakäijaõnnetus,Valge aeg
2021-10-04 00:00:00,1,0,1,Harju maakond,0,Ühesõidukiõnnetus,Valge aeg
2021-10-04 00:00:00,2,1,1,Rapla maakond,0,Ühesõidukiõnnetus,Valge aeg
2021-11-04 00:00:00,2,0,1,Pärnu maakond,0,Kokkupõrge,Pimeda aeg
2021-12-04 00:00:00,2,0,1,Harju maakond,1,Jalakäijaõnnetus,Valge aeg
2021-04-13 22:20:00,1,0,1,Harju maakond,0,Muu liiklusõnnetus,Pimeda aeg
2021-04-14 10:35:00,2,0,1,Harju maakond,0,Kokkupõrge,Valge aeg
2021-04-14 13:58:00,2,0,1,Tartu maakond,0,Kokkupõrge,Valge aeg
2021-04-14 16:56:00,2,0,1,Harju maakond,0,Kokkupõrge,Valge aeg
2021-04-14 17:28:00,2,0,1,Lääne maakond,1,Jalakäijaõnnetus,Valge aeg
2021-04-14 19:28:00,1,0,1,Harju maakond,0,Ühesõidukiõnnetus,Valge aeg
2021-04-15 14:45:00,3,0,1,Harju maakond,0,Muu liiklusõnnetus,Valge aeg
2021-04-15 16:19:00,1,0,1,Ida-Viru maakond,0,Ühesõidukiõnnetus,Valge aeg
2021-04-15 21:37:00,1,0,1,Harju maakond,0,Ühesõidukiõnnetus,Pimeda aeg
2021-04-15 22:08:00,2,0,1,Pärnu maakond,0,Kokkupõrge,Pimeda aeg
2021-04-16 19:15:00,2,0,1,Ida-Viru maakond,0,Ühesõidukiõnnetus,Valge aeg
2021-04-16 21:20:00,1,0,1,Harju maakond,0,Ühesõidukiõnnetus,Pimeda aeg
2021-04-17 10:10:00,3,0,2,Pärnu maakond,0,Kokkupõrge,Valge aeg
2021-04-18 11:27:00,2,0,1,Lääne maakond,0,Kokkupõrge,Valge aeg
2021-04-18 13:45:00,2,0,1,Harju maakond,1,Jalakäijaõnnetus,Valge aeg
2021-04-18 18:50:00,4,0,1,Lääne-Viru maakond,1,Jalakäijaõnnetus,Valge aeg
2021-04-19 06:24:00,2,0,1,Harju maakond,1,Jalakäijaõnnetus,Valge aeg
2021-04-19 15:01:00,1,0,1,Harju maakond,0,Ühesõidukiõnnetus,Valge aeg
2021-04-19 15:41:00,3,0,1,Harju maakond,0,Jalakäijaõnnetus,Valge aeg
2021-04-19 22:06:00,2,0,1,Harju maakond,0,Kokkupõrge,Valge aeg
2021-04-20 00:05:00,2,0,2,Harju maakond,0,Muu liiklusõnnetus,Pimeda aeg
2021-04-20 01:42:00,1,0,1,Harju maakond,0,Ühesõidukiõnnetus,Pimeda aeg
2021-04-20 06:20:00,2,0,1,Harju maakond,0,Kokkupõrge,Valge aeg
2021-04-20 13:41:00,3,0,2,Saare maakond,0,Kokkupõrge,Valge aeg
2021-04-20 19:09:00,1,0,1,Harju maakond,0,Ühesõidukiõnnetus,Valge aeg
2021-04-20 22:45:00,1,0,1,Harju maakond,0,Ühesõidukiõnnetus,Pimeda aeg
2021-04-20 22:29:00,2,0,1,Harju maakond,0,Muu liiklusõnnetus,Pimeda aeg
2021-04-21 17:33:00,2,0,1,Harju maakond,0,Kokkupõrge,Valge aeg
2021-04-21 20:15:00,2,0,1,Harju maakond,0,Kokkupõrge,Valge aeg
2021-04-22 12:31:00,1,0,1,Harju maakond,0,Ühesõidukiõnnetus,Valge aeg
2021-04-23 18:36:00,1,0,1,Harju maakond,0,Ühesõidukiõnnetus,Valge aeg
2021-04-24 12:45:00,2,0,1,Ida-Viru maakond,0,Kokkupõrge,Valge aeg
2021-04-25 11:00:00,1,1,0,Järva maakond,0,Ühesõidukiõnnetus,Pimeda aeg
2021-04-25 11:12:00,5,0,3,Põlva maakond,0,Kokkupõrge,Valge aeg
2021-04-26 21:50:00,2,0,1,Jõgeva maakond,1,Jalakäijaõnnetus,Pimeda aeg
2021-04-27 16:31:00,1,0,1,Harju maakond,0,Ühesõidukiõnnetus,Valge aeg
2021-04-27 18:51:00,1,0,1,Harju maakond,0,Ühesõidukiõnnetus,Valge aeg
2021-04-28 11:05:00,2,0,1,Põlva maakond,1,Jalakäijaõnnetus,Valge aeg
2021-04-28 18:05:00,1,0,1,Harju maakond,0,Ühesõidukiõnnetus,Valge aeg
2021-04-30 14:15:00,2,0,1,Ida-Viru maakond,0,Kokkupõrge,Valge aeg
2021-04-30 15:08:00,2,0,1,Harju maakond,1,Jalakäijaõnnetus,Valge aeg
2021-04-30 15:50:00,2,0,1,Harju maakond,1,Jalakäijaõnnetus,Valge aeg
2021-01-05 00:00:00,1,0,1,Võru maakond,0,Muu liiklusõnnetus,Valge aeg
2021-01-05 00:00:00,1,0,1,Ida-Viru maakond,0,Ühesõidukiõnnetus,Valge aeg
2021-01-05 00:00:00,1,0,1,Harju maakond,0,Ühesõidukiõnnetus,Pimeda aeg
2021-01-05 00:00:00,1,0,1,Harju maakond,0,Ühesõidukiõnnetus,Pimeda aeg
2021-01-05 00:00:00,4,0,3,Harju maakond,0,Ühesõidukiõnnetus,Pimeda aeg
2021-02-05 00:00:00,1,0,1,Ida-Viru maakond,0,Ühesõidukiõnnetus,Valge aeg
2021-02-05 00:00:00,4,0,1,Tartu maakond,0,Kokkupõrge,Valge aeg
2021-02-05 00:00:00,1,0,1,Harju maakond,0,Ühesõidukiõnnetus,Pimeda aeg
2021-03-05 00:00:00,1,0,1,Lääne maakond,0,Ühesõidukiõnnetus,Valge aeg
2021-03-05 00:00:00,2,0,1,Harju maakond,0,Kokkupõrge,Valge aeg
2021-04-05 00:00:00,2,0,1,Harju maakond,0,Muu liiklusõnnetus,Valge aeg
2021-04-05 00:00:00,2,0,1,Harju maakond,0,Kokkupõrge,Valge aeg
2021-05-05 00:00:00,1,0,1,Harju maakond,0,Ühesõidukiõnnetus,Pimeda aeg
2021-06-05 00:00:00,1,1,0,Ida-Viru maakond,0,Ühesõidukiõnnetus,Valge aeg
2021-06-05 00:00:00,1,0,1,Harju maakond,0,Ühesõidukiõnnetus,Valge aeg
2021-06-05 00:00:00,4,0,1,Viljandi maakond,0,Ühesõidukiõnnetus,Valge aeg
2021-07-05 00:00:00,2,0,1,Harju maakond,1,Jalakäijaõnnetus,Valge aeg
2021-07-05 00:00:00,1,0,1,Ida-Viru maakond,0,Ühesõidukiõnnetus,Valge aeg
2021-07-05 00:00:00,2,0,1,Harju maakond,1,Jalakäijaõnnetus,Valge aeg
2021-07-05 00:00:00,3,0,2,Harju maakond,0,Kokkupõrge,Valge aeg
2021-07-05 00:00:00,2,0,1,Tartu maakond,0,Kokkupõrge,Valge aeg
2021-07-05 00:00:00,2,0,1,Harju maakond,0,Kokkupõrge,Valge aeg
2021-07-05 00:00:00,2,0,1,Ida-Viru maakond,0,Kokkupõrge,Valge aeg
2021-08-05 00:00:00,2,0,1,Harju maakond,1,Jalakäijaõnnetus,Valge aeg
2021-09-05 00:00:00,2,0,1,Jõgeva maakond,1,Jalakäijaõnnetus,Valge aeg
2021-09-05 00:00:00,1,0,1,Harju maakond,0,Ühesõidukiõnnetus,Valge aeg
2021-09-05 00:00:00,2,0,1,Harju maakond,0,Kokkupõrge,Valge aeg
2021-09-05 00:00:00,3,0,1,Võru maakond,0,Kokkupõrge,Valge aeg
2021-10-05 00:00:00,1,0,1,Lääne maakond,0,Ühesõidukiõnnetus,Valge aeg
2021-10-05 00:00:00,1,0,1,Saare maakond,0,Ühesõidukiõnnetus,Valge aeg
2021-10-05 00:00:00,1,0,1,Valga maakond,0,Ühesõidukiõnnetus,Valge aeg
2021-10-05 00:00:00,2,0,1,Võru maakond,0,Kokkupõrge,Valge aeg
2021-11-05 00:00:00,1,0,1,Harju maakond,0,Ühesõidukiõnnetus,Pimeda aeg
2021-11-05 00:00:00,2,0,1,Valga maakond,1,Jalakäijaõnnetus,Valge aeg
2021-11-05 00:00:00,1,0,1,Ida-Viru maakond,0,Ühesõidukiõnnetus,Valge aeg
2021-11-05 00:00:00,2,0,1,Tartu maakond,0,Kokkupõrge,Valge aeg
2021-11-05 00:00:00,1,0,1,Harju maakond,0,Ühesõidukiõnnetus,Valge aeg
2021-11-05 00:00:00,2,0,1,Harju maakond,1,Jalakäijaõnnetus,Valge aeg
2021-12-05 00:00:00,2,0,2,Valga maakond,0,Kokkupõrge,Valge aeg
2021-12-05 00:00:00,3,0,1,Harju maakond,0,Kokkupõrge,Valge aeg
2021-12-05 00:00:00,2,0,1,Harju maakond,0,Muu liiklusõnnetus,Valge aeg
2021-12-05 00:00:00,1,0,1,Lääne-Viru maakond,0,Ühesõidukiõnnetus,Valge aeg
2021-12-05 00:00:00,2,0,2,Harju maakond,0,Kokkupõrge,Valge aeg
2021-12-05 00:00:00,1,0,1,Harju maakond,0,Ühesõidukiõnnetus,Valge aeg
2021-12-05 00:00:00,3,0,2,Harju maakond,0,Kokkupõrge,Valge aeg
2021-12-05 00:00:00,2,0,1,Harju maakond,1,Jalakäijaõnnetus,Valge aeg
2021-12-05 00:00:00,1,0,1,Harju maakond,0,Muu liiklusõnnetus,Valge aeg
2021-12-05 00:00:00,2,0,1,Harju maakond,0,Kokkupõrge,Valge aeg
2021-12-05 00:00:00,1,0,1,Harju maakond,0,Ühesõidukiõnnetus,Pimeda aeg
2021-05-13 09:12:00,1,0,1,Harju maakond,0,Ühesõidukiõnnetus,Valge aeg
2021-05-13 09:20:00,2,0,1,Ida-Viru maakond,1,Jalakäijaõnnetus,Valge aeg
2021-05-13 10:49:00,1,0,1,Harju maakond,0,Ühesõidukiõnnetus,Valge aeg
2021-05-13 15:03:00,1,0,1,Harju maakond,0,Kokkupõrge,Valge aeg
2021-05-13 16:03:00,1,0,1,Harju maakond,0,Ühesõidukiõnnetus,Valge aeg
2021-05-13 17:06:00,1,0,1,Viljandi maakond,0,Ühesõidukiõnnetus,Valge aeg
2021-05-13 17:31:00,2,0,1,Harju maakond,0,Muu liiklusõnnetus,Valge aeg
2021-05-13 19:03:00,3,0,1,Harju maakond,0,Kokkupõrge,Valge aeg
2021-05-13 19:45:00,1,0,1,Harju maakond,0,Ühesõidukiõnnetus,Valge aeg
2021-05-13 22:29:00,3,0,1,Harju maakond,0,Kokkupõrge,Pimeda aeg
2021-05-14 07:35:00,2,0,1,Harju maakond,1,Jalakäijaõnnetus,Valge aeg
2021-05-14 12:05:00,2,0,1,Harju maakond,0,Kokkupõrge,Valge aeg
2021-05-14 15:48:00,3,1,1,Harju maakond,1,Jalakäijaõnnetus,Valge aeg
2021-05-14 17:28:00,1,0,1,Harju maakond,0,Ühesõidukiõnnetus,Valge aeg
2021-05-14 19:13:00,1,0,1,Harju maakond,0,Ühesõidukiõnnetus,Valge aeg
2021-05-15 00:00:00,1,0,1,Harju maakond,0,Ühesõidukiõnnetus,Pimeda aeg
2021-05-15 03:29:00,1,0,1,Harju maakond,0,Ühesõidukiõnnetus,Pimeda aeg
2021-05-15 04:36:00,1,0,1,Harju maakond,0,Ühesõidukiõnnetus,Valge aeg
2021-05-15 10:50:00,3,0,3,Võru maakond,0,Ühesõidukiõnnetus,Valge aeg
2021-05-15 17:51:00,1,0,1,Põlva maakond,0,Ühesõidukiõnnetus,Valge aeg
2021-05-15 19:55:00,2,0,1,Harju maakond,0,Ühesõidukiõnnetus,Valge aeg
2021-05-15 23:20:00,1,0,1,Võru maakond,0,Ühesõidukiõnnetus,Pimeda aeg
2021-05-16 02:45:00,2,0,2,Pärnu maakond,0,Ühesõidukiõnnetus,Pimeda aeg
2021-05-16 12:48:00,2,0,1,Harju maakond,0,Kokkupõrge,Valge aeg
2021-05-16 17:43:00,1,0,1,Harju maakond,0,Ühesõidukiõnnetus,Valge aeg
2021-05-16 17:45:00,2,0,1,Harju maakond,1,Jalakäijaõnnetus,Valge aeg
2021-05-16 17:36:00,1,0,1,Harju maakond,0,Ühesõidukiõnnetus,Valge aeg
2021-05-16 18:37:00,1,0,1,Valga maakond,0,Ühesõidukiõnnetus,Valge aeg
2021-05-16 18:49:00,1,0,1,Hiiu maakond,0,Ühesõidukiõnnetus,Valge aeg
2021-05-16 19:01:00,1,0,1,Harju maakond,0,Ühesõidukiõnnetus,Valge aeg
2021-05-16 19:03:00,1,0,1,Harju maakond,0,Ühesõidukiõnnetus,Valge aeg
2021-05-16 19:09:00,1,0,1,Harju maakond,0,Ühesõidukiõnnetus,Valge aeg
2021-05-16 19:30:00,1,0,1,Lääne maakond,0,Ühesõidukiõnnetus,Valge aeg
2021-05-17 07:41:00,2,0,1,Tartu maakond,0,Kokkupõrge,Valge aeg
2021-05-16 19:00:00,2,0,1,Ida-Viru maakond,0,Kokkupõrge,Valge aeg
2021-05-17 12:20:00,4,0,2,Harju maakond,0,Kokkupõrge,Valge aeg
2021-05-17 15:46:00,2,0,1,Harju maakond,1,Jalakäijaõnnetus,Valge aeg
2021-05-17 23:06:00,1,0,1,Harju maakond,0,Muu liiklusõnnetus,Pimeda aeg
2021-05-18 07:56:00,2,0,1,Viljandi maakond,1,Jalakäijaõnnetus,Valge aeg
2021-05-18 07:56:00,1,0,1,Harju maakond,1,Jalakäijaõnnetus,Valge aeg
2021-05-18 08:21:00,1,0,1,Harju maakond,0,Ühesõidukiõnnetus,Valge aeg
2021-05-18 08:59:00,1,0,1,Lääne maakond,0,Ühesõidukiõnnetus,Valge aeg
2021-05-18 16:14:00,4,0,1,Ida-Viru maakond,0,Kokkupõrge,Valge aeg
2021-05-18 18:43:00,1,0,1,Harju maakond,0,Ühesõidukiõnnetus,Valge aeg
2021-05-19 13:50:00,2,0,1,Harju maakond,0,Kokkupõrge,Valge aeg
2021-05-19 20:23:00,2,0,1,Lääne-Viru maakond,0,Kokkupõrge,Valge aeg
2021-05-20 10:15:00,1,0,1,Harju maakond,0,Ühesõidukiõnnetus,Valge aeg
2021-05-20 17:47:00,5,0,1,Harju maakond,1,Kokkupõrge,Valge aeg
2021-05-20 17:54:00,7,0,4,Harju maakond,0,Kokkupõrge,Valge aeg
2021-05-20 19:07:00,3,0,2,Harju maakond,0,Kokkupõrge,Valge aeg
2021-05-20 19:17:00,1,0,1,Harju maakond,0,Ühesõidukiõnnetus,Valge aeg
2021-05-20 19:30:00,2,0,1,Harju maakond,0,Kokkupõrge,Valge aeg
2021-05-20 23:23:00,1,1,0,Harju maakond,0,Ühesõidukiõnnetus,Pimeda aeg
2021-05-20 23:56:00,2,0,1,Lääne-Viru maakond,1,Jalakäijaõnnetus,Pimeda aeg
2021-05-21 14:50:00,2,0,1,Harju maakond,1,Jalakäijaõnnetus,Valge aeg
2021-05-21 16:02:00,4,0,2,Saare maakond,0,Kokkupõrge,Valge aeg
2021-05-21 19:56:00,2,0,1,Harju maakond,0,Kokkupõrge,Valge aeg
2021-05-22 12:53:00,2,0,1,Harju maakond,0,Kokkupõrge,Valge aeg
2021-05-22 14:30:00,2,0,1,Saare maakond,0,Kokkupõrge,Valge aeg
2021-05-22 21:08:00,1,0,1,Pärnu maakond,0,Ühesõidukiõnnetus,Valge aeg
2021-05-22 23:58:00,2,0,2,Harju maakond,0,Ühesõidukiõnnetus,Pimeda aeg
2021-05-23 11:52:00,1,0,1,Pärnu maakond,0,Ühesõidukiõnnetus,Valge aeg
2021-05-23 13:59:00,1,0,1,Harju maakond,0,Kokkupõrge,Valge aeg
2021-05-23 14:33:00,3,0,1,Harju maakond,0,Kokkupõrge,Valge aeg
2021-05-23 18:51:00,1,0,1,Võru maakond,0,Ühesõidukiõnnetus,Valge aeg
2021-05-23 19:36:00,2,0,1,Võru maakond,0,Kokkupõrge,Valge aeg
2021-05-23 22:23:00,1,0,1,Harju maakond,0,Ühesõidukiõnnetus,Pimeda aeg
2021-05-23 22:15:00,1,0,1,Lääne-Viru maakond,0,Ühesõidukiõnnetus,Pimeda aeg
2021-05-24 04:18:00,1,0,1,Harju maakond,0,Ühesõidukiõnnetus,Valge aeg
2021-05-24 07:45:00,2,0,1,Pärnu maakond,1,Jalakäijaõnnetus,Valge aeg
2021-05-24 16:59:00,1,0,1,Tartu maakond,0,Ühesõidukiõnnetus,Valge aeg
2021-05-24 17:53:00,2,0,1,Harju maakond,0,Kokkupõrge,Valge aeg
2021-05-24 18:15:00,1,0,1,Ida-Viru maakond,0,Muu liiklusõnnetus,Valge aeg
2021-05-24 21:51:00,2,0,1,Harju maakond,0,Kokkupõrge,Valge aeg
2021-05-25 08:09:00,2,0,1,Harju maakond,0,Kokkupõrge,Valge aeg
2021-05-26 15:32:00,2,0,1,Pärnu maakond,1,Jalakäijaõnnetus,Valge aeg
2021-05-27 09:58:00,1,0,1,Harju maakond,0,Ühesõidukiõnnetus,Valge aeg
2021-05-27 13:32:00,1,0,1,Valga maakond,0,Ühesõidukiõnnetus,Valge aeg
2021-05-27 18:03:00,2,0,1,Pärnu maakond,0,Kokkupõrge,Valge aeg
2021-05-28 08:07:00,2,0,1,Tartu maakond,0,Kokkupõrge,Valge aeg
2021-05-28 21:36:00,1,0,1,Harju maakond,0,Ühesõidukiõnnetus,Valge aeg
2021-05-29 01:30:00,1,0,1,Harju maakond,0,Ühesõidukiõnnetus,Pimeda aeg
2021-05-29 09:22:00,2,0,1,Tartu maakond,0,Kokkupõrge,Valge aeg
2021-05-29 02:40:00,1,0,1,Pärnu maakond,1,Jalakäijaõnnetus,Pimeda aeg
2021-05-29 12:25:00,3,0,1,Lääne-Viru maakond,0,Kokkupõrge,Valge aeg
2021-05-29 14:40:00,2,0,1,Põlva maakond,0,Ühesõidukiõnnetus,Valge aeg
2021-05-29 17:55:00,1,0,1,Järva maakond,0,Ühesõidukiõnnetus,Valge aeg
2021-05-29 20:05:00,2,0,1,Harju maakond,0,Kokkupõrge,Valge aeg
2021-05-29 20:49:00,2,0,1,Ida-Viru maakond,1,Jalakäijaõnnetus,Valge aeg
2021-05-30 07:26:00,0,0,1,Harju maakond,0,Ühesõidukiõnnetus,Valge aeg
2021-05-30 11:14:00,2,0,1,Jõgeva maakond,0,Kokkupõrge,Valge aeg
2021-05-30 12:23:00,2,0,1,Rapla maakond,0,Kokkupõrge,Valge aeg
2021-05-30 14:05:00,1,0,1,Harju maakond,0,Ühesõidukiõnnetus,Valge aeg
2021-05-30 15:00:00,7,0,2,Lääne-Viru maakond,0,Kokkupõrge,Valge aeg
2021-05-30 17:36:00,4,0,3,Rapla maakond,0,Kokkupõrge,Valge aeg
2021-05-30 19:03:00,1,0,1,Harju maakond,0,Ühesõidukiõnnetus,Valge aeg
2021-05-31 13:59:00,1,0,1,Tartu maakond,0,Ühesõidukiõnnetus,Valge aeg
2021-05-31 18:17:00,1,0,1,Harju maakond,0,Ühesõidukiõnnetus,Valge aeg
2021-05-31 19:54:00,1,0,1,Harju maakond,0,Ühesõidukiõnnetus,Valge aeg
2021-05-31 20:10:00,2,0,1,Harju maakond,1,Jalakäijaõnnetus,Valge aeg
2021-05-31 23:04:00,1,0,1,Harju maakond,0,Ühesõidukiõnnetus,Pimeda aeg
2021-01-06 00:00:00,2,0,1,Harju maakond,1,Jalakäijaõnnetus,Valge aeg
2021-01-06 00:00:00,1,0,1,Harju maakond,0,Ühesõidukiõnnetus,Valge aeg