date,persons_involved,killed,injured,county,pedestrian_involved,accident_type,light_conditions
2021-01-06 00:00:00,1,0,1,Harju maakond,0,Ühesõidukiõnnetus,Valge aeg
2021-01-06 00:00:00,1,0,1,Lääne-Viru maakond,0,Ühesõidukiõnnetus,Valge aeg
2021-01-06 00:00:00,2,0,1,Harju maakond,0,Muu liiklusõnnetus,Valge aeg
2021-01-06 00:00:00,1,0,1,Harju maakond,0,Ühesõidukiõnnetus,Valge aeg
2021-02-06 00:00:00,4,0,2,Pärnu maakond,0,Kokkupõrge,Valge aeg
2021-02-06 00:00:00,2,0,1,Tartu maakond,1,Jalakäijaõnnetus,Valge aeg
2021-02-06 00:00:00,2,0,1,Harju maakond,1,Jalakäijaõnnetus,Valge aeg
2021-02-06 00:00:00,2,0,1,Harju maakond,0,Kokkupõrge,Valge aeg
2021-02-06 00:00:00,2,0,1,Pärnu maakond,0,Ühesõidukiõnnetus,Valge aeg
2021-02-06 00:00:00,1,0,1,Harju maakond,0,Ühesõidukiõnnetus,Valge aeg
2021-03-06 00:00:00,1,0,1,Harju maakond,0,Ühesõidukiõnnetus,Pimeda aeg
2021-03-06 00:00:00,3,0,3,Tartu maakond,0,Ühesõidukiõnnetus,Valge aeg
2021-03-06 00:00:00,2,0,1,Tartu maakond,0,Kokkupõrge,Valge aeg
2021-03-06 00:00:00,4,0,1,Ida-Viru maakond,0,Kokkupõrge,Valge aeg
2021-03-06 00:00:00,1,0,1,Harju maakond,0,Ühesõidukiõnnetus,Valge aeg
2021-03-06 00:00:00,1,0,1,Harju maakond,0,Ühesõidukiõnnetus,Valge aeg
2021-03-06 00:00:00,2,0,1,Ida-Viru maakond,1,Jalakäijaõnnetus,Valge aeg
2021-03-06 00:00:00,2,0,1,Harju maakond,0,Ühesõidukiõnnetus,Valge aeg
2021-03-06 00:00:00,2,0,1,Harju maakond,0,Kokkupõrge,Valge aeg
2021-03-06 00:00:00,2,0,1,Tartu maakond,0,Kokkupõrge,Valge aeg
2021-03-06 00:00:00,2,0,1,Harju maakond,1,Jalakäijaõnnetus,Valge aeg
2021-03-06 00:00:00,1,0,1,Harju maakond,0,Ühesõidukiõnnetus,Valge aeg
2021-04-06 00:00:00,2,0,1,Harju maakond,0,Ühesõidukiõnnetus,Pimeda aeg
2021-04-06 00:00:00,1,0,1,Tartu maakond,1,Jalakäijaõnnetus,Valge aeg
2021-04-06 00:00:00,3,0,1,Ida-Viru maakond,0,Kokkupõrge,Valge aeg
2021-04-06 00:00:00,1,0,1,Ida-Viru maakond,0,Ühesõidukiõnnetus,Valge aeg
2021-04-06 00:00:00,1,0,1,Ida-Viru maakond,0,Ühesõidukiõnnetus,Valge aeg
2021-04-06 00:00:00,2,0,1,Saare maakond,0,Kokkupõrge,Valge aeg
2021-04-06 00:00:00,2,0,1,Lääne-Viru maakond,0,Kokkupõrge,Valge aeg
2021-04-06 00:00:00,2,0,1,Harju maakond,0,Kokkupõrge,Valge aeg
2021-04-06 00:00:00,1,0,1,Harju maakond,0,Ühesõidukiõnnetus,Valge aeg
2021-05-06 00:00:00,1,0,1,Harju maakond,0,Ühesõidukiõnnetus,Valge aeg
2021-05-06 00:00:00,2,0,1,Harju maakond,0,Kokkupõrge,Valge aeg
2021-05-06 00:00:00,1,0,1,Pärnu maakond,0,Kokkupõrge,Valge aeg
2021-05-06 00:00:00,1,0,1,Harju maakond,0,Ühesõidukiõnnetus,Valge aeg
2021-05-06 00:00:00,1,0,1,Harju maakond,0,Ühesõidukiõnnetus,Valge aeg
2021-05-06 00:00:00,1,0,1,Lääne maakond,0,Ühesõidukiõnnetus,Valge aeg
2021-05-06 00:00:00,1,0,1,Harju maakond,0,Ühesõidukiõnnetus,Valge aeg
2021-05-06 00:00:00,1,0,1,Ida-Viru maakond,0,Ühesõidukiõnnetus,Valge aeg
2021-05-06 00:00:00,3,0,3,Jõgeva maakond,0,Ühesõidukiõnnetus,Pimeda aeg
2021-06-06 00:00:00,1,0,1,Pärnu maakond,0,Ühesõidukiõnnetus,Pimeda aeg
2021-06-06 00:00:00,2,0,1,Harju maakond,0,Ühesõidukiõnnetus,Pimeda aeg
2021-06-06 00:00:00,1,0,1,Harju maakond,0,Ühesõidukiõnnetus,Valge aeg
2021-06-06 00:00:00,2,0,1,Harju maakond,0,Kokkupõrge,Valge aeg
2021-06-06 00:00:00,1,0,1,Harju maakond,1,Jalakäijaõnnetus,Valge aeg
2021-06-06 00:00:00,2,0,1,Lääne-Viru maakond,0,Ühesõidukiõnnetus,Valge aeg
2021-07-06 00:00:00,1,0,1,Harju maakond,0,Ühesõidukiõnnetus,Valge aeg
2021-07-06 00:00:00,7,0,5,Harju maakond,0,Kokkupõrge,Valge aeg
2021-07-06 00:00:00,1,0,1,Harju maakond,0,Ühesõidukiõnnetus,Valge aeg
2021-07-06 00:00:00,2,0,1,Harju maakond,0,Kokkupõrge,Valge aeg
2021-07-06 00:00:00,1,0,1,Harju maakond,0,Ühesõidukiõnnetus,Valge aeg
2021-07-06 00:00:00,2,0,1,Harju maakond,0,Kokkupõrge,Valge aeg
2021-07-06 00:00:00,2,0,1,Harju maakond,0,Kokkupõrge,Valge aeg
2021-08-06 00:00:00,2,0,1,Harju maakond,0,Kokkupõrge,Valge aeg
2021-08-06 00:00:00,2,0,1,Harju maakond,0,Kokkupõrge,Valge aeg
2021-08-06 00:00:00,2,0,1,Ida-Viru maakond,0,Kokkupõrge,Valge aeg
2021-08-06 00:00:00,3,0,2,Ida-Viru maakond,1,Jalakäijaõnnetus,Valge aeg
2021-08-06 00:00:00,2,0,1,Harju maakond,0,Kokkupõrge,Valge aeg
2021-08-06 00:00:00,2,0,1,Harju maakond,0,Kokkupõrge,Valge aeg
2021-09-06 00:00:00,2,0,1,Harju maakond,1,Jalakäijaõnnetus,Valge aeg
2021-09-06 00:00:00,2,0,1,Harju maakond,0,Kokkupõrge,Valge aeg
2021-09-06 00:00:00,2,0,1,Pärnu maakond,0,Kokkupõrge,Valge aeg
2021-09-06 00:00:00,2,0,1,Harju maakond,1,Muu liiklusõnnetus,Valge aeg
2021-09-06 00:00:00,2,0,1,Harju maakond,0,Ühesõidukiõnnetus,Valge aeg
2021-09-06 00:00:00,2,0,1,Ida-Viru maakond,0,Kokkupõrge,Valge aeg
2021-09-06 00:00:00,1,0,1,Harju maakond,0,Kokkupõrge,Valge aeg
2021-09-06 00:00:00,2,0,1,Harju maakond,0,Muu liiklusõnnetus,Valge aeg
2021-10-06 00:00:00,2,0,1,Harju maakond,0,Kokkupõrge,Valge aeg
2021-10-06 00:00:00,1,0,1,Harju maakond,0,Ühesõidukiõnnetus,Valge aeg
2021-10-06 00:00:00,1,0,1,Harju maakond,0,Ühesõidukiõnnetus,Valge aeg
2021-10-06 00:00:00,2,0,1,Harju maakond,0,Kokkupõrge,Valge aeg
2021-10-06 00:00:00,1,0,1,Pärnu maakond,0,Ühesõidukiõnnetus,Valge aeg
2021-10-06 00:00:00,1,0,1,Harju maakond,0,Ühesõidukiõnnetus,Valge aeg
2021-10-06 00:00:00,2,0,1,Ida-Viru maakond,0,Kokkupõrge,Valge aeg
2021-10-06 00:00:00,1,0,1,Harju maakond,0,Ühesõidukiõnnetus,Valge aeg
2021-10-06 00:00:00,1,0,1,Harju maakond,0,Ühesõidukiõnnetus,Valge aeg
2021-11-06 00:00:00,1,0,1,Harju maakond,0,Ühesõidukiõnnetus,Pimeda aeg
2021-11-06 00:00:00,2,0,1,Harju maakond,0,Kokkupõrge,Valge aeg
2021-11-06 00:00:00,2,0,1,Pärnu maakond,0,Kokkupõrge,Valge aeg
2021-11-06 00:00:00,2,0,1,Harju maakond,1,Jalakäijaõnnetus,Valge aeg
2021-11-06 00:00:00,2,0,1,Lääne maakond,1,Jalakäijaõnnetus,Valge aeg
2021-11-06 00:00:00,5,0,1,Ida-Viru maakond,0,Kokkupõrge,Valge aeg
2021-11-06 00:00:00,2,1,0,Tartu maakond,1,Jalakäijaõnnetus,Valge aeg
2021-11-06 00:00:00,1,0,1,Harju maakond,0,Ühesõidukiõnnetus,Valge aeg
2021-12-06 00:00:00,2,0,1,Viljandi maakond,0,Kokkupõrge,Pimeda aeg
2021-12-06 00:00:00,1,0,1,Harju maakond,0,Ühesõidukiõnnetus,Valge aeg
2021-12-06 00:00:00,1,0,1,Harju maakond,0,Ühesõidukiõnnetus,Valge aeg
2021-12-06 00:00:00,1,0,1,Ida-Viru maakond,0,Ühesõidukiõnnetus,Valge aeg
2021-12-06 00:00:00,4,0,2,Harju maakond,0,Kokkupõrge,Valge aeg
2021-06-13 00:24:00,1,0,1,Harju maakond,0,Ühesõidukiõnnetus,Valge aeg
2021-06-13 03:39:00,1,0,1,Võru maakond,0,Ühesõidukiõnnetus,Valge aeg
2021-06-13 13:10:00,3,0,1,Harju maakond,0,Kokkupõrge,Valge aeg
2021-06-13 17:15:00,2,0,1,Harju maakond,0,Kokkupõrge,Valge aeg
2021-06-13 21:14:00,4,0,2,Harju maakond,0,Kokkupõrge,Valge aeg
2021-06-13 21:48:00,1,0,1,Harju maakond,0,Ühesõidukiõnnetus,Valge aeg
2021-06-13 22:11:00,1,0,1,Harju maakond,0,Ühesõidukiõnnetus,Valge aeg
2021-06-14 08:34:00,1,0,1,Ida-Viru maakond,0,Kokkupõrge,Valge aeg
2021-06-14 08:50:00,2,0,2,Harju maakond,0,Kokkupõrge,Valge aeg
2021-06-14 11:59:00,3,0,1,Harju maakond,0,Kokkupõrge,Valge aeg
2021-06-14 17:40:00,2,0,1,Harju maakond,0,Kokkupõrge,Valge aeg
2021-06-14 18:46:00,4,0,2,Harju maakond,0,Kokkupõrge,Valge aeg
2021-06-14 19:09:00,2,0,2,Valga maakond,0,Ühesõidukiõnnetus,Valge aeg
2021-06-15 09:59:00,1,0,1,Harju maakond,0,Ühesõidukiõnnetus,Valge aeg
2021-06-15 11:10:00,5,0,3,Harju maakond,0,Kokkupõrge,Valge aeg
2021-06-15 21:08:00,2,0,1,Saare maakond,0,Kokkupõrge,Valge aeg
2021-06-16 00:39:00,1,0,1,Tartu maakond,0,Ühesõidukiõnnetus,Pimeda aeg
2021-06-16 10:03:00,5,0,3,Järva maakond,0,Kokkupõrge,Valge aeg
2021-06-16 12:55:00,2,0,1,Harju maakond,0,Ühesõidukiõnnetus,Valge aeg
2021-06-16 15:48:00,2,2,0,Lääne-Viru maakond,0,Ühesõidukiõnnetus,Valge aeg
2021-06-16 17:01:00,1,0,1,Harju maakond,0,Ühesõidukiõnnetus,Valge aeg
2021-06-16 17:46:00,2,0,1,Harju maakond,0,Kokkupõrge,Valge aeg
2021-06-17 11:09:00,1,0,1,Harju maakond,0,Ühesõidukiõnnetus,Valge aeg
2021-06-17 11:36:00,2,0,1,Pärnu maakond,0,Kokkupõrge,Valge aeg
2021-06-17 17:17:00,2,0,1,Harju maakond,0,Kokkupõrge,Valge aeg
2021-06-17 19:04:00,1,0,1,Harju maakond,0,Ühesõidukiõnnetus,Valge aeg
2021-06-17 21:20:00,2,0,1,Hiiu maakond,0,Ühesõidukiõnnetus,Valge aeg
2021-06-17 22:28:00,2,0,1,Harju maakond,0,Ühesõidukiõnnetus,Valge aeg
2021-06-18 16:39:00,2,1,0,Tartu maakond,0,Kokkupõrge,Valge aeg
2021-06-18 19:47:00,1,0,1,Harju maakond,0,Ühesõidukiõnnetus,Valge aeg
2021-06-19 00:23:00,2,0,2,Harju maakond,0,Muu liiklusõnnetus,Pimeda aeg
2021-06-19 00:26:00,2,0,2,Harju maakond,0,Ühesõidukiõnnetus,Pimeda aeg
2021-06-19 10:42:00,1,0,1,Harju maakond,0,Ühesõidukiõnnetus,Valge aeg
2021-06-19 12:06:00,1,0,1,Tartu maakond,1,Jalakäijaõnnetus,Valge aeg
2021-06-19 18:33:00,1,0,1,Harju maakond,0,Ühesõidukiõnnetus,Valge aeg
2021-06-19 19:12:00,2,0,1,Saare maakond,0,Kokkupõrge,Valge aeg
2021-06-20 00:16:00,2,0,1,Harju maakond,1,Jalakäijaõnnetus,Pimeda aeg
2021-06-20 01:39:00,1,0,1,Harju maakond,0,Ühesõidukiõnnetus,Pimeda aeg
2021-06-20 11:38:00,2,0,2,Valga maakond,0,Kokkupõrge,Valge aeg
2021-06-20 14:10:00,1,0,1,Lääne-Viru maakond,0,Ühesõidukiõnnetus,Valge aeg
2021-06-20 14:30:00,2,0,2,Harju maakond,0,Kokkupõrge,Valge aeg
2021-06-20 14:39:00,2,0,1,Harju maakond,1,Jalakäijaõnnetus,Valge aeg
2021-06-21 00:22:00,1,0,1,Harju maakond,0,Ühesõidukiõnnetus,Pimeda aeg
2021-06-21 08:48:00,2,0,1,Harju maakond,0,Kokkupõrge,Valge aeg
2021-06-21 10:07:00,3,0,2,Järva maakond,0,Kokkupõrge,Valge aeg
2021-06-21 10:11:00,2,0,1,Harju maakond,0,Kokkupõrge,Valge aeg
2021-06-21 10:50:00,1,1,0,Lääne-Viru maakond,0,Ühesõidukiõnnetus,Valge aeg
2021-06-21 19:00:00,1,0,1,Ida-Viru maakond,0,Ühesõidukiõnnetus,Valge aeg
2021-06-21 19:22:00,1,0,1,Lääne maakond,0,Ühesõidukiõnnetus,Valge aeg
2021-06-21 19:27:00,1,0,1,Harju maakond,0,Ühesõidukiõnnetus,Valge aeg
2021-06-22 00:50:00,1,0,1,Harju maakond,0,Ühesõidukiõnnetus,Valge aeg
2021-06-22 03:21:00,1,0,1,Saare maakond,0,Ühesõidukiõnnetus,Valge aeg
2021-06-22 14:30:00,3,0,1,Harju maakond,0,Muu liiklusõnnetus,Valge aeg
2021-06-22 19:14:00,1,1,0,Viljandi maakond,0,Ühesõidukiõnnetus,Valge aeg
2021-06-22 19:35:00,1,0,1,Harju maakond,0,Ühesõidukiõnnetus,Valge aeg
2021-06-22 19:56:00,1,0,1,Harju maakond,0,Ühesõidukiõnnetus,Valge aeg
2021-06-22 21:15:00,1,0,1,Harju maakond,0,Ühesõidukiõnnetus,Valge aeg
2021-06-22 21:24:00,1,0,1,Harju maakond,0,Ühesõidukiõnnetus,Valge aeg
2021-06-23 08:30:00,2,0,1,Ida-Viru maakond,0,Kokkupõrge,Valge aeg
2021-06-23 13:40:00,2,0,1,Lääne-Viru maakond,0,Kokkupõrge,Valge aeg
2021-06-23 17:32:00,1,0,1,Harju maakond,0,Ühesõidukiõnnetus,Valge aeg
2021-06-24 01:48:00,1,0,1,Harju maakond,0,Ühesõidukiõnnetus,Pimeda aeg
2021-06-24 00:00:00,2,0,2,Jõgeva maakond,0,Ühesõidukiõnnetus,Valge aeg
2021-06-24 11:10:00,2,0,2,Valga maakond,0,Kokkupõrge,Valge aeg
2021-06-24 16:17:00,1,0,1,Lääne-Viru maakond,0,Ühesõidukiõnnetus,Valge aeg
2021-06-24 17:22:00,2,0,1,Viljandi maakond,1,Jalakäijaõnnetus,Valge aeg
2021-06-24 18:57:00,1,0,1,Lääne-Viru maakond,0,Ühesõidukiõnnetus,Valge aeg
2021-06-25 01:45:00,2,0,1,Pärnu maakond,0,Kokkupõrge,Pimeda aeg
2021-06-25 10:06:00,2,0,2,Harju maakond,0,Kokkupõrge,Valge aeg
2021-06-25 14:38:00,2,0,1,Harju maakond,0,Kokkupõrge,Valge aeg
2021-06-25 15:21:00,1,0,1,Lääne-Viru maakond,0,Ühesõidukiõnnetus,Valge aeg
2021-06-25 19:25:00,1,0,1,Harju maakond,0,Ühesõidukiõnnetus,Valge aeg
2021-06-25 19:43:00,1,0,1,Harju maakond,0,Ühesõidukiõnnetus,Pimeda aeg
2021-06-25 20:38:00,2,0,1,Harju maakond,0,Kokkupõrge,Valge aeg
2021-06-25 21:40:00,1,0,1,Lääne-Viru maakond,0,Ühesõidukiõnnetus,Valge aeg
2021-06-26 00:08:00,1,0,1,Harju maakond,0,Ühesõidukiõnnetus,Pimeda aeg
2021-06-26 00:49:00,1,0,1,Harju maakond,0,Ühesõidukiõnnetus,Pimeda aeg
2021-06-26 09:40:00,2,1,0,Lääne maakond,0,Kokkupõrge,Valge aeg
2021-06-26 18:50:00,2,0,1,Harju maakond,1,Jalakäijaõnnetus,Valge aeg
2021-06-26 19:59:00,1,0,1,Lääne maakond,0,Ühesõidukiõnnetus,Valge aeg
2021-06-26 20:53:00,1,0,1,Ida-Viru maakond,0,Ühesõidukiõnnetus,Valge aeg
2021-06-27 00:10:00,1,0,1,Harju maakond,0,Ühesõidukiõnnetus,Pimeda aeg
2021-06-27 01:16:00,1,0,1,Harju maakond,0,Ühesõidukiõnnetus,Pimeda aeg
2021-06-27 10:45:00,2,0,1,Järva maakond,0,Kokkupõrge,Valge aeg
2021-06-27 17:24:00,3,0,2,Tartu maakond,0,Kokkupõrge,Valge aeg
2021-06-27 17:39:00,2,0,1,Harju maakond,0,Kokkupõrge,Valge aeg
2021-06-27 19:58:00,1,0,1,Harju maakond,0,Ühesõidukiõnnetus,Valge aeg
2021-06-28 08:40:00,1,0,1,Harju maakond,0,Kokkupõrge,Valge aeg
2021-06-28 12:28:00,2,1,0,Harju maakond,1,Jalakäijaõnnetus,Valge aeg
2021-06-28 12:50:00,2,0,1,Tartu maakond,0,Kokkupõrge,Valge aeg
2021-06-28 14:55:00,2,0,1,Harju maakond,0,Kokkupõrge,Valge aeg
2021-06-28 18:05:00,2,0,1,Ida-Viru maakond,1,Jalakäijaõnnetus,Valge aeg
2021-06-28 18:43:00,2,0,2,Harju maakond,0,Ühesõidukiõnnetus,Valge aeg
2021-06-29 12:07:00,1,0,1,Lääne-Viru maakond,0,Kokkupõrge,Valge aeg
2021-06-29 17:32:00,1,0,1,Harju maakond,0,Ühesõidukiõnnetus,Valge aeg
2021-06-29 17:34:00,2,0,1,Harju maakond,1,Jalakäijaõnnetus,Valge aeg
2021-06-29 18:57:00,2,0,1,Põlva maakond,1,Jalakäijaõnnetus,Valge aeg
2021-06-29 19:20:00,1,0,1,Viljandi maakond,0,Ühesõidukiõnnetus,Valge aeg
2021-06-29 19:50:00,2,0,1,Lääne maakond,0,Muu liiklusõnnetus,Valge aeg
2021-06-30 06:34:00,1,0,1,Valga maakond,0,Ühesõidukiõnnetus,Valge aeg
2021-06-30 15:53:00,1,0,1,Harju maakond,0,Ühesõidukiõnnetus,Valge aeg
2021-06-30 16:17:00,3,0,2,Järva maakond,0,Kokkupõrge,Valge aeg
2021-06-30 19:34:00,1,0,1,Lääne-Viru maakond,0,Ühesõidukiõnnetus,Valge aeg
2021-06-30 21:14:00,2,0,1,Tartu maakond,0,Kokkupõrge,Valge aeg
2021-06-30 21:25:00,2,0,1,Harju maakond,0,Kokkupõrge,Valge aeg
2021-01-07 00:00:00,1,0,1,Harju maakond,0,Ühesõidukiõnnetus,Pimeda aeg
2021-01-07 00:00:00,1,0,1,Tartu maakond,0,Kokkupõrge,Valge aeg
2021-01-07 00:00:00,3,0,2,Jõgeva maakond,0,Muu liiklusõnnetus,Valge aeg
2021-02-07 00:00:00,1,0,1,Tartu maakond,1,Muu liiklusõnnetus,Pimeda aeg
2021-02-07 00:00:00,1,0,1,Harju maakond,0,Ühesõidukiõnnetus,Pimeda aeg
2021-02-07 00:00:00,2,0,1,Harju maakond,0,Kokkupõrge,Valge aeg
2021-02-07 00:00:00,2,0,1,Rapla maakond,0,Kokkupõrge,Valge aeg
2021-02-07 00:00:00,2,0,1,Ida-Viru maakond,1,Jalakäijaõnnetus,Valge aeg
2021-06-23 00:00:00,1,0,1,Harju maakond,0,Kokkupõrge,Valge aeg
2021-02-07 00:00:00,1,0,1,Lääne-Viru maakond,0,Ühesõidukiõnnetus,Valge aeg
2021-02-07 00:00:00,1,0,1,Harju maakond,0,Ühesõidukiõnnetus,Valge aeg
2021-02-07 00:00:00,1,0,1,Harju maakond,0,Jalakäijaõnnetus,Valge aeg
2021-02-07 00:00:00,1,0,1,Harju maakond,0,Kokkupõrge,Pimeda aeg
2021-02-07 00:00:00,1,0,1,Hiiu maakond,0,Ühesõidukiõnnetus,Pimeda aeg
2021-02-07 00:00:00,1,0,1,Harju maakond,0,Ühesõidukiõnnetus,Pimeda aeg
2021-03-07 00:00:00,2,0,1,Tartu maakond,0,Ühesõidukiõnnetus,Valge aeg
2021-03-07 00:00:00,1,0,1,Harju maakond,0,Ühesõidukiõnnetus,Valge aeg
2021-03-07 00:00:00,1,0,1,Lääne-Viru maakond,0,Ühesõidukiõnnetus,Valge aeg
2021-03-07 00:00:00,1,0,1,Harju maakond,0,Ühesõidukiõnnetus,Pimeda aeg
2021-03-07 00:00:00,2,0,1,Harju maakond,0,Kokkupõrge,Valge aeg
2021-03-07 00:00:00,1,0,1,Viljandi maakond,0,Ühesõidukiõnnetus,Valge aeg
2021-03-07 00:00:00,3,0,1,Tartu maakond,0,Kokkupõrge,Valge aeg
2021-03-07 00:00:00,2,0,1,Ida-Viru maakond,0,Kokkupõrge,Valge aeg
2021-03-07 00:00:00,2,0,1,Harju maakond,0,Kokkupõrge,Valge aeg
2021-04-07 00:00:00,2,0,1,Harju maakond,0,Kokkupõrge,Valge aeg
2021-04-07 00:00:00,1,0,1,Harju maakond,0,Ühesõidukiõnnetus,Valge aeg
2021-04-07 00:00:00,1,0,1,Harju maakond,0,Ühesõidukiõnnetus,Valge aeg
2021-04-07 00:00:00,1,0,1,Harju maakond,0,Ühesõidukiõnnetus,Pimeda aeg
2021-04-07 00:00:00,2,0,1,Harju maakond,1,Jalakäijaõnnetus,Valge aeg
2021-04-07 00:00:00,1,0,1,Harju maakond,0,Ühesõidukiõnnetus,Valge aeg
2021-04-07 00:00:00,2,0,1,Harju maakond,0,Kokkupõrge,Pimeda aeg
2021-05-07 00:00:00,2,0,1,Harju maakond,0,Kokkupõrge,Valge aeg
2021-05-07 00:00:00,1,0,1,Ida-Viru maakond,0,Ühesõidukiõnnetus,Valge aeg
2021-05-07 00:00:00,1,0,1,Põlva maakond,0,Ühesõidukiõnnetus,Valge aeg
2021-05-07 00:00:00,1,0,1,Viljandi maakond,0,Ühesõidukiõnnetus,Valge aeg
2021-05-07 00:00:00,2,0,1,Harju maakond,0,Kokkupõrge,Valge aeg
2021-05-07 00:00:00,2,0,1,Harju maakond,1,Kokkupõrge,Valge aeg
2021-05-07 00:00:00,2,0,1,Harju maakond,0,Kokkupõrge,Valge aeg
2021-05-07 00:00:00,4,0,3,Pärnu maakond,0,Kokkupõrge,Valge aeg
2021-06-07 00:00:00,2,0,1,Harju maakond,0,Kokkupõrge,Pimeda aeg
2021-06-07 00:00:00,1,0,1,Harju maakond,0,Ühesõidukiõnnetus,Valge aeg
2021-06-07 00:00:00,2,0,1,Harju maakond,0,Kokkupõrge,Valge aeg
2021-06-07 00:00:00,1,0,1,Võru maakond,0,Ühesõidukiõnnetus,Valge aeg
2021-06-07 00:00:00,2,0,1,Võru maakond,0,Kokkupõrge,Valge aeg
2021-06-07 00:00:00,1,0,1,Lääne maakond,0,Ühesõidukiõnnetus,Valge aeg
2021-06-07 00:00:00,3,0,1,Pärnu maakond,0,Kokkupõrge,Valge aeg
2021-06-07 00:00:00,2,0,1,Harju maakond,0,Kokkupõrge,Valge aeg
2021-06-07 00:00:00,1,1,0,Võru maakond,0,Ühesõidukiõnnetus,Valge aeg
2021-06-07 00:00:00,2,0,1,Lääne maakond,0,Kokkupõrge,Valge aeg
2021-06-07 00:00:00,1,0,1,Järva maakond,0,Ühesõidukiõnnetus,Valge aeg
2021-07-07 00:00:00,1,0,1,Võru maakond,0,Ühesõidukiõnnetus,Valge aeg
2021-07-07 00:00:00,1,0,1,Harju maakond,0,Ühesõidukiõnnetus,Valge aeg
2021-07-07 00:00:00,2,0,1,Harju maakond,0,Kokkupõrge,Valge aeg
2021-07-07 00:00:00,1,0,1,Harju maakond,0,Ühesõidukiõnnetus,Valge aeg
2021-07-07 00:00:00,1,0,1,Valga maakond,0,Ühesõidukiõnnetus,Valge aeg
2021-07-07 00:00:00,1,0,1,Lääne maakond,0,Ühesõidukiõnnetus,Valge aeg
2021-07-07 00:00:00,1,0,1,Harju maakond,0,Ühesõidukiõnnetus,Pimeda aeg
2021-07-07 00:00:00,1,0,1,Harju maakond,0,Ühesõidukiõnnetus,Pimeda aeg
2021-08-07 00:00:00,3,0,2,Harju maakond,0,Kokkupõrge,Valge aeg
2021-08-07 00:00:00,2,0,1,Ida-Viru maakond,0,Kokkupõrge,Valge aeg
2021-08-07 00:00:00,1,0,1,Harju maakond,0,Ühesõidukiõnnetus,Valge aeg
2021-09-07 00:00:00,2,0,1,Harju maakond,0,Kokkupõrge,Valge aeg
2021-09-07 00:00:00,2,0,1,Harju maakond,1,Jalakäijaõnnetus,Valge aeg
2021-09-07 00:00:00,2,0,1,Harju maakond,0,Kokkupõrge,Valge aeg
2021-09-07 00:00:00,2,0,1,Ida-Viru maakond,0,Kokkupõrge,Valge aeg
2021-09-07 00:00:00,1,0,1,Võru maakond,0,Ühesõidukiõnnetus,Valge aeg
2021-09-07 00:00:00,2,0,1,Pärnu maakond,1,Jalakäijaõnnetus,Pimeda aeg
2021-10-07 00:00:00,1,0,1,Harju maakond,0,Ühesõidukiõnnetus,Pimeda aeg
2021-10-07 00:00:00,2,0,1,Tartu maakond,0,Kokkupõrge,Valge aeg
2021-10-07 00:00:00,2,0,1,Harju maakond,0,Kokkupõrge,Valge aeg
2021-10-07 00:00:00,1,0,1,Harju maakond,0,Ühesõidukiõnnetus,Valge aeg
2021-10-07 00:00:00,2,1,1,Järva maakond,0,Ühesõidukiõnnetus,Valge aeg
2021-10-07 00:00:00,2,0,1,Harju maakond,0,Kokkupõrge,Valge aeg
2021-10-07 00:00:00,2,0,1,Harju maakond,1,Jalakäijaõnnetus,Valge aeg
2021-10-07 00:00:00,1,0,1,Harju maakond,0,Ühesõidukiõnnetus,Valge aeg
2021-10-07 00:00:00,1,0,1,Lääne maakond,0,Ühesõidukiõnnetus,Valge aeg
2021-10-07 00:00:00,1,0,1,Harju maakond,0,Ühesõidukiõnnetus,Valge aeg
2021-10-07 00:00:00,1,0,1,Harju maakond,0,Ühesõidukiõnnetus,Valge aeg
2021-11-07 00:00:00,1,0,1,Harju maakond,0,Ühesõidukiõnnetus,Pimeda aeg
2021-11-07 00:00:00,1,0,1,Harju maakond,0,Ühesõidukiõnnetus,Pimeda aeg
2021-11-07 00:00:00,1,0,1,Harju maakond,0,Ühesõidukiõnnetus,Valge aeg
2021-11-07 00:00:00,1,0,1,Harju maakond,0,Ühesõidukiõnnetus,Valge aeg
2021-11-07 00:00:00,3,0,2,Tartu maakond,0,Kokkupõrge,Valge aeg
2021-11-07 00:00:00,1,0,1,Harju maakond,0,Ühesõidukiõnnetus,Valge aeg
2021-11-07 00:00:00,1,0,1,Harju maakond,0,Ühesõidukiõnnetus,Valge aeg
2021-12-07 00:00:00,1,0,1,Harju maakond,0,Ühesõidukiõnnetus,Valge aeg
2021-12-07 00:00:00,2,1,0,Viljandi maakond,1,Jalakäijaõnnetus,Valge aeg
2021-12-07 00:00:00,1,0,1,Harju maakond,0,Ühesõidukiõnnetus,Valge aeg
2021-12-07 00:00:00,3,0,1,Harju maakond,0,Kokkupõrge,Valge aeg
2021-12-07 00:00:00,1,0,1,Harju maakond,0,Ühesõidukiõnnetus,Valge aeg