date,persons_involved,killed,injured,county,pedestrian_involved,accident_type,light_conditions
2021-12-07 00:00:00,1,1,0,Tartu maakond,0,Ühesõidukiõnnetus,Valge aeg
2021-12-07 00:00:00,1,0,1,Harju maakond,0,Ühesõidukiõnnetus,Valge aeg
2021-12-07 00:00:00,1,0,1,Harju maakond,0,Ühesõidukiõnnetus,Valge aeg
2021-07-13 14:56:00,2,0,1,Põlva maakond,0,Kokkupõrge,Valge aeg
2021-07-13 16:28:00,4,0,1,Harju maakond,0,Kokkupõrge,Valge aeg
2021-07-13 16:31:00,2,0,1,Tartu maakond,1,Jalakäijaõnnetus,Valge aeg
2021-07-13 17:18:00,2,0,1,Harju maakond,0,Kokkupõrge,Valge aeg
2021-07-13 21:30:00,2,0,1,Pärnu maakond,1,Jalakäijaõnnetus,Valge aeg
2021-07-13 22:57:00,1,0,1,Harju maakond,0,Ühesõidukiõnnetus,Pimeda aeg
2021-07-14 01:27:00,1,0,1,Harju maakond,0,Ühesõidukiõnnetus,Pimeda aeg
2021-07-14 09:59:00,2,0,1,Harju maakond,0,Muu liiklusõnnetus,Valge aeg
2021-07-14 10:02:00,1,0,1,Põlva maakond,0,Ühesõidukiõnnetus,Valge aeg
2021-07-14 12:40:00,1,0,1,Harju maakond,0,Ühesõidukiõnnetus,Valge aeg
2021-07-14 13:15:00,2,0,1,Ida-Viru maakond,0,Kokkupõrge,Valge aeg
2021-07-14 17:39:00,1,0,1,Harju maakond,0,Ühesõidukiõnnetus,Valge aeg
2021-07-14 20:45:00,1,0,1,Harju maakond,0,Ühesõidukiõnnetus,Valge aeg
2021-07-14 21:08:00,2,0,1,Harju maakond,0,Ühesõidukiõnnetus,Valge aeg
2021-07-15 01:21:00,1,0,1,Harju maakond,0,Ühesõidukiõnnetus,Pimeda aeg
2021-07-15 10:26:00,2,0,1,Harju maakond,0,Kokkupõrge,Valge aeg
2021-07-15 13:48:00,2,0,1,Harju maakond,0,Kokkupõrge,Valge aeg
2021-07-15 21:12:00,1,0,1,Harju maakond,0,Ühesõidukiõnnetus,Valge aeg
2021-07-15 20:57:00,2,0,1,Harju maakond,1,Jalakäijaõnnetus,Valge aeg
2021-07-16 10:20:00,2,1,0,Tartu maakond,0,Kokkupõrge,Valge aeg
2021-07-16 17:20:00,2,0,1,Harju maakond,0,Kokkupõrge,Valge aeg
2021-07-16 22:04:00,1,0,1,Harju maakond,0,Ühesõidukiõnnetus,Pimeda aeg
2021-07-16 23:33:00,1,0,1,Ida-Viru maakond,0,Ühesõidukiõnnetus,Pimeda aeg
2021-07-17 00:24:00,3,0,1,Harju maakond,0,Kokkupõrge,Pimeda aeg
2021-07-17 04:40:00,1,0,1,Lääne maakond,0,Ühesõidukiõnnetus,Valge aeg
2021-07-17 09:34:00,3,1,1,Harju maakond,0,Kokkupõrge,Valge aeg
2021-07-17 11:44:00,2,0,1,Tartu maakond,0,Kokkupõrge,Valge aeg
2021-07-17 13:34:00,2,0,1,Saare maakond,0,Kokkupõrge,Valge aeg
2021-07-17 14:05:00,2,0,2,Harju maakond,0,Kokkupõrge,Valge aeg
2021-07-17 19:08:00,2,0,1,Harju maakond,0,Kokkupõrge,Valge aeg
2021-07-17 22:52:00,2,0,1,Harju maakond,0,Kokkupõrge,Pimeda aeg
2021-07-17 23:54:00,2,0,1,Harju maakond,0,Kokkupõrge,Pimeda aeg
2021-07-18 06:33:00,1,0,1,Ida-Viru maakond,0,Ühesõidukiõnnetus,Valge aeg
2021-07-18 13:03:00,2,0,1,Saare maakond,0,Kokkupõrge,Valge aeg
2021-07-18 16:20:00,1,0,1,Pärnu maakond,0,Ühesõidukiõnnetus,Valge aeg
2021-07-18 17:30:00,2,0,1,Harju maakond,0,Kokkupõrge,Valge aeg
2021-07-19 14:15:00,2,0,1,Harju maakond,1,Jalakäijaõnnetus,Valge aeg
2021-07-19 15:42:00,1,0,1,Harju maakond,0,Ühesõidukiõnnetus,Valge aeg
2021-07-19 18:12:00,3,0,1,Põlva maakond,0,Kokkupõrge,Valge aeg
2021-07-19 18:37:00,1,0,1,Tartu maakond,0,Jalakäijaõnnetus,Valge aeg
2021-07-19 19:00:00,3,0,2,Harju maakond,0,Kokkupõrge,Valge aeg
2021-07-19 20:18:00,1,0,1,Harju maakond,0,Ühesõidukiõnnetus,Valge aeg
2021-07-19 20:46:00,1,0,1,Harju maakond,0,Ühesõidukiõnnetus,Valge aeg
2021-07-20 10:55:00,2,0,2,Võru maakond,0,Kokkupõrge,Valge aeg
2021-07-20 14:31:00,1,0,1,Harju maakond,0,Ühesõidukiõnnetus,Valge aeg
2021-07-20 15:14:00,2,0,1,Ida-Viru maakond,1,Jalakäijaõnnetus,Valge aeg
2021-07-20 19:00:00,2,0,1,Harju maakond,0,Kokkupõrge,Valge aeg
2021-07-21 08:04:00,3,1,1,Harju maakond,0,Kokkupõrge,Valge aeg
2021-07-21 08:32:00,0,0,1,Tartu maakond,0,Kokkupõrge,Valge aeg
2021-07-21 17:53:00,1,0,1,Harju maakond,0,Ühesõidukiõnnetus,Valge aeg
2021-07-21 18:11:00,1,0,1,Põlva maakond,0,Ühesõidukiõnnetus,Valge aeg
2021-07-22 00:00:00,1,0,1,Harju maakond,0,Ühesõidukiõnnetus,Pimeda aeg
2021-07-22 03:52:00,1,0,1,Harju maakond,0,Ühesõidukiõnnetus,Pimeda aeg
2021-07-22 13:08:00,3,0,1,Harju maakond,0,Kokkupõrge,Valge aeg
2021-07-22 14:44:00,1,0,1,Harju maakond,0,Ühesõidukiõnnetus,Valge aeg
2021-07-22 16:23:00,1,0,1,Viljandi maakond,0,Ühesõidukiõnnetus,Valge aeg
2021-07-22 17:44:00,2,0,1,Harju maakond,0,Ühesõidukiõnnetus,Valge aeg
2021-07-22 18:07:00,2,0,2,Pärnu maakond,1,Jalakäijaõnnetus,Valge aeg
2021-07-22 19:00:00,2,0,1,Võru maakond,0,Kokkupõrge,Valge aeg
2021-07-22 20:45:00,1,0,1,Ida-Viru maakond,0,Ühesõidukiõnnetus,Valge aeg
2021-07-22 21:00:00,1,0,1,Põlva maakond,0,Muu liiklusõnnetus,Valge aeg
2021-07-22 21:34:00,1,0,1,Harju maakond,0,Ühesõidukiõnnetus,Valge aeg
2021-07-23 09:48:00,1,0,1,Harju maakond,0,Ühesõidukiõnnetus,Valge aeg
2021-07-23 12:20:00,2,0,1,Harju maakond,0,Muu liiklusõnnetus,Valge aeg
2021-07-23 22:46:00,1,0,1,Harju maakond,0,Ühesõidukiõnnetus,Pimeda aeg
2021-07-24 07:20:00,2,0,2,Harju maakond,0,Kokkupõrge,Valge aeg
2021-07-24 13:03:00,1,0,1,Hiiu maakond,0,Ühesõidukiõnnetus,Valge aeg
2021-07-24 13:09:00,4,0,2,Rapla maakond,0,Kokkupõrge,Valge aeg
2021-07-24 15:02:00,2,0,1,Viljandi maakond,0,Kokkupõrge,Valge aeg
2021-07-24 15:33:00,1,0,1,Harju maakond,0,Ühesõidukiõnnetus,Valge aeg
2021-07-24 15:51:00,2,0,2,Harju maakond,0,Ühesõidukiõnnetus,Valge aeg
2021-07-24 20:28:00,1,0,1,Harju maakond,0,Ühesõidukiõnnetus,Valge aeg
2021-07-24 22:27:00,4,0,3,Harju maakond,0,Muu liiklusõnnetus,Pimeda aeg
2021-07-24 23:20:00,1,0,1,Pärnu maakond,0,Ühesõidukiõnnetus,Pimeda aeg
2021-07-25 14:05:00,3,0,1,Harju maakond,0,Kokkupõrge,Valge aeg
2021-07-25 16:13:00,2,0,1,Harju maakond,0,Kokkupõrge,Valge aeg
2021-07-25 16:47:00,1,0,1,Harju maakond,0,Ühesõidukiõnnetus,Valge aeg
2021-07-25 20:08:00,1,0,1,Harju maakond,0,Ühesõidukiõnnetus,Pimeda aeg
2021-07-25 20:58:00,1,0,1,Harju maakond,0,Ühesõidukiõnnetus,Valge aeg
2021-07-25 22:37:00,1,0,1,Järva maakond,0,Muu liiklusõnnetus,Pimeda aeg
2021-07-26 08:15:00,1,0,1,Harju maakond,0,Ühesõidukiõnnetus,Valge aeg
2021-07-26 16:06:00,1,0,1,Harju maakond,0,Ühesõidukiõnnetus,Valge aeg
2021-07-26 19:25:00,1,0,1,Tartu maakond,0,Kokkupõrge,Valge aeg
2021-07-26 23:43:00,1,0,1,Harju maakond,0,Ühesõidukiõnnetus,Pimeda aeg
2021-07-27 01:40:00,2,0,1,Ida-Viru maakond,0,Kokkupõrge,Pimeda aeg
2021-07-27 16:12:00,1,0,1,Harju maakond,0,Ühesõidukiõnnetus,Valge aeg
2021-07-27 16:38:00,2,0,1,Pärnu maakond,0,Kokkupõrge,Valge aeg
2021-07-27 20:30:00,2,0,1,Harju maakond,0,Kokkupõrge,Valge aeg
2021-07-28 08:34:00,2,0,1,Võru maakond,0,Kokkupõrge,Valge aeg
2021-07-28 14:25:00,1,0,1,Põlva maakond,0,Ühesõidukiõnnetus,Valge aeg
2021-07-28 14:31:00,1,0,1,Harju maakond,0,Ühesõidukiõnnetus,Valge aeg
2021-07-28 17:02:00,2,0,1,Tartu maakond,0,Kokkupõrge,Valge aeg
2021-07-28 17:07:00,1,0,1,Harju maakond,0,Ühesõidukiõnnetus,Valge aeg
2021-07-28 20:55:00,2,0,1,Pärnu maakond,0,Kokkupõrge,Valge aeg
2021-07-28 22:22:00,1,0,1,Harju maakond,0,Ühesõidukiõnnetus,Pimeda aeg
2021-07-28 22:35:00,2,0,1,Pärnu maakond,0,Kokkupõrge,Pimeda aeg
2021-07-29 06:59:00,1,0,1,Harju maakond,0,Ühesõidukiõnnetus,Valge aeg
2021-07-29 16:10:00,2,0,1,Harju maakond,0,Kokkupõrge,Valge aeg
2021-07-29 18:45:00,2,0,1,Harju maakond,0,Ühesõidukiõnnetus,Valge aeg
2021-07-29 20:48:00,1,0,1,Harju maakond,0,Ühesõidukiõnnetus,Valge aeg
2021-07-30 15:30:00,1,0,1,Jõgeva maakond,0,Ühesõidukiõnnetus,Valge aeg
2021-07-30 15:45:00,3,0,1,Harju maakond,0,Kokkupõrge,Valge aeg
2021-07-30 16:13:00,2,0,1,Harju maakond,0,Kokkupõrge,Valge aeg
2021-07-30 20:09:00,5,0,4,Pärnu maakond,0,Ühesõidukiõnnetus,Valge aeg
2021-07-30 23:57:00,2,0,1,Harju maakond,0,Kokkupõrge,Pimeda aeg
2021-07-31 02:42:00,1,0,1,Harju maakond,0,Ühesõidukiõnnetus,Pimeda aeg
2021-07-31 11:42:00,3,0,1,Lääne-Viru maakond,0,Kokkupõrge,Valge aeg
2021-07-31 12:22:00,1,0,1,Harju maakond,0,Ühesõidukiõnnetus,Valge aeg
2021-07-31 12:40:00,1,0,1,Harju maakond,0,Ühesõidukiõnnetus,Valge aeg
2021-07-31 13:46:00,2,0,1,Harju maakond,0,Kokkupõrge,Valge aeg
2021-07-31 17:00:00,1,0,1,Lääne-Viru maakond,0,Ühesõidukiõnnetus,Valge aeg
2021-07-31 18:08:00,1,0,1,Valga maakond,0,Ühesõidukiõnnetus,Valge aeg
2021-01-08 00:00:00,1,0,1,Harju maakond,0,Ühesõidukiõnnetus,Pimeda aeg
2021-01-08 00:00:00,5,0,2,Hiiu maakond,0,Kokkupõrge,Valge aeg
2021-01-08 00:00:00,1,0,1,Pärnu maakond,1,Jalakäijaõnnetus,Valge aeg
2021-02-08 00:00:00,1,0,1,Harju maakond,0,Ühesõidukiõnnetus,Pimeda aeg
2021-02-08 00:00:00,1,0,1,Harju maakond,0,Ühesõidukiõnnetus,Valge aeg
2021-02-08 00:00:00,3,0,1,Harju maakond,1,Jalakäijaõnnetus,Valge aeg
2021-02-08 00:00:00,3,0,2,Jõgeva maakond,0,Kokkupõrge,Valge aeg
2021-02-08 00:00:00,1,0,1,Saare maakond,0,Ühesõidukiõnnetus,Valge aeg
2021-02-08 00:00:00,2,0,1,Harju maakond,0,Kokkupõrge,Valge aeg
2021-02-08 00:00:00,4,0,2,Harju maakond,0,Kokkupõrge,Valge aeg
2021-03-08 00:00:00,1,0,1,Lääne-Viru maakond,1,Jalakäijaõnnetus,Valge aeg
2021-03-08 00:00:00,4,0,3,Harju maakond,0,Kokkupõrge,Valge aeg
2021-03-08 00:00:00,2,0,1,Pärnu maakond,0,Kokkupõrge,Valge aeg
2021-03-08 00:00:00,1,0,1,Harju maakond,0,Ühesõidukiõnnetus,Pimeda aeg
2021-04-08 00:00:00,2,2,0,Valga maakond,0,Kokkupõrge,Valge aeg
2021-04-08 00:00:00,2,0,1,Tartu maakond,0,Kokkupõrge,Valge aeg
2021-04-08 00:00:00,1,0,1,Pärnu maakond,0,Ühesõidukiõnnetus,Valge aeg
2021-04-08 00:00:00,2,0,2,Jõgeva maakond,0,Ühesõidukiõnnetus,Valge aeg
2021-04-08 00:00:00,3,0,2,Harju maakond,0,Kokkupõrge,Valge aeg
2021-04-08 00:00:00,2,0,1,Harju maakond,0,Kokkupõrge,Valge aeg
2021-04-08 00:00:00,1,0,1,Ida-Viru maakond,0,Ühesõidukiõnnetus,Pimeda aeg
2021-05-08 00:00:00,3,0,1,Harju maakond,0,Kokkupõrge,Valge aeg
2021-05-08 00:00:00,1,0,1,Ida-Viru maakond,0,Muu liiklusõnnetus,Valge aeg
2021-05-08 00:00:00,2,0,1,Harju maakond,0,Muu liiklusõnnetus,Valge aeg
2021-06-08 00:00:00,2,0,2,Ida-Viru maakond,0,Ühesõidukiõnnetus,Pimeda aeg
2021-06-08 00:00:00,1,0,1,Harju maakond,0,Ühesõidukiõnnetus,Valge aeg
2021-06-08 00:00:00,1,0,1,Lääne maakond,0,Ühesõidukiõnnetus,Valge aeg
2021-06-08 00:00:00,2,0,1,Ida-Viru maakond,0,Kokkupõrge,Valge aeg
2021-06-08 00:00:00,2,0,1,Harju maakond,0,Muu liiklusõnnetus,Valge aeg
2021-06-08 00:00:00,2,0,2,Harju maakond,0,Ühesõidukiõnnetus,Valge aeg
2021-06-08 00:00:00,1,0,1,Harju maakond,0,Ühesõidukiõnnetus,Pimeda aeg
2021-07-08 00:00:00,1,0,1,Harju maakond,0,Ühesõidukiõnnetus,Pimeda aeg
2021-07-08 00:00:00,2,0,1,Harju maakond,0,Ühesõidukiõnnetus,Pimeda aeg
2021-07-08 00:00:00,1,0,1,Harju maakond,0,Ühesõidukiõnnetus,Valge aeg
2021-07-08 00:00:00,2,0,1,Ida-Viru maakond,0,Kokkupõrge,Valge aeg
2021-07-08 00:00:00,2,0,1,Pärnu maakond,0,Kokkupõrge,Valge aeg
2021-07-08 00:00:00,3,0,2,Pärnu maakond,0,Kokkupõrge,Valge aeg
2021-07-08 00:00:00,1,0,1,Harju maakond,0,Ühesõidukiõnnetus,Pimeda aeg
2021-07-08 00:00:00,2,0,1,Harju maakond,1,Jalakäijaõnnetus,Pimeda aeg
2021-08-08 00:00:00,3,0,2,Harju maakond,0,Kokkupõrge,Pimeda aeg
2021-08-08 00:00:00,1,1,0,Ida-Viru maakond,0,Ühesõidukiõnnetus,Pimeda aeg
2021-08-08 00:00:00,2,0,1,Võru maakond,1,Jalakäijaõnnetus,Pimeda aeg
2021-08-08 00:00:00,1,0,1,Harju maakond,0,Ühesõidukiõnnetus,Valge aeg
2021-08-08 00:00:00,1,0,1,Harju maakond,0,Ühesõidukiõnnetus,Valge aeg
2021-09-08 00:00:00,2,0,1,Tartu maakond,1,Jalakäijaõnnetus,Valge aeg
2021-09-08 00:00:00,2,0,1,Harju maakond,0,Kokkupõrge,Valge aeg
2021-09-08 00:00:00,2,0,1,Valga maakond,0,Kokkupõrge,Valge aeg
2021-10-08 00:00:00,1,0,1,Harju maakond,0,Ühesõidukiõnnetus,Pimeda aeg
2021-10-08 00:00:00,1,0,1,Ida-Viru maakond,0,Ühesõidukiõnnetus,Valge aeg
2021-10-08 00:00:00,2,1,0,Tartu maakond,1,Jalakäijaõnnetus,Valge aeg
2021-10-08 00:00:00,2,0,1,Harju maakond,0,Kokkupõrge,Valge aeg
2021-12-08 00:00:00,1,0,1,Harju maakond,0,Ühesõidukiõnnetus,Pimeda aeg
2021-12-08 00:00:00,1,0,1,Saare maakond,0,Ühesõidukiõnnetus,Pimeda aeg
2021-12-08 00:00:00,1,0,1,Jõgeva maakond,0,Ühesõidukiõnnetus,Valge aeg
2021-12-08 00:00:00,2,0,2,Järva maakond,0,Ühesõidukiõnnetus,Valge aeg
2021-12-08 00:00:00,3,0,1,Harju maakond,0,Kokkupõrge,Valge aeg
2021-12-08 00:00:00,1,0,1,Järva maakond,0,Kokkupõrge,Valge aeg
2021-12-08 00:00:00,1,0,1,Harju maakond,0,Ühesõidukiõnnetus,Valge aeg
2021-12-08 00:00:00,2,0,1,Tartu maakond,0,Kokkupõrge,Valge aeg
2021-12-08 00:00:00,1,0,1,Harju maakond,0,Ühesõidukiõnnetus,Valge aeg
2021-12-08 00:00:00,2,1,0,Pärnu maakond,0,Kokkupõrge,Valge aeg
2021-12-08 00:00:00,3,0,1,Põlva maakond,0,Kokkupõrge,Valge aeg
2021-12-08 00:00:00,1,0,1,Harju maakond,0,Ühesõidukiõnnetus,Valge aeg
2021-12-08 00:00:00,1,0,1,Harju maakond,0,Ühesõidukiõnnetus,Valge aeg
2021-12-08 00:00:00,1,0,1,Harju maakond,0,Muu liiklusõnnetus,Pimeda aeg
2021-12-08 00:00:00,1,0,1,Harju maakond,0,Ühesõidukiõnnetus,Pimeda aeg
2021-08-13 09:06:00,2,0,2,Jõgeva maakond,0,Kokkupõrge,Valge aeg
2021-08-13 09:22:00,1,0,1,Lääne maakond,0,Ühesõidukiõnnetus,Valge aeg
2021-08-13 10:05:00,1,0,1,Lääne-Viru maakond,0,Ühesõidukiõnnetus,Valge aeg
2021-08-13 13:55:00,3,0,2,Järva maakond,0,Kokkupõrge,Valge aeg
2021-08-13 14:55:00,2,0,1,Põlva maakond,0,Kokkupõrge,Valge aeg
2021-08-13 15:59:00,1,0,1,Valga maakond,0,Ühesõidukiõnnetus,Valge aeg
2021-08-13 16:00:00,2,0,1,Harju maakond,1,Jalakäijaõnnetus,Valge aeg
2021-08-13 16:31:00,2,0,1,Pärnu maakond,0,Muu liiklusõnnetus,Valge aeg
2021-08-13 17:29:00,3,0,3,Harju maakond,0,Kokkupõrge,Valge aeg
2021-08-13 19:25:00,2,0,1,Saare maakond,0,Kokkupõrge,Valge aeg
2021-08-13 20:30:00,1,0,1,Harju maakond,0,Ühesõidukiõnnetus,Valge aeg
2021-08-13 20:43:00,1,0,1,Harju maakond,0,Ühesõidukiõnnetus,Valge aeg
2021-08-13 22:55:00,1,0,1,Harju maakond,0,Ühesõidukiõnnetus,Pimeda aeg
2021-08-14 01:45:00,1,0,1,Harju maakond,0,Ühesõidukiõnnetus,Pimeda aeg
2021-08-14 11:58:00,1,0,1,Valga maakond,0,Ühesõidukiõnnetus,Valge aeg
2021-08-14 16:03:00,3,0,3,Harju maakond,0,Kokkupõrge,Valge aeg
2021-08-14 18:20:00,1,0,1,Harju maakond,0,Ühesõidukiõnnetus,Valge aeg
2021-08-14 18:48:00,1,1,0,Ida-Viru maakond,0,Ühesõidukiõnnetus,Valge aeg
2021-08-14 20:07:00,2,0,1,Harju maakond,0,Kokkupõrge,Valge aeg
2021-08-15 05:50:00,1,0,1,Võru maakond,0,Ühesõidukiõnnetus,Valge aeg
2021-08-15 13:15:00,4,0,2,Pärnu maakond,0,Kokkupõrge,Valge aeg
2021-08-15 18:37:00,1,0,1,Harju maakond,0,Ühesõidukiõnnetus,Valge aeg
2021-08-15 19:17:00,1,0,1,Harju maakond,0,Ühesõidukiõnnetus,Valge aeg
2021-08-15 21:27:00,1,0,1,Võru maakond,0,Muu liiklusõnnetus,Pimeda aeg
2021-08-15 22:35:00,1,0,1,Ida-Viru maakond,0,Ühesõidukiõnnetus,Pimeda aeg
2021-08-16 12:49:00,2,0,1,Harju maakond,0,Muu liiklusõnnetus,Valge aeg
2021-08-16 13:13:00,2,0,1,Harju maakond,1,Jalakäijaõnnetus,Valge aeg
2021-08-16 16:35:00,2,0,1,Lääne maakond,1,Jalakäijaõnnetus,Valge aeg
2021-08-16 18:38:00,2,0,1,Harju maakond,1,Jalakäijaõnnetus,Valge aeg
2021-08-17 11:30:00,2,0,1,Ida-Viru maakond,0,Kokkupõrge,Valge aeg
2021-08-17 20:10:00,1,0,1,Valga maakond,0,Ühesõidukiõnnetus,Valge aeg
2021-08-17 21:12:00,1,0,1,Harju maakond,0,Ühesõidukiõnnetus,Pimeda aeg
2021-08-18 11:50:00,3,0,1,Järva maakond,0,Kokkupõrge,Valge aeg
2021-08-19 06:49:00,1,1,0,Harju maakond,0,Ühesõidukiõnnetus,Valge aeg
2021-08-19 13:10:00,3,0,1,Tartu maakond,0,Kokkupõrge,Valge aeg
2021-08-19 16:25:00,2,0,1,Valga maakond,0,Ühesõidukiõnnetus,Valge aeg
2021-08-19 22:04:00,1,0,1,Harju maakond,0,Ühesõidukiõnnetus,Pimeda aeg
2021-08-20 15:43:00,4,0,1,Järva maakond,0,Kokkupõrge,Valge aeg
2021-08-20 17:45:00,2,0,2,Tartu maakond,0,Ühesõidukiõnnetus,Valge aeg
2021-08-20 17:49:00,2,0,1,Harju maakond,1,Jalakäijaõnnetus,Valge aeg
2021-08-20 18:00:00,5,0,2,Lääne-Viru maakond,0,Kokkupõrge,Valge aeg
2021-08-20 18:17:00,2,0,1,Ida-Viru maakond,0,Kokkupõrge,Valge aeg
2021-08-20 18:19:00,3,0,1,Harju maakond,0,Kokkupõrge,Valge aeg
2021-08-20 18:19:00,1,0,1,Lääne maakond,0,Ühesõidukiõnnetus,Valge aeg
2021-08-20 18:50:00,1,0,1,Tartu maakond,0,Kokkupõrge,Valge aeg
2021-08-20 19:09:00,1,0,1,Harju maakond,0,Ühesõidukiõnnetus,Valge aeg
2021-08-20 20:07:00,2,0,1,Harju maakond,0,Kokkupõrge,Valge aeg
2021-08-20 23:48:00,2,0,1,Harju maakond,1,Jalakäijaõnnetus,Pimeda aeg
2021-08-21 04:36:00,1,0,1,Harju maakond,0,Ühesõidukiõnnetus,Pimeda aeg
2021-08-21 10:20:00,1,0,1,Pärnu maakond,0,Kokkupõrge,Valge aeg
2021-08-21 16:22:00,2,0,2,Pärnu maakond,0,Kokkupõrge,Valge aeg
2021-08-21 16:25:00,2,0,1,Harju maakond,1,Jalakäijaõnnetus,Valge aeg
2021-08-21 16:45:00,1,0,1,Harju maakond,0,Ühesõidukiõnnetus,Valge aeg
2021-08-21 20:44:00,2,0,1,Tartu maakond,0,Kokkupõrge,Valge aeg
2021-08-22 05:19:00,5,0,5,Ida-Viru maakond,0,Ühesõidukiõnnetus,Valge aeg
2021-08-22 13:44:00,1,0,1,Harju maakond,0,Ühesõidukiõnnetus,Valge aeg
2021-08-22 16:13:00,3,0,1,Ida-Viru maakond,0,Kokkupõrge,Valge aeg
2021-08-23 13:45:00,1,0,1,Saare maakond,0,Ühesõidukiõnnetus,Valge aeg
2021-08-23 23:21:00,1,0,1,Harju maakond,0,Ühesõidukiõnnetus,Pimeda aeg
2021-08-24 09:42:00,2,0,1,Ida-Viru maakond,0,Kokkupõrge,Valge aeg
2021-08-24 19:26:00,2,0,1,Harju maakond,0,Kokkupõrge,Valge aeg
2021-08-25 18:04:00,3,0,1,Harju maakond,0,Kokkupõrge,Valge aeg
2021-08-26 13:45:00,2,0,1,Harju maakond,1,Jalakäijaõnnetus,Valge aeg
2021-08-26 15:06:00,1,0,1,Harju maakond,0,Ühesõidukiõnnetus,Valge aeg
2021-08-26 16:00:00,2,0,1,Harju maakond,0,Kokkupõrge,Valge aeg
2021-08-26 20:04:00,1,0,1,Järva maakond,0,Ühesõidukiõnnetus,Valge aeg
2021-08-26 20:26:00,0,0,1,Harju maakond,0,Ühesõidukiõnnetus,Pimeda aeg
2021-08-26 22:33:00,0,0,1,Viljandi maakond,0,Kokkupõrge,Pimeda aeg
2021-08-27 00:42:00,1,0,1,Harju maakond,0,Ühesõidukiõnnetus,Pimeda aeg
2021-08-27 10:42:00,2,0,2,Järva maakond,0,Kokkupõrge,Valge aeg
2021-08-27 21:34:00,2,0,1,Pärnu maakond,1,Jalakäijaõnnetus,Pimeda aeg
2021-08-27 22:43:00,1,0,1,Harju maakond,0,Ühesõidukiõnnetus,Pimeda aeg
2021-08-28 08:50:00,2,0,1,Harju maakond,1,Jalakäijaõnnetus,Valge aeg
2021-08-28 12:23:00,1,0,1,Harju maakond,0,Ühesõidukiõnnetus,Valge aeg
2021-08-28 11:51:00,4,0,2,Valga maakond,0,Kokkupõrge,Valge aeg
2021-08-28 16:55:00,2,0,1,Lääne-Viru maakond,0,Kokkupõrge,Valge aeg
2021-08-28 17:02:00,1,0,1,Harju maakond,0,Ühesõidukiõnnetus,Valge aeg
2021-08-28 17:07:00,1,0,1,Põlva maakond,0,Ühesõidukiõnnetus,Valge aeg
2021-08-28 18:27:00,1,0,1,Harju maakond,0,Ühesõidukiõnnetus,Valge aeg
2021-08-29 07:30:00,2,0,1,Harju maakond,1,Jalakäijaõnnetus,Valge aeg
2021-08-29 13:55:00,1,0,1,Jõgeva maakond,0,Ühesõidukiõnnetus,Valge aeg
2021-08-29 14:02:00,2,0,1,Harju maakond,0,Kokkupõrge,Valge aeg
2021-08-29 17:32:00,2,0,1,Harju maakond,0,Kokkupõrge,Valge aeg
2021-08-29 18:38:00,4,0,2,Harju maakond,0,Kokkupõrge,Valge aeg
2021-08-29 22:32:00,2,0,1,Pärnu maakond,0,Kokkupõrge,Pimeda aeg
2021-08-30 12:35:00,2,0,1,Tartu maakond,0,Kokkupõrge,Valge aeg
2021-08-30 17:15:00,1,0,1,Valga maakond,0,Ühesõidukiõnnetus,Valge aeg
2021-08-30 19:06:00,2,0,1,Tartu maakond,1,Jalakäijaõnnetus,Valge aeg
2021-08-30 19:28:00,1,0,1,Pärnu maakond,0,Ühesõidukiõnnetus,Valge aeg
2021-08-30 21:16:00,3,2,1,Tartu maakond,0,Kokkupõrge,Pimeda aeg
2021-08-31 11:27:00,2,0,1,Rapla maakond,1,Jalakäijaõnnetus,Valge aeg
2021-08-31 14:20:00,2,0,1,Harju maakond,0,Kokkupõrge,Valge aeg
2021-01-09 00:00:00,2,0,1,Harju maakond,1,Jalakäijaõnnetus,Valge aeg
2021-01-09 00:00:00,2,0,1,Harju maakond,0,Kokkupõrge,Valge aeg
2021-01-09 00:00:00,2,0,1,Pärnu maakond,1,Jalakäijaõnnetus,Valge aeg
2021-01-09 00:00:00,2,0,1,Tartu maakond,1,Jalakäijaõnnetus,Valge aeg
2021-02-09 00:00:00,1,0,1,Harju maakond,0,Ühesõidukiõnnetus,Valge aeg
2021-02-09 00:00:00,2,0,2,Ida-Viru maakond,0,Kokkupõrge,Valge aeg
2021-02-09 00:00:00,1,0,1,Harju maakond,0,Ühesõidukiõnnetus,Valge aeg
2021-02-09 00:00:00,1,0,1,Harju maakond,0,Ühesõidukiõnnetus,Pimeda aeg
2021-03-09 00:00:00,1,0,1,Järva maakond,0,Ühesõidukiõnnetus,Valge aeg
2021-03-09 00:00:00,2,0,1,Tartu maakond,1,Jalakäijaõnnetus,Valge aeg
2021-03-09 00:00:00,2,0,1,Ida-Viru maakond,0,Ühesõidukiõnnetus,Valge aeg
2021-03-09 00:00:00,1,0,1,Harju maakond,0,Ühesõidukiõnnetus,Valge aeg