date,persons_involved,killed,injured,county,pedestrian_involved,accident_type,light_conditions
2021-03-09 00:00:00,2,0,1,Tartu maakond,0,Muu liiklusõnnetus,Valge aeg
2021-03-09 00:00:00,4,0,4,Põlva maakond,0,Kokkupõrge,Valge aeg
2021-04-09 00:00:00,5,0,4,Pärnu maakond,0,Kokkupõrge,Pimeda aeg
2021-04-09 00:00:00,2,0,2,Harju maakond,0,Ühesõidukiõnnetus,Valge aeg
2021-04-09 00:00:00,1,0,1,Viljandi maakond,0,Ühesõidukiõnnetus,Valge aeg
2021-04-09 00:00:00,1,0,1,Harju maakond,0,Ühesõidukiõnnetus,Pimeda aeg
2021-05-09 00:00:00,1,0,1,Harju maakond,0,Ühesõidukiõnnetus,Pimeda aeg
2021-05-09 00:00:00,1,0,1,Valga maakond,0,Ühesõidukiõnnetus,Valge aeg
2021-05-09 00:00:00,2,0,1,Harju maakond,0,Kokkupõrge,Pimeda aeg
2021-06-09 00:00:00,2,0,1,Harju maakond,0,Ühesõidukiõnnetus,Valge aeg
2021-06-09 00:00:00,2,0,1,Harju maakond,1,Jalakäijaõnnetus,Valge aeg
2021-06-09 00:00:00,2,0,1,Harju maakond,0,Kokkupõrge,Valge aeg
2021-07-09 00:00:00,1,0,1,Pärnu maakond,0,Ühesõidukiõnnetus,Pimeda aeg
2021-07-09 00:00:00,2,0,1,Harju maakond,0,Kokkupõrge,Valge aeg
2021-07-09 00:00:00,2,0,1,Tartu maakond,0,Ühesõidukiõnnetus,Valge aeg
2021-07-09 00:00:00,1,0,1,Harju maakond,0,Ühesõidukiõnnetus,Valge aeg
2021-07-09 00:00:00,2,0,1,Harju maakond,1,Jalakäijaõnnetus,Pimeda aeg
2021-08-09 00:00:00,3,0,2,Lääne-Viru maakond,0,Kokkupõrge,Valge aeg
2021-08-09 00:00:00,2,0,2,Jõgeva maakond,0,Kokkupõrge,Valge aeg
2021-09-09 00:00:00,2,0,1,Harju maakond,0,Kokkupõrge,Valge aeg
2021-09-09 00:00:00,0,0,1,Hiiu maakond,0,Ühesõidukiõnnetus,Valge aeg
2021-09-09 00:00:00,2,0,1,Harju maakond,0,Kokkupõrge,Valge aeg
2021-09-09 00:00:00,2,0,1,Harju maakond,1,Jalakäijaõnnetus,Valge aeg
2021-10-09 00:00:00,2,0,1,Harju maakond,0,Kokkupõrge,Valge aeg
2021-10-09 00:00:00,2,0,1,Harju maakond,0,Kokkupõrge,Valge aeg
2021-10-09 00:00:00,2,0,1,Saare maakond,0,Kokkupõrge,Valge aeg
2021-10-09 00:00:00,2,0,1,Pärnu maakond,0,Kokkupõrge,Valge aeg
2021-10-09 00:00:00,5,0,2,Harju maakond,0,Kokkupõrge,Valge aeg
2021-10-09 00:00:00,1,0,1,Ida-Viru maakond,0,Ühesõidukiõnnetus,Valge aeg
2021-10-09 00:00:00,2,0,1,Pärnu maakond,0,Kokkupõrge,Pimeda aeg
2021-11-09 00:00:00,0,0,1,Harju maakond,0,Ühesõidukiõnnetus,Pimeda aeg
2021-11-09 00:00:00,1,0,1,Harju maakond,0,Ühesõidukiõnnetus,Pimeda aeg
2021-11-09 00:00:00,1,1,0,Saare maakond,0,Ühesõidukiõnnetus,Pimeda aeg
2021-11-09 00:00:00,2,0,1,Harju maakond,0,Kokkupõrge,Valge aeg
2021-11-09 00:00:00,1,0,1,Pärnu maakond,0,Ühesõidukiõnnetus,Valge aeg
2021-11-09 00:00:00,1,1,0,Rapla maakond,0,Ühesõidukiõnnetus,Valge aeg
2021-12-09 00:00:00,7,0,1,Jõgeva maakond,0,Kokkupõrge,Valge aeg
2021-12-09 00:00:00,2,0,1,Pärnu maakond,0,Ühesõidukiõnnetus,Valge aeg
2021-12-09 00:00:00,2,0,2,Harju maakond,0,Kokkupõrge,Valge aeg
2021-12-09 00:00:00,2,0,1,Harju maakond,1,Jalakäijaõnnetus,Pimeda aeg
2021-12-09 00:00:00,1,0,1,Harju maakond,0,Ühesõidukiõnnetus,Pimeda aeg
2021-09-13 09:36:00,4,0,3,Harju maakond,0,Kokkupõrge,Valge aeg
2021-09-13 14:17:00,2,0,1,Tartu maakond,0,Kokkupõrge,Valge aeg
2021-09-13 15:19:00,2,0,1,Harju maakond,1,Jalakäijaõnnetus,Valge aeg
2021-09-13 16:32:00,1,0,1,Harju maakond,0,Kokkupõrge,Valge aeg
2021-09-13 16:43:00,2,0,1,Harju maakond,0,Muu liiklusõnnetus,Valge aeg
2021-09-13 17:15:00,2,0,1,Harju maakond,0,Kokkupõrge,Valge aeg
2021-09-13 19:24:00,2,0,1,Harju maakond,0,Ühesõidukiõnnetus,Valge aeg
2021-09-13 19:55:00,1,0,1,Viljandi maakond,0,Kokkupõrge,Valge aeg
2021-09-14 05:59:00,1,0,1,Harju maakond,0,Ühesõidukiõnnetus,Valge aeg
2021-09-14 09:05:00,1,0,1,Harju maakond,0,Ühesõidukiõnnetus,Valge aeg
2021-09-14 12:43:00,1,0,1,Harju maakond,0,Ühesõidukiõnnetus,Valge aeg
2021-09-15 12:19:00,3,0,1,Harju maakond,0,Muu liiklusõnnetus,Valge aeg
2021-09-16 14:06:00,2,0,1,Tartu maakond,0,Kokkupõrge,Valge aeg
2021-09-16 15:53:00,2,0,1,Ida-Viru maakond,1,Jalakäijaõnnetus,Valge aeg
2021-09-16 17:33:00,2,0,1,Tartu maakond,0,Kokkupõrge,Valge aeg
2021-09-16 18:48:00,2,0,1,Harju maakond,0,Kokkupõrge,Valge aeg
2021-09-16 21:05:00,2,0,1,Lääne-Viru maakond,1,Jalakäijaõnnetus,Pimeda aeg
2021-09-17 02:40:00,1,0,1,Pärnu maakond,0,Ühesõidukiõnnetus,Pimeda aeg
2021-09-17 06:42:00,2,0,1,Pärnu maakond,0,Kokkupõrge,Valge aeg
2021-09-17 08:30:00,2,0,1,Harju maakond,1,Jalakäijaõnnetus,Valge aeg
2021-09-17 11:17:00,2,0,1,Pärnu maakond,1,Jalakäijaõnnetus,Valge aeg
2021-09-17 14:14:00,3,0,1,Harju maakond,0,Kokkupõrge,Valge aeg
2021-09-17 17:49:00,1,0,1,Harju maakond,0,Ühesõidukiõnnetus,Valge aeg
2021-09-17 18:55:00,2,0,1,Harju maakond,0,Kokkupõrge,Valge aeg
2021-09-18 11:00:00,2,0,1,Jõgeva maakond,0,Kokkupõrge,Valge aeg
2021-09-18 16:50:00,2,0,1,Ida-Viru maakond,0,Kokkupõrge,Valge aeg
2021-09-18 18:28:00,1,0,1,Harju maakond,0,Ühesõidukiõnnetus,Valge aeg
2021-09-18 19:27:00,1,0,1,Harju maakond,0,Ühesõidukiõnnetus,Valge aeg
2021-09-19 02:02:00,1,0,1,Põlva maakond,0,Ühesõidukiõnnetus,Pimeda aeg
2021-09-19 02:24:00,1,0,1,Harju maakond,0,Ühesõidukiõnnetus,Pimeda aeg
2021-09-19 07:13:00,1,0,1,Harju maakond,0,Ühesõidukiõnnetus,Valge aeg
2021-09-19 11:39:00,3,0,1,Lääne maakond,0,Kokkupõrge,Valge aeg
2021-09-19 14:40:00,2,0,1,Rapla maakond,0,Kokkupõrge,Valge aeg
2021-09-19 15:47:00,1,0,1,Pärnu maakond,0,Ühesõidukiõnnetus,Valge aeg
2021-09-21 07:58:00,3,0,1,Ida-Viru maakond,1,Jalakäijaõnnetus,Valge aeg
2021-09-21 13:23:00,1,0,1,Põlva maakond,0,Ühesõidukiõnnetus,Valge aeg
2021-09-21 14:45:00,2,0,1,Pärnu maakond,1,Jalakäijaõnnetus,Valge aeg
2021-09-21 17:27:00,2,0,1,Harju maakond,0,Kokkupõrge,Valge aeg
2021-09-21 18:05:00,2,0,1,Ida-Viru maakond,0,Kokkupõrge,Valge aeg
2021-09-21 18:56:00,1,0,1,Harju maakond,0,Ühesõidukiõnnetus,Valge aeg
2021-09-21 21:04:00,1,0,1,Harju maakond,0,Muu liiklusõnnetus,Pimeda aeg
2021-09-22 15:20:00,3,0,1,Ida-Viru maakond,0,Kokkupõrge,Valge aeg
2021-09-22 16:19:00,2,0,1,Harju maakond,0,Kokkupõrge,Valge aeg
2021-09-22 19:18:00,2,0,1,Harju maakond,0,Kokkupõrge,Valge aeg
2021-09-22 23:48:00,2,0,1,Harju maakond,1,Jalakäijaõnnetus,Pimeda aeg
2021-09-23 09:20:00,2,0,1,Lääne-Viru maakond,0,Kokkupõrge,Valge aeg
2021-09-23 17:01:00,1,0,1,Harju maakond,0,Ühesõidukiõnnetus,Valge aeg
2021-09-23 21:54:00,2,0,1,Harju maakond,1,Jalakäijaõnnetus,Pimeda aeg
2021-09-23 23:33:00,2,1,0,Harju maakond,1,Jalakäijaõnnetus,Pimeda aeg
2021-09-24 01:00:00,1,0,1,Tartu maakond,0,Ühesõidukiõnnetus,Pimeda aeg
2021-09-24 12:12:00,2,0,1,Harju maakond,0,Kokkupõrge,Valge aeg
2021-09-24 23:35:00,2,0,1,Harju maakond,0,Kokkupõrge,Pimeda aeg
2021-09-25 16:02:00,1,0,1,Ida-Viru maakond,0,Ühesõidukiõnnetus,Valge aeg
2021-09-25 18:10:00,1,0,1,Viljandi maakond,0,Ühesõidukiõnnetus,Valge aeg
2021-09-25 23:02:00,1,0,1,Ida-Viru maakond,0,Ühesõidukiõnnetus,Pimeda aeg
2021-09-26 11:20:00,1,0,1,Võru maakond,0,Kokkupõrge,Valge aeg
2021-09-26 14:30:00,1,0,1,Viljandi maakond,0,Ühesõidukiõnnetus,Valge aeg
2021-09-26 18:38:00,2,0,2,Jõgeva maakond,0,Ühesõidukiõnnetus,Valge aeg
2021-09-26 20:58:00,2,0,1,Harju maakond,0,Muu liiklusõnnetus,Pimeda aeg
2021-09-27 18:05:00,1,0,1,Lääne-Viru maakond,0,Ühesõidukiõnnetus,Valge aeg
2021-09-27 21:15:00,4,0,2,Viljandi maakond,0,Ühesõidukiõnnetus,Pimeda aeg
2021-09-27 22:12:00,2,0,1,Tartu maakond,0,Kokkupõrge,Pimeda aeg
2021-09-28 02:01:00,2,0,1,Viljandi maakond,0,Ühesõidukiõnnetus,Pimeda aeg
2021-09-28 16:29:00,2,0,1,Harju maakond,1,Jalakäijaõnnetus,Valge aeg
2021-09-29 09:30:00,3,0,1,Ida-Viru maakond,0,Kokkupõrge,Valge aeg
2021-09-29 10:20:00,1,0,1,Järva maakond,0,Ühesõidukiõnnetus,Valge aeg
2021-09-29 12:00:00,2,0,1,Harju maakond,0,Kokkupõrge,Valge aeg
2021-09-29 13:00:00,3,0,1,Ida-Viru maakond,1,Jalakäijaõnnetus,Valge aeg
2021-09-29 15:15:00,2,0,1,Pärnu maakond,1,Jalakäijaõnnetus,Valge aeg
2021-09-30 07:12:00,1,0,1,Harju maakond,0,Ühesõidukiõnnetus,Valge aeg
2021-09-30 07:45:00,2,0,1,Harju maakond,0,Kokkupõrge,Valge aeg
2021-09-30 21:16:00,2,0,1,Harju maakond,0,Ühesõidukiõnnetus,Pimeda aeg
2021-01-10 00:00:00,2,0,1,Harju maakond,0,Kokkupõrge,Valge aeg
2021-01-10 00:00:00,2,0,1,Jõgeva maakond,0,Ühesõidukiõnnetus,Valge aeg
2021-01-10 00:00:00,4,0,2,Harju maakond,0,Kokkupõrge,Valge aeg
2021-01-10 00:00:00,2,0,1,Tartu maakond,0,Kokkupõrge,Pimeda aeg
2021-02-10 00:00:00,2,0,1,Viljandi maakond,0,Kokkupõrge,Valge aeg
2021-02-10 00:00:00,2,0,1,Ida-Viru maakond,0,Kokkupõrge,Valge aeg
2021-02-10 00:00:00,3,0,1,Ida-Viru maakond,1,Jalakäijaõnnetus,Valge aeg
2021-02-10 00:00:00,2,0,1,Harju maakond,0,Kokkupõrge,Valge aeg
2021-02-10 00:00:00,3,0,1,Lääne-Viru maakond,0,Kokkupõrge,Valge aeg
2021-02-10 00:00:00,4,0,2,Harju maakond,0,Kokkupõrge,Pimeda aeg
2021-02-10 00:00:00,2,0,1,Harju maakond,1,Jalakäijaõnnetus,Pimeda aeg
2021-02-10 00:00:00,1,0,1,Pärnu maakond,0,Ühesõidukiõnnetus,Pimeda aeg
2021-03-10 00:00:00,1,0,1,Harju maakond,0,Ühesõidukiõnnetus,Pimeda aeg
2021-03-10 00:00:00,1,0,1,Harju maakond,0,Ühesõidukiõnnetus,Valge aeg
2021-03-10 00:00:00,1,0,1,Harju maakond,0,Ühesõidukiõnnetus,Valge aeg
2021-03-10 00:00:00,2,0,1,Harju maakond,0,Kokkupõrge,Valge aeg
2021-03-10 00:00:00,1,0,1,Harju maakond,0,Ühesõidukiõnnetus,Valge aeg
2021-04-10 00:00:00,2,0,1,Harju maakond,1,Jalakäijaõnnetus,Valge aeg
2021-04-10 00:00:00,2,0,1,Harju maakond,0,Kokkupõrge,Valge aeg
2021-05-10 00:00:00,0,0,1,Harju maakond,0,Ühesõidukiõnnetus,Valge aeg
2021-06-10 00:00:00,3,1,0,Viljandi maakond,1,Jalakäijaõnnetus,Valge aeg
2021-06-10 00:00:00,2,0,1,Harju maakond,1,Jalakäijaõnnetus,Valge aeg
2021-06-10 00:00:00,2,0,1,Harju maakond,0,Kokkupõrge,Pimeda aeg
2021-07-10 00:00:00,2,0,1,Ida-Viru maakond,0,Kokkupõrge,Valge aeg
2021-07-10 00:00:00,1,0,1,Ida-Viru maakond,0,Ühesõidukiõnnetus,Valge aeg
2021-07-10 00:00:00,2,0,1,Harju maakond,1,Jalakäijaõnnetus,Valge aeg
2021-07-10 00:00:00,2,0,1,Lääne-Viru maakond,1,Jalakäijaõnnetus,Pimeda aeg
2021-07-10 00:00:00,1,0,1,Harju maakond,0,Ühesõidukiõnnetus,Pimeda aeg
2021-08-10 00:00:00,1,0,1,Harju maakond,0,Ühesõidukiõnnetus,Valge aeg
2021-08-10 00:00:00,1,0,1,Harju maakond,0,Ühesõidukiõnnetus,Valge aeg
2021-09-10 00:00:00,5,0,1,Viljandi maakond,0,Kokkupõrge,Valge aeg
2021-09-10 00:00:00,1,0,1,Lääne-Viru maakond,0,Ühesõidukiõnnetus,Valge aeg
2021-09-10 00:00:00,3,0,1,Lääne-Viru maakond,0,Kokkupõrge,Valge aeg
2021-10-10 00:00:00,1,0,1,Harju maakond,0,Ühesõidukiõnnetus,Pimeda aeg
2021-10-10 00:00:00,2,0,1,Pärnu maakond,1,Jalakäijaõnnetus,Valge aeg
2021-11-10 00:00:00,1,0,1,Harju maakond,0,Ühesõidukiõnnetus,Valge aeg
2021-11-10 00:00:00,2,0,1,Harju maakond,0,Kokkupõrge,Valge aeg
2021-11-10 00:00:00,1,0,1,Harju maakond,0,Ühesõidukiõnnetus,Valge aeg
2021-11-10 00:00:00,2,0,1,Harju maakond,1,Jalakäijaõnnetus,Pimeda aeg
2021-12-10 00:00:00,1,0,1,Harju maakond,0,Ühesõidukiõnnetus,Pimeda aeg
2021-12-10 00:00:00,1,0,1,Harju maakond,0,Ühesõidukiõnnetus,Valge aeg
2021-12-10 00:00:00,2,0,1,Harju maakond,0,Kokkupõrge,Valge aeg
2021-12-10 00:00:00,1,0,1,Võru maakond,0,Muu liiklusõnnetus,Valge aeg
2021-10-13 09:00:00,2,0,1,Lääne maakond,0,Kokkupõrge,Valge aeg
2021-10-13 11:23:00,2,1,0,Tartu maakond,1,Jalakäijaõnnetus,Valge aeg
2021-10-13 13:12:00,2,0,1,Tartu maakond,0,Kokkupõrge,Valge aeg
2021-10-13 19:35:00,1,0,1,Harju maakond,0,Ühesõidukiõnnetus,Pimeda aeg
2021-10-13 20:25:00,3,0,1,Pärnu maakond,0,Kokkupõrge,Pimeda aeg
2021-10-14 07:20:00,2,0,1,Harju maakond,1,Jalakäijaõnnetus,Valge aeg
2021-10-14 07:20:00,2,0,1,Harju maakond,1,Jalakäijaõnnetus,Valge aeg
2021-10-14 19:25:00,2,0,1,Harju maakond,1,Jalakäijaõnnetus,Pimeda aeg
2021-10-15 03:48:00,2,0,2,Harju maakond,0,Kokkupõrge,Pimeda aeg
2021-10-15 10:55:00,2,0,1,Harju maakond,1,Jalakäijaõnnetus,Valge aeg
2021-10-15 17:15:00,2,0,1,Harju maakond,0,Kokkupõrge,Valge aeg
2021-10-15 18:26:00,2,1,0,Ida-Viru maakond,1,Jalakäijaõnnetus,Pimeda aeg
2021-10-15 20:31:00,2,0,1,Harju maakond,0,Kokkupõrge,Pimeda aeg
2021-10-15 21:36:00,2,0,1,Harju maakond,0,Kokkupõrge,Pimeda aeg
2021-10-15 22:28:00,2,0,1,Harju maakond,0,Kokkupõrge,Pimeda aeg
2021-10-16 01:20:00,4,0,1,Harju maakond,0,Kokkupõrge,Pimeda aeg
2021-10-16 09:52:00,1,0,1,Harju maakond,0,Ühesõidukiõnnetus,Valge aeg
2021-10-16 14:20:00,3,0,1,Lääne-Viru maakond,0,Kokkupõrge,Valge aeg
2021-10-17 01:40:00,3,1,1,Rapla maakond,0,Kokkupõrge,Pimeda aeg
2021-10-17 15:41:00,3,0,1,Harju maakond,0,Kokkupõrge,Valge aeg
2021-10-17 16:56:00,3,0,2,Rapla maakond,1,Jalakäijaõnnetus,Valge aeg
2021-10-17 17:05:00,1,0,1,Võru maakond,0,Ühesõidukiõnnetus,Valge aeg
2021-10-17 18:07:00,2,0,1,Rapla maakond,0,Kokkupõrge,Valge aeg
2021-10-18 16:05:00,2,0,1,Pärnu maakond,1,Jalakäijaõnnetus,Valge aeg
2021-10-18 16:55:00,2,0,1,Pärnu maakond,0,Kokkupõrge,Valge aeg
2021-10-18 17:11:00,2,0,1,Harju maakond,1,Jalakäijaõnnetus,Valge aeg
2021-10-18 20:23:00,2,0,1,Harju maakond,0,Kokkupõrge,Pimeda aeg
2021-10-19 03:36:00,3,0,1,Ida-Viru maakond,0,Kokkupõrge,Pimeda aeg
2021-10-19 10:40:00,2,0,1,Pärnu maakond,1,Jalakäijaõnnetus,Valge aeg
2021-10-19 11:35:00,2,1,0,Harju maakond,0,Kokkupõrge,Valge aeg
2021-10-19 11:50:00,2,0,1,Tartu maakond,0,Kokkupõrge,Valge aeg
2021-10-20 15:10:00,3,0,1,Harju maakond,0,Kokkupõrge,Valge aeg
2021-10-20 16:32:00,2,0,1,Harju maakond,0,Kokkupõrge,Valge aeg
2021-10-20 17:59:00,1,0,1,Harju maakond,0,Ühesõidukiõnnetus,Pimeda aeg
2021-10-20 18:43:00,2,0,1,Pärnu maakond,1,Jalakäijaõnnetus,Pimeda aeg
2021-10-20 19:50:00,2,0,1,Harju maakond,1,Jalakäijaõnnetus,Pimeda aeg
2021-10-21 02:29:00,1,0,1,Võru maakond,0,Ühesõidukiõnnetus,Pimeda aeg
2021-10-21 06:04:00,2,0,1,Harju maakond,1,Jalakäijaõnnetus,Pimeda aeg
2021-10-21 12:24:00,2,0,1,Harju maakond,0,Kokkupõrge,Valge aeg
2021-10-21 18:19:00,1,0,1,Võru maakond,0,Ühesõidukiõnnetus,Valge aeg
2021-10-21 18:00:00,2,0,1,Harju maakond,0,Kokkupõrge,Pimeda aeg
2021-10-20 20:50:00,2,0,1,Ida-Viru maakond,1,Jalakäijaõnnetus,Pimeda aeg
2021-10-22 07:14:00,2,0,1,Jõgeva maakond,1,Jalakäijaõnnetus,Pimeda aeg
2021-10-22 10:45:00,2,0,1,Jõgeva maakond,1,Jalakäijaõnnetus,Valge aeg
2021-10-22 12:30:00,2,0,1,Tartu maakond,1,Jalakäijaõnnetus,Valge aeg
2021-10-22 14:40:00,1,0,1,Tartu maakond,1,Jalakäijaõnnetus,Valge aeg
2021-10-22 22:50:00,6,0,5,Rapla maakond,0,Kokkupõrge,Pimeda aeg
2021-10-23 01:42:00,2,0,1,Tartu maakond,0,Ühesõidukiõnnetus,Pimeda aeg
2021-10-22 18:55:00,2,0,1,Harju maakond,1,Jalakäijaõnnetus,Pimeda aeg
2021-10-23 19:50:00,2,0,1,Viljandi maakond,0,Jalakäijaõnnetus,Pimeda aeg
2021-10-23 21:14:00,1,0,1,Harju maakond,0,Ühesõidukiõnnetus,Pimeda aeg
2021-10-24 00:30:00,2,0,1,Põlva maakond,0,Ühesõidukiõnnetus,Pimeda aeg
2021-10-24 15:09:00,1,0,1,Harju maakond,0,Ühesõidukiõnnetus,Valge aeg
2021-10-24 15:22:00,1,0,1,Harju maakond,0,Ühesõidukiõnnetus,Valge aeg
2021-10-24 00:00:00,3,0,1,Tartu maakond,1,Kokkupõrge,Valge aeg
2021-10-24 18:16:00,2,0,1,Harju maakond,0,Kokkupõrge,Pimeda aeg
2021-10-25 15:54:00,2,0,1,Tartu maakond,0,Muu liiklusõnnetus,Valge aeg
2021-10-25 18:19:00,4,0,1,Harju maakond,0,Kokkupõrge,Pimeda aeg
2021-10-26 13:35:00,3,0,1,Ida-Viru maakond,1,Jalakäijaõnnetus,Valge aeg
2021-10-26 17:04:00,2,0,1,Harju maakond,0,Kokkupõrge,Valge aeg
2021-10-26 18:25:00,2,0,1,Harju maakond,1,Jalakäijaõnnetus,Pimeda aeg
2021-10-27 15:32:00,2,0,1,Tartu maakond,1,Jalakäijaõnnetus,Valge aeg
2021-10-28 09:12:00,2,0,1,Harju maakond,0,Kokkupõrge,Valge aeg
2021-10-28 10:37:00,3,0,1,Harju maakond,0,Kokkupõrge,Valge aeg
2021-10-28 14:23:00,2,0,1,Pärnu maakond,0,Kokkupõrge,Valge aeg
2021-10-28 22:51:00,1,0,1,Harju maakond,0,Ühesõidukiõnnetus,Pimeda aeg
2021-10-29 10:42:00,3,0,1,Harju maakond,1,Jalakäijaõnnetus,Valge aeg
2021-10-29 13:00:00,2,0,1,Harju maakond,0,Kokkupõrge,Valge aeg
2021-10-29 16:30:00,1,0,1,Pärnu maakond,0,Ühesõidukiõnnetus,Valge aeg
2021-10-30 01:44:00,1,0,1,Harju maakond,0,Ühesõidukiõnnetus,Pimeda aeg
2021-10-30 03:32:00,1,0,1,Harju maakond,0,Ühesõidukiõnnetus,Pimeda aeg
2021-10-29 18:00:00,1,0,1,Ida-Viru maakond,0,Ühesõidukiõnnetus,Pimeda aeg
2021-10-30 12:02:00,2,0,1,Põlva maakond,0,Kokkupõrge,Valge aeg
2021-10-30 15:05:00,3,0,1,Harju maakond,0,Kokkupõrge,Valge aeg
2021-10-30 15:55:00,2,0,1,Harju maakond,1,Jalakäijaõnnetus,Valge aeg
2021-10-30 23:11:00,1,0,1,Harju maakond,0,Ühesõidukiõnnetus,Pimeda aeg
2021-10-31 15:14:00,1,0,1,Ida-Viru maakond,1,Jalakäijaõnnetus,Valge aeg
2021-10-31 18:20:00,2,0,1,Ida-Viru maakond,0,Kokkupõrge,Pimeda aeg
2021-01-11 00:00:00,2,0,1,Tartu maakond,0,Kokkupõrge,Valge aeg
2021-01-11 00:00:00,2,0,1,Harju maakond,1,Jalakäijaõnnetus,Valge aeg
2021-01-11 00:00:00,2,0,1,Harju maakond,1,Jalakäijaõnnetus,Valge aeg
2021-01-11 00:00:00,1,0,1,Lääne-Viru maakond,0,Ühesõidukiõnnetus,Valge aeg
2021-02-11 00:00:00,1,0,1,Harju maakond,0,Kokkupõrge,Valge aeg
2021-02-11 00:00:00,3,0,1,Ida-Viru maakond,1,Jalakäijaõnnetus,Valge aeg
2021-02-11 00:00:00,1,0,1,Harju maakond,0,Muu liiklusõnnetus,Pimeda aeg
2021-02-11 00:00:00,1,0,1,Lääne-Viru maakond,0,Ühesõidukiõnnetus,Pimeda aeg
2021-02-11 00:00:00,2,0,1,Pärnu maakond,1,Jalakäijaõnnetus,Pimeda aeg
2021-03-11 00:00:00,2,0,2,Harju maakond,0,Kokkupõrge,Valge aeg
2021-03-11 00:00:00,1,0,1,Harju maakond,0,Ühesõidukiõnnetus,Valge aeg
2021-03-11 00:00:00,1,0,1,Harju maakond,0,Ühesõidukiõnnetus,Pimeda aeg
2021-03-11 00:00:00,1,0,1,Pärnu maakond,1,Jalakäijaõnnetus,Valge aeg
2021-04-11 00:00:00,1,0,1,Harju maakond,0,Ühesõidukiõnnetus,Pimeda aeg
2021-05-11 00:00:00,1,0,1,Harju maakond,0,Ühesõidukiõnnetus,Pimeda aeg
2021-05-11 00:00:00,3,0,2,Lääne maakond,0,Kokkupõrge,Valge aeg
2021-05-11 00:00:00,2,0,1,Harju maakond,1,Jalakäijaõnnetus,Pimeda aeg
2021-05-11 00:00:00,1,0,1,Harju maakond,1,Jalakäijaõnnetus,Pimeda aeg
2021-05-11 00:00:00,5,0,1,Harju maakond,0,Ühesõidukiõnnetus,Pimeda aeg
2021-06-11 00:00:00,1,0,1,Harju maakond,0,Ühesõidukiõnnetus,Pimeda aeg
2021-06-11 00:00:00,1,0,1,Harju maakond,0,Ühesõidukiõnnetus,Pimeda aeg
2021-06-11 00:00:00,2,0,1,Harju maakond,0,Kokkupõrge,Valge aeg
2021-06-11 00:00:00,1,0,1,Harju maakond,0,Ühesõidukiõnnetus,Pimeda aeg
2021-06-11 00:00:00,3,0,2,Tartu maakond,0,Ühesõidukiõnnetus,Pimeda aeg
2021-07-11 00:00:00,2,0,1,Ida-Viru maakond,1,Jalakäijaõnnetus,Pimeda aeg
2021-07-11 00:00:00,1,0,1,Harju maakond,0,Ühesõidukiõnnetus,Pimeda aeg
2021-07-11 00:00:00,1,0,1,Harju maakond,1,Jalakäijaõnnetus,Pimeda aeg
2021-07-11 00:00:00,1,0,1,Pärnu maakond,0,Kokkupõrge,Pimeda aeg
2021-07-11 00:00:00,2,0,1,Harju maakond,1,Jalakäijaõnnetus,Pimeda aeg
2021-08-11 00:00:00,1,0,1,Harju maakond,0,Ühesõidukiõnnetus,Pimeda aeg
2021-08-11 00:00:00,1,0,1,Saare maakond,0,Kokkupõrge,Valge aeg
2021-08-11 00:00:00,2,0,1,Tartu maakond,0,Kokkupõrge,Valge aeg
2021-08-11 00:00:00,2,0,1,Harju maakond,0,Kokkupõrge,Valge aeg
2021-08-11 00:00:00,2,0,1,Harju maakond,1,Jalakäijaõnnetus,Pimeda aeg
2021-08-11 00:00:00,2,0,1,Harju maakond,1,Jalakäijaõnnetus,Pimeda aeg
2021-09-11 00:00:00,2,0,1,Rapla maakond,0,Kokkupõrge,Valge aeg
2021-09-11 00:00:00,2,0,1,Harju maakond,0,Kokkupõrge,Valge aeg
2021-10-11 00:00:00,2,0,1,Harju maakond,0,Kokkupõrge,Valge aeg
2021-10-11 00:00:00,2,0,1,Harju maakond,1,Jalakäijaõnnetus,Pimeda aeg
2021-11-11 00:00:00,3,0,1,Pärnu maakond,0,Kokkupõrge,Valge aeg
2021-11-11 00:00:00,2,0,1,Harju maakond,0,Kokkupõrge,Pimeda aeg
2021-11-11 00:00:00,2,0,1,Harju maakond,1,Jalakäijaõnnetus,Pimeda aeg
2021-12-11 00:00:00,2,0,1,Jõgeva maakond,0,Kokkupõrge,Valge aeg
2021-12-11 00:00:00,2,0,1,Tartu maakond,0,Kokkupõrge,Valge aeg
2021-12-11 00:00:00,1,0,1,Saare maakond,1,Jalakäijaõnnetus,Pimeda aeg
2021-10-11 00:00:00,0,0,1,Viljandi maakond,1,Jalakäijaõnnetus,Pimeda aeg
2021-11-14 15:36:00,3,0,1,Harju maakond,0,Muu liiklusõnnetus,Valge aeg
2021-11-14 16:41:00,0,0,1,Ida-Viru maakond,0,Muu liiklusõnnetus,Pimeda aeg
2021-11-14 19:08:00,4,0,3,Tartu maakond,0,Kokkupõrge,Pimeda aeg
2021-11-16 07:39:00,3,0,1,Harju maakond,0,Ühesõidukiõnnetus,Valge aeg
2021-11-16 17:20:00,2,1,0,Pärnu maakond,0,Kokkupõrge,Pimeda aeg