date,persons_involved,killed,injured,county,pedestrian_involved,accident_type,light_conditions
2021-11-16 18:17:00,1,0,1,Harju maakond,0,Ühesõidukiõnnetus,Pimeda aeg
2021-11-17 21:26:00,2,0,1,Harju maakond,1,Jalakäijaõnnetus,Pimeda aeg
2021-11-18 08:22:00,2,0,1,Pärnu maakond,0,Kokkupõrge,Valge aeg
2021-11-18 09:54:00,3,0,1,Harju maakond,0,Kokkupõrge,Pimeda aeg
2021-11-18 15:20:00,2,0,1,Võru maakond,1,Jalakäijaõnnetus,Valge aeg
2021-11-19 16:39:00,2,0,1,Harju maakond,0,Kokkupõrge,Pimeda aeg
2021-11-19 16:40:00,2,0,1,Harju maakond,1,Jalakäijaõnnetus,Pimeda aeg
2021-11-19 16:43:00,2,1,0,Tartu maakond,1,Jalakäijaõnnetus,Pimeda aeg
2021-11-19 17:33:00,2,0,1,Harju maakond,1,Jalakäijaõnnetus,Pimeda aeg
2021-11-19 21:28:00,1,0,1,Ida-Viru maakond,0,Ühesõidukiõnnetus,Pimeda aeg
2021-11-19 21:53:00,2,0,1,Harju maakond,1,Jalakäijaõnnetus,Pimeda aeg
2021-11-20 02:06:00,1,0,1,Harju maakond,0,Ühesõidukiõnnetus,Pimeda aeg
2021-11-20 10:03:00,1,0,1,Harju maakond,0,Ühesõidukiõnnetus,Valge aeg
2021-11-20 12:11:00,3,0,1,Saare maakond,0,Kokkupõrge,Valge aeg
2021-11-20 12:39:00,2,1,0,Harju maakond,1,Jalakäijaõnnetus,Valge aeg
2021-11-20 14:51:00,2,0,2,Harju maakond,0,Ühesõidukiõnnetus,Valge aeg
2021-11-20 20:51:00,1,0,1,Harju maakond,0,Ühesõidukiõnnetus,Pimeda aeg
2021-11-20 23:27:00,1,0,1,Harju maakond,0,Ühesõidukiõnnetus,Pimeda aeg
2021-11-21 07:30:00,2,0,2,Lääne-Viru maakond,0,Ühesõidukiõnnetus,Valge aeg
2021-11-21 17:54:00,2,0,1,Harju maakond,0,Muu liiklusõnnetus,Pimeda aeg
2021-11-21 18:20:00,3,0,2,Lääne-Viru maakond,0,Ühesõidukiõnnetus,Pimeda aeg
2021-11-21 18:30:00,3,0,3,Ida-Viru maakond,0,Kokkupõrge,Pimeda aeg
2021-11-22 09:08:00,0,0,1,Harju maakond,0,Ühesõidukiõnnetus,Valge aeg
2021-11-22 09:13:00,0,0,1,Harju maakond,1,Jalakäijaõnnetus,Valge aeg
2021-11-22 10:15:00,1,0,1,Harju maakond,0,Ühesõidukiõnnetus,Valge aeg
2021-11-22 12:45:00,2,0,1,Tartu maakond,0,Kokkupõrge,Valge aeg
2021-11-22 18:26:00,2,0,1,Viljandi maakond,1,Jalakäijaõnnetus,Pimeda aeg
2021-11-22 18:24:00,2,0,1,Harju maakond,0,Jalakäijaõnnetus,Pimeda aeg
2021-11-23 13:24:00,2,0,1,Harju maakond,1,Jalakäijaõnnetus,Valge aeg
2021-11-23 16:54:00,3,0,1,Harju maakond,1,Jalakäijaõnnetus,Pimeda aeg
2021-11-23 18:50:00,2,0,1,Võru maakond,0,Ühesõidukiõnnetus,Pimeda aeg
2021-11-23 20:02:00,2,0,1,Harju maakond,1,Jalakäijaõnnetus,Pimeda aeg
2021-11-24 07:43:00,0,0,1,Harju maakond,1,Jalakäijaõnnetus,Valge aeg
2021-11-24 09:04:00,2,0,1,Pärnu maakond,1,Jalakäijaõnnetus,Valge aeg
2021-11-24 10:07:00,1,0,1,Pärnu maakond,0,Ühesõidukiõnnetus,Valge aeg
2021-11-24 14:42:00,1,0,1,Harju maakond,1,Jalakäijaõnnetus,Valge aeg
2021-11-25 12:04:00,2,0,1,Harju maakond,1,Jalakäijaõnnetus,Valge aeg
2021-11-25 16:36:00,2,0,1,Harju maakond,1,Jalakäijaõnnetus,Pimeda aeg
2021-11-25 17:05:00,2,0,1,Harju maakond,0,Kokkupõrge,Pimeda aeg
2021-11-25 17:12:00,2,0,1,Lääne maakond,0,Kokkupõrge,Pimeda aeg
2021-11-25 17:15:00,2,0,1,Võru maakond,1,Jalakäijaõnnetus,Pimeda aeg
2021-11-26 00:04:00,1,0,1,Harju maakond,0,Ühesõidukiõnnetus,Pimeda aeg
2021-11-26 17:37:00,2,0,1,Lääne-Viru maakond,1,Jalakäijaõnnetus,Pimeda aeg
2021-11-26 21:15:00,1,0,1,Lääne-Viru maakond,0,Ühesõidukiõnnetus,Pimeda aeg
2021-11-27 15:34:00,1,0,1,Harju maakond,0,Ühesõidukiõnnetus,Valge aeg
2021-11-27 16:46:00,4,0,2,Järva maakond,0,Kokkupõrge,Pimeda aeg
2021-11-28 12:21:00,2,0,2,Harju maakond,0,Ühesõidukiõnnetus,Valge aeg
2021-11-28 13:01:00,2,0,1,Põlva maakond,0,Kokkupõrge,Valge aeg
2021-11-28 15:25:00,13,0,5,Ida-Viru maakond,0,Kokkupõrge,Valge aeg
2021-11-28 21:00:00,3,0,3,Lääne-Viru maakond,0,Ühesõidukiõnnetus,Pimeda aeg
2021-11-28 21:29:00,2,0,1,Harju maakond,1,Jalakäijaõnnetus,Pimeda aeg
2021-11-28 18:10:00,2,0,1,Harju maakond,1,Jalakäijaõnnetus,Pimeda aeg
2021-11-29 16:03:00,2,0,1,Harju maakond,0,Muu liiklusõnnetus,Pimeda aeg
2021-01-12 00:00:00,2,0,1,Tartu maakond,0,Kokkupõrge,Valge aeg
2021-01-12 00:00:00,2,0,2,Harju maakond,0,Kokkupõrge,Valge aeg
2021-01-12 00:00:00,2,0,1,Harju maakond,1,Jalakäijaõnnetus,Pimeda aeg
2021-02-12 00:00:00,2,0,1,Harju maakond,1,Jalakäijaõnnetus,Pimeda aeg
2021-02-12 00:00:00,4,0,4,Lääne-Viru maakond,0,Kokkupõrge,Valge aeg
2021-02-12 00:00:00,2,0,1,Harju maakond,1,Jalakäijaõnnetus,Valge aeg
2021-02-12 00:00:00,3,0,2,Harju maakond,0,Kokkupõrge,Pimeda aeg
2021-02-12 00:00:00,4,1,2,Tartu maakond,0,Kokkupõrge,Pimeda aeg
2021-03-12 00:00:00,2,0,1,Pärnu maakond,1,Jalakäijaõnnetus,Valge aeg
2021-03-12 00:00:00,3,0,1,Pärnu maakond,0,Kokkupõrge,Pimeda aeg
2021-04-12 00:00:00,2,0,1,Harju maakond,1,Jalakäijaõnnetus,Valge aeg
2021-04-12 00:00:00,2,0,1,Harju maakond,0,Kokkupõrge,Valge aeg
2021-05-12 00:00:00,2,0,1,Harju maakond,0,Kokkupõrge,Pimeda aeg
2021-05-12 00:00:00,2,0,1,Harju maakond,1,Jalakäijaõnnetus,Pimeda aeg
2021-06-12 00:00:00,2,0,2,Tartu maakond,0,Kokkupõrge,Valge aeg
2021-06-12 00:00:00,2,0,1,Harju maakond,0,Kokkupõrge,Valge aeg
2021-06-12 00:00:00,2,0,1,Pärnu maakond,0,Ühesõidukiõnnetus,Valge aeg
2021-06-12 00:00:00,2,0,1,Harju maakond,0,Kokkupõrge,Pimeda aeg
2021-07-12 00:00:00,2,0,1,Harju maakond,1,Jalakäijaõnnetus,Valge aeg
2021-07-12 00:00:00,6,0,3,Valga maakond,0,Kokkupõrge,Valge aeg
2021-07-12 00:00:00,2,0,1,Harju maakond,1,Jalakäijaõnnetus,Pimeda aeg
2021-07-12 00:00:00,2,0,1,Harju maakond,1,Jalakäijaõnnetus,Pimeda aeg
2021-08-12 00:00:00,2,0,1,Harju maakond,1,Jalakäijaõnnetus,Valge aeg
2021-08-12 00:00:00,3,0,1,Harju maakond,0,Kokkupõrge,Valge aeg
2021-08-12 00:00:00,3,0,3,Harju maakond,0,Kokkupõrge,Valge aeg
2021-08-12 00:00:00,2,0,1,Tartu maakond,1,Jalakäijaõnnetus,Valge aeg
2021-08-12 00:00:00,2,0,1,Lääne-Viru maakond,1,Jalakäijaõnnetus,Pimeda aeg
2021-08-12 00:00:00,2,0,1,Harju maakond,0,Kokkupõrge,Pimeda aeg
2021-08-12 00:00:00,2,0,1,Harju maakond,0,Kokkupõrge,Pimeda aeg
2021-09-12 00:00:00,2,1,0,Harju maakond,0,Kokkupõrge,Pimeda aeg
2021-09-12 00:00:00,2,0,1,Harju maakond,0,Kokkupõrge,Valge aeg
2021-09-12 00:00:00,1,0,1,Harju maakond,0,Ühesõidukiõnnetus,Valge aeg
2021-09-12 00:00:00,2,0,1,Võru maakond,0,Kokkupõrge,Valge aeg
2021-09-12 00:00:00,2,0,1,Harju maakond,1,Jalakäijaõnnetus,Valge aeg
2021-09-12 00:00:00,3,0,1,Pärnu maakond,0,Kokkupõrge,Pimeda aeg
2021-09-12 00:00:00,2,0,1,Harju maakond,0,Kokkupõrge,Pimeda aeg
2021-09-12 00:00:00,2,0,1,Lääne-Viru maakond,0,Ühesõidukiõnnetus,Pimeda aeg
2021-09-12 00:00:00,1,0,1,Harju maakond,0,Ühesõidukiõnnetus,Pimeda aeg
2021-09-12 00:00:00,2,0,1,Tartu maakond,1,Jalakäijaõnnetus,Pimeda aeg
2021-11-12 00:00:00,1,0,1,Harju maakond,0,Ühesõidukiõnnetus,Pimeda aeg
2021-11-12 00:00:00,2,0,2,Võru maakond,0,Ühesõidukiõnnetus,Pimeda aeg
2021-12-12 00:00:00,2,0,2,Ida-Viru maakond,0,Kokkupõrge,Valge aeg
2021-12-12 00:00:00,3,0,2,Harju maakond,1,Jalakäijaõnnetus,Pimeda aeg
2021-12-13 07:55:00,3,0,1,Ida-Viru maakond,1,Jalakäijaõnnetus,Pimeda aeg
2021-12-14 09:02:00,3,0,2,Tartu maakond,0,Kokkupõrge,Valge aeg
2021-12-14 13:36:00,3,0,1,Harju maakond,0,Kokkupõrge,Valge aeg
2021-12-14 19:01:00,2,0,1,Tartu maakond,0,Kokkupõrge,Pimeda aeg
2021-12-15 05:07:00,1,0,1,Tartu maakond,0,Ühesõidukiõnnetus,Pimeda aeg
2021-12-15 07:30:00,2,0,1,Harju maakond,1,Jalakäijaõnnetus,Pimeda aeg
2021-12-15 07:57:00,2,0,1,Harju maakond,1,Jalakäijaõnnetus,Pimeda aeg
2021-12-15 16:34:00,2,0,1,Järva maakond,0,Ühesõidukiõnnetus,Pimeda aeg
2021-12-15 16:53:00,2,0,1,Harju maakond,0,Muu liiklusõnnetus,Pimeda aeg
2021-12-16 11:54:00,2,0,1,Võru maakond,1,Jalakäijaõnnetus,Valge aeg
2021-12-16 14:28:00,2,0,2,Harju maakond,0,Ühesõidukiõnnetus,Valge aeg
2021-12-16 18:15:00,4,0,1,Lääne-Viru maakond,0,Kokkupõrge,Pimeda aeg
2021-12-17 13:34:00,2,0,1,Harju maakond,1,Jalakäijaõnnetus,Valge aeg
2021-12-18 12:40:00,2,0,1,Harju maakond,1,Jalakäijaõnnetus,Valge aeg
2021-12-19 10:47:00,1,0,1,Pärnu maakond,0,Ühesõidukiõnnetus,Valge aeg
2021-12-19 15:40:00,3,0,2,Lääne-Viru maakond,0,Ühesõidukiõnnetus,Pimeda aeg
2021-12-20 11:13:00,2,0,1,Valga maakond,0,Kokkupõrge,Valge aeg
2021-12-20 15:43:00,2,0,1,Rapla maakond,1,Jalakäijaõnnetus,Pimeda aeg
2021-12-21 07:50:00,2,0,1,Ida-Viru maakond,1,Jalakäijaõnnetus,Pimeda aeg
2021-12-21 12:22:00,2,0,1,Harju maakond,0,Kokkupõrge,Valge aeg
2021-12-21 14:39:00,1,0,1,Harju maakond,0,Ühesõidukiõnnetus,Valge aeg
2021-12-21 17:15:00,2,0,1,Ida-Viru maakond,0,Kokkupõrge,Pimeda aeg
2021-12-23 00:21:00,1,0,1,Harju maakond,0,Ühesõidukiõnnetus,Pimeda aeg
2021-12-23 02:10:00,1,0,1,Saare maakond,0,Ühesõidukiõnnetus,Pimeda aeg
2021-12-23 14:42:00,2,0,1,Harju maakond,0,Kokkupõrge,Pimeda aeg
2021-12-23 18:05:00,2,0,1,Harju maakond,0,Kokkupõrge,Pimeda aeg
2021-12-23 20:47:00,2,1,0,Valga maakond,0,Kokkupõrge,Pimeda aeg
2021-12-24 07:14:00,2,0,1,Hiiu maakond,0,Ühesõidukiõnnetus,Pimeda aeg
2021-12-24 14:17:00,5,0,3,Lääne-Viru maakond,1,Jalakäijaõnnetus,Valge aeg
2021-12-24 19:11:00,3,0,1,Harju maakond,1,Kokkupõrge,Pimeda aeg
2021-12-24 21:34:00,3,0,1,Harju maakond,1,Jalakäijaõnnetus,Pimeda aeg
2021-12-25 12:59:00,3,0,2,Harju maakond,0,Kokkupõrge,Valge aeg
2021-12-25 14:36:00,10,0,5,Viljandi maakond,0,Kokkupõrge,Valge aeg
2021-12-25 16:40:00,2,0,1,Ida-Viru maakond,1,Jalakäijaõnnetus,Valge aeg
2021-12-26 11:43:00,3,0,1,Järva maakond,0,Kokkupõrge,Valge aeg
2021-12-26 15:05:00,2,0,1,Jõgeva maakond,0,Ühesõidukiõnnetus,Valge aeg
2021-12-26 16:24:00,4,0,3,Lääne-Viru maakond,0,Kokkupõrge,Pimeda aeg
2021-12-26 17:10:00,2,0,1,Pärnu maakond,0,Kokkupõrge,Pimeda aeg
2021-12-26 17:10:00,4,0,1,Harju maakond,0,Kokkupõrge,Pimeda aeg
2021-12-27 10:29:00,1,0,1,Lääne maakond,0,Ühesõidukiõnnetus,Valge aeg
2021-12-28 21:04:00,2,0,1,Harju maakond,1,Jalakäijaõnnetus,Pimeda aeg
2021-12-29 15:40:00,2,0,1,Harju maakond,1,Jalakäijaõnnetus,Pimeda aeg
2021-12-29 17:47:00,1,0,1,Järva maakond,0,Ühesõidukiõnnetus,Pimeda aeg
2021-12-29 18:07:00,2,1,1,Järva maakond,0,Kokkupõrge,Pimeda aeg
2021-12-29 18:14:00,2,0,1,Tartu maakond,0,Kokkupõrge,Pimeda aeg
2021-12-29 19:17:00,2,0,1,Tartu maakond,1,Jalakäijaõnnetus,Pimeda aeg
2021-12-29 23:26:00,4,0,2,Harju maakond,0,Kokkupõrge,Pimeda aeg
2021-12-30 09:49:00,2,0,1,Harju maakond,0,Kokkupõrge,Valge aeg
2021-12-30 11:33:00,4,0,2,Pärnu maakond,0,Kokkupõrge,Valge aeg
2021-12-30 13:00:00,3,0,1,Lääne-Viru maakond,0,Kokkupõrge,Valge aeg
2021-12-30 16:29:00,2,1,0,Tartu maakond,0,Kokkupõrge,Pimeda aeg
2021-12-30 18:07:00,2,0,1,Harju maakond,0,Kokkupõrge,Pimeda aeg
2021-12-30 21:33:00,1,0,1,Harju maakond,0,Ühesõidukiõnnetus,Pimeda aeg
2021-12-31 17:24:00,1,0,1,Põlva maakond,0,Ühesõidukiõnnetus,Pimeda aeg
2021-12-31 22:16:00,1,0,1,Valga maakond,0,Ühesõidukiõnnetus,Pimeda aeg
2021-12-31 23:45:00,1,0,1,Lääne-Viru maakond,1,Jalakäijaõnnetus,Pimeda aeg
2013-03-03 00:00:00,1,0,1,Harju maakond,0,Ühesõidukiõnnetus,Valge aeg
2013-07-03 00:00:00,2,0,1,Harju maakond,1,Jalakäijaõnnetus,Valge aeg
2013-08-03 00:00:00,1,0,1,Harju maakond,0,Ühesõidukiõnnetus,Pimeda aeg
2013-11-03 00:00:00,1,0,1,Harju maakond,0,Ühesõidukiõnnetus,Pimeda aeg
2013-12-03 00:00:00,2,0,1,Harju maakond,1,Jalakäijaõnnetus,Valge aeg
2013-03-14 07:56:00,1,0,1,Harju maakond,0,Muu liiklusõnnetus,Valge aeg
2013-03-18 19:08:00,3,0,1,Harju maakond,0,Muu liiklusõnnetus,Pimeda aeg
2013-03-19 16:15:00,2,0,2,Harju maakond,0,Kokkupõrge,Valge aeg
2013-03-23 01:59:00,2,0,1,Harju maakond,1,Kokkupõrge,Valge aeg
2013-03-23 10:00:00,0,0,1,Harju maakond,0,Ühesõidukiõnnetus,Valge aeg
2013-03-23 16:30:00,2,0,1,Harju maakond,1,Jalakäijaõnnetus,Valge aeg
2013-02-04 00:00:00,2,0,1,Harju maakond,1,Jalakäijaõnnetus,Valge aeg
2013-02-04 00:00:00,2,0,1,Harju maakond,0,Kokkupõrge,Valge aeg
2013-03-04 00:00:00,2,0,1,Harju maakond,1,Jalakäijaõnnetus,Valge aeg
2013-04-04 00:00:00,2,0,1,Harju maakond,0,Kokkupõrge,Valge aeg
2013-09-04 00:00:00,3,0,2,Harju maakond,1,Jalakäijaõnnetus,Valge aeg
2013-10-04 00:00:00,2,0,1,Harju maakond,1,Jalakäijaõnnetus,Valge aeg
2013-10-04 00:00:00,2,0,1,Harju maakond,0,Kokkupõrge,Valge aeg
2013-10-04 00:00:00,1,0,1,Harju maakond,0,Ühesõidukiõnnetus,Valge aeg
2013-10-04 00:00:00,2,0,1,Harju maakond,0,Kokkupõrge,Valge aeg
2013-11-04 00:00:00,2,0,1,Harju maakond,0,Kokkupõrge,Pimeda aeg
2013-11-04 00:00:00,2,0,1,Harju maakond,1,Jalakäijaõnnetus,Valge aeg
2013-04-14 18:00:00,2,0,1,Harju maakond,0,Kokkupõrge,Valge aeg
2013-04-18 18:07:00,2,0,1,Harju maakond,0,Kokkupõrge,Valge aeg
2013-04-20 09:49:00,1,0,1,Harju maakond,0,Ühesõidukiõnnetus,Valge aeg
2013-04-22 08:20:00,2,0,1,Harju maakond,0,Muu liiklusõnnetus,Valge aeg
2013-04-22 17:53:00,1,0,1,Harju maakond,0,Ühesõidukiõnnetus,Valge aeg
2013-04-24 07:54:00,1,0,1,Harju maakond,0,Muu liiklusõnnetus,Valge aeg
2013-04-27 08:40:00,2,0,1,Harju maakond,0,Teadmata,Valge aeg
2013-04-27 17:12:00,2,0,1,Harju maakond,0,Kokkupõrge,Valge aeg
2013-01-05 00:00:00,1,0,3,Harju maakond,0,Muu liiklusõnnetus,Valge aeg
2013-02-05 00:00:00,2,0,1,Harju maakond,1,Jalakäijaõnnetus,Valge aeg
2013-03-05 00:00:00,3,0,2,Harju maakond,1,Jalakäijaõnnetus,Valge aeg
2013-03-05 00:00:00,2,0,1,Harju maakond,0,Kokkupõrge,Valge aeg
2013-09-05 00:00:00,1,0,1,Harju maakond,0,Muu liiklusõnnetus,Valge aeg
2013-10-05 00:00:00,2,0,1,Harju maakond,0,Kokkupõrge,Valge aeg
2013-10-05 00:00:00,2,0,1,Harju maakond,1,Jalakäijaõnnetus,Valge aeg
2013-10-05 00:00:00,2,0,1,Harju maakond,0,Muu liiklusõnnetus,Valge aeg
2013-05-17 19:54:00,0,0,1,Harju maakond,0,Ühesõidukiõnnetus,Valge aeg
2013-05-18 07:40:00,1,0,1,Harju maakond,0,Ühesõidukiõnnetus,Valge aeg
2013-05-18 16:31:00,2,0,1,Harju maakond,0,Kokkupõrge,Valge aeg
2013-05-19 14:54:00,3,1,0,Harju maakond,0,Kokkupõrge,Valge aeg
2013-05-27 20:56:00,2,0,1,Harju maakond,0,Kokkupõrge,Valge aeg
2013-05-29 20:43:00,1,0,1,Harju maakond,0,Ühesõidukiõnnetus,Valge aeg
2013-05-30 08:30:00,2,0,1,Harju maakond,1,Jalakäijaõnnetus,Valge aeg
2013-05-30 15:55:00,3,0,1,Harju maakond,0,Kokkupõrge,Valge aeg
2013-05-30 18:08:00,1,0,1,Harju maakond,1,Muu liiklusõnnetus,Valge aeg
2013-02-06 00:00:00,1,0,2,Harju maakond,0,Ühesõidukiõnnetus,Valge aeg
2013-02-06 00:00:00,3,2,0,Harju maakond,0,Kokkupõrge,Valge aeg
2013-03-06 00:00:00,2,0,1,Harju maakond,0,Kokkupõrge,Pimeda aeg
2013-04-06 00:00:00,1,0,1,Harju maakond,0,Ühesõidukiõnnetus,Valge aeg
2013-06-06 00:00:00,2,0,1,Harju maakond,0,Kokkupõrge,Valge aeg
2013-06-06 00:00:00,2,0,2,Harju maakond,0,Kokkupõrge,Valge aeg
2013-09-06 00:00:00,1,0,1,Harju maakond,1,Jalakäijaõnnetus,Pimeda aeg
2013-10-06 00:00:00,2,1,0,Harju maakond,0,Kokkupõrge,Valge aeg
2013-12-06 00:00:00,2,0,1,Harju maakond,0,Kokkupõrge,Valge aeg
2013-06-14 05:36:00,1,0,1,Harju maakond,0,Ühesõidukiõnnetus,Valge aeg
2013-06-14 09:30:00,2,0,1,Harju maakond,0,Kokkupõrge,Valge aeg
2013-06-14 14:50:00,2,0,1,Harju maakond,0,Muu liiklusõnnetus,Valge aeg
2013-06-15 05:45:00,2,0,1,Harju maakond,0,Kokkupõrge,Valge aeg
2013-06-15 12:50:00,2,0,1,Harju maakond,0,Kokkupõrge,Valge aeg
2013-06-16 07:08:00,1,0,1,Harju maakond,1,Jalakäijaõnnetus,Valge aeg
2013-06-16 20:54:00,1,0,1,Harju maakond,1,Jalakäijaõnnetus,Valge aeg
2013-06-17 13:38:00,2,0,1,Harju maakond,0,Kokkupõrge,Valge aeg
2013-06-19 15:47:00,1,0,1,Harju maakond,1,Jalakäijaõnnetus,Valge aeg
2013-06-24 05:11:00,1,0,2,Harju maakond,0,Ühesõidukiõnnetus,Valge aeg
2013-06-24 17:20:00,3,0,2,Harju maakond,0,Kokkupõrge,Valge aeg
2013-06-26 20:09:00,2,1,0,Harju maakond,0,Kokkupõrge,Valge aeg
2013-06-26 21:29:00,1,0,1,Harju maakond,0,Ühesõidukiõnnetus,Valge aeg
2013-06-30 09:43:00,2,0,1,Harju maakond,0,Kokkupõrge,Valge aeg
2013-06-07 00:00:00,2,0,1,Harju maakond,0,Ühesõidukiõnnetus,Valge aeg
2013-10-07 00:00:00,2,0,1,Harju maakond,0,Kokkupõrge,Valge aeg
2013-12-07 00:00:00,2,0,1,Harju maakond,1,Jalakäijaõnnetus,Valge aeg
2013-07-14 15:45:00,1,0,1,Harju maakond,0,Ühesõidukiõnnetus,Valge aeg
2013-07-15 04:25:00,1,0,1,Harju maakond,1,Jalakäijaõnnetus,Valge aeg
2013-07-16 16:55:00,2,0,1,Harju maakond,0,Kokkupõrge,Valge aeg
2013-07-17 00:21:00,3,0,1,Harju maakond,1,Jalakäijaõnnetus,Pimeda aeg
2013-07-17 14:50:00,2,0,2,Harju maakond,0,Kokkupõrge,Valge aeg
2013-07-18 19:20:00,2,0,1,Harju maakond,1,Jalakäijaõnnetus,Valge aeg
2013-07-20 17:10:00,3,0,2,Harju maakond,0,Kokkupõrge,Valge aeg
2013-07-22 08:32:00,2,0,2,Harju maakond,0,Kokkupõrge,Valge aeg
2013-07-23 18:59:00,1,0,1,Harju maakond,1,Jalakäijaõnnetus,Valge aeg
2013-07-26 13:48:00,2,0,1,Harju maakond,1,Jalakäijaõnnetus,Valge aeg
2013-07-26 18:00:00,3,0,1,Harju maakond,0,Kokkupõrge,Valge aeg
2013-07-27 02:30:00,2,0,1,Harju maakond,1,Jalakäijaõnnetus,Pimeda aeg
2013-07-27 05:30:00,1,0,1,Harju maakond,0,Kokkupõrge,Valge aeg
2013-07-27 17:00:00,3,0,2,Harju maakond,0,Muu liiklusõnnetus,Valge aeg
2013-07-28 15:20:00,2,0,2,Harju maakond,0,Kokkupõrge,Valge aeg
2013-07-29 16:07:00,2,0,2,Harju maakond,0,Kokkupõrge,Valge aeg
2013-07-30 18:11:00,3,0,1,Harju maakond,1,Jalakäijaõnnetus,Valge aeg
2013-07-30 18:26:00,2,0,1,Harju maakond,0,Kokkupõrge,Valge aeg
2013-07-31 22:00:00,2,0,1,Harju maakond,0,Kokkupõrge,Valge aeg
2013-02-08 00:00:00,4,0,2,Harju maakond,0,Kokkupõrge,Valge aeg
2013-02-08 00:00:00,1,0,1,Harju maakond,0,Muu liiklusõnnetus,Pimeda aeg
2013-03-08 00:00:00,2,1,0,Harju maakond,1,Jalakäijaõnnetus,Valge aeg
2013-08-08 00:00:00,2,0,1,Harju maakond,0,Kokkupõrge,Valge aeg
2013-11-08 00:00:00,2,0,1,Harju maakond,0,Kokkupõrge,Valge aeg
2013-08-16 14:45:00,2,0,1,Harju maakond,0,Kokkupõrge,Valge aeg
2013-08-17 09:02:00,1,0,1,Harju maakond,0,Muu liiklusõnnetus,Valge aeg
2013-08-18 12:35:00,2,1,0,Harju maakond,0,Kokkupõrge,Valge aeg
2013-08-19 19:53:00,1,0,1,Harju maakond,0,Ühesõidukiõnnetus,Valge aeg
2013-08-21 11:18:00,2,0,1,Harju maakond,0,Kokkupõrge,Valge aeg
2013-08-21 18:30:00,2,0,1,Harju maakond,0,Kokkupõrge,Valge aeg
2013-08-23 12:00:00,2,0,1,Harju maakond,0,Kokkupõrge,Valge aeg
2013-08-23 12:25:00,1,0,1,Harju maakond,0,Ühesõidukiõnnetus,Valge aeg
2013-08-23 17:40:00,1,0,1,Harju maakond,0,Muu liiklusõnnetus,Valge aeg
2013-08-24 09:30:00,2,0,1,Harju maakond,1,Jalakäijaõnnetus,Valge aeg
2013-08-26 07:17:00,2,0,1,Harju maakond,1,Jalakäijaõnnetus,Valge aeg
2013-08-26 23:00:00,2,0,1,Harju maakond,1,Jalakäijaõnnetus,Pimeda aeg
2013-08-27 13:55:00,2,0,1,Harju maakond,0,Kokkupõrge,Valge aeg
2013-08-28 22:30:00,1,0,1,Harju maakond,0,Ühesõidukiõnnetus,Pimeda aeg
2013-08-29 17:07:00,1,0,1,Harju maakond,0,Kokkupõrge,Valge aeg
2013-08-29 19:31:00,2,0,2,Harju maakond,0,Kokkupõrge,Valge aeg
2013-08-30 22:26:00,1,0,1,Harju maakond,0,Ühesõidukiõnnetus,Pimeda aeg
2013-01-09 00:00:00,2,0,1,Harju maakond,0,Kokkupõrge,Valge aeg
2013-06-09 00:00:00,2,0,1,Harju maakond,1,Jalakäijaõnnetus,Valge aeg
2013-07-09 00:00:00,2,0,2,Harju maakond,0,Kokkupõrge,Valge aeg
2013-08-09 00:00:00,2,0,1,Harju maakond,0,Kokkupõrge,Valge aeg
2013-09-09 00:00:00,3,0,1,Harju maakond,0,Kokkupõrge,Valge aeg
2013-10-09 00:00:00,2,0,1,Harju maakond,0,Kokkupõrge,Valge aeg
2013-10-09 00:00:00,2,0,1,Harju maakond,1,Jalakäijaõnnetus,Valge aeg
2013-10-09 00:00:00,1,0,1,Harju maakond,0,Muu liiklusõnnetus,Pimeda aeg
2013-11-09 00:00:00,2,0,1,Harju maakond,0,Kokkupõrge,Valge aeg
2013-12-09 00:00:00,2,0,2,Harju maakond,0,Kokkupõrge,Pimeda aeg
2013-09-14 09:30:00,3,0,1,Harju maakond,0,Kokkupõrge,Valge aeg
2013-09-14 11:45:00,3,1,1,Harju maakond,1,Jalakäijaõnnetus,Valge aeg
2013-09-14 11:45:00,1,0,1,Harju maakond,0,Muu liiklusõnnetus,Valge aeg
2013-09-14 12:10:00,2,0,3,Harju maakond,0,Kokkupõrge,Valge aeg
2013-09-14 18:30:00,2,1,0,Harju maakond,0,Kokkupõrge,Valge aeg
2013-09-16 14:10:00,2,0,1,Harju maakond,1,Jalakäijaõnnetus,Valge aeg
2013-09-17 12:03:00,1,0,1,Harju maakond,1,Jalakäijaõnnetus,Valge aeg
2013-09-17 15:16:00,1,0,2,Harju maakond,0,Muu liiklusõnnetus,Valge aeg
2013-09-19 07:26:00,1,0,1,Harju maakond,0,Muu liiklusõnnetus,Valge aeg
2013-09-19 10:52:00,1,0,1,Harju maakond,0,Muu liiklusõnnetus,Valge aeg
2013-09-20 08:13:00,2,0,1,Harju maakond,1,Jalakäijaõnnetus,Valge aeg