date,persons_involved,killed,injured,county,pedestrian_involved,accident_type,light_conditions
2013-09-20 14:59:00,2,0,1,Harju maakond,1,Jalakäijaõnnetus,Valge aeg
2013-09-21 20:20:00,2,0,1,Harju maakond,0,Kokkupõrge,Pimeda aeg
2013-09-22 18:45:00,1,0,1,Harju maakond,0,Ühesõidukiõnnetus,Valge aeg
2013-09-27 06:58:00,3,0,6,Harju maakond,0,Kokkupõrge,Valge aeg
2013-09-28 04:01:00,1,0,1,Harju maakond,0,Ühesõidukiõnnetus,Pimeda aeg
2013-09-29 02:07:00,2,0,1,Harju maakond,0,Kokkupõrge,Pimeda aeg
2013-09-29 16:29:00,2,0,1,Harju maakond,1,Jalakäijaõnnetus,Valge aeg
2013-09-29 21:04:00,2,0,1,Harju maakond,1,Jalakäijaõnnetus,Pimeda aeg
2013-03-10 00:00:00,1,0,1,Harju maakond,0,Muu liiklusõnnetus,Valge aeg
2013-03-10 00:00:00,2,0,1,Harju maakond,0,Kokkupõrge,Valge aeg
2013-04-10 00:00:00,2,0,1,Harju maakond,0,Kokkupõrge,Valge aeg
2013-05-10 00:00:00,2,0,1,Harju maakond,0,Kokkupõrge,Valge aeg
2013-05-10 00:00:00,2,0,1,Harju maakond,1,Jalakäijaõnnetus,Pimeda aeg
2013-06-10 00:00:00,2,0,1,Harju maakond,0,Kokkupõrge,Pimeda aeg
2013-06-10 00:00:00,0,0,2,Harju maakond,0,Ühesõidukiõnnetus,Pimeda aeg
2013-06-10 00:00:00,2,0,1,Harju maakond,0,Kokkupõrge,Valge aeg
2013-09-10 00:00:00,2,0,1,Harju maakond,0,Kokkupõrge,Valge aeg
2013-10-10 00:00:00,1,0,1,Harju maakond,0,Ühesõidukiõnnetus,Valge aeg
2013-11-10 00:00:00,2,0,1,Harju maakond,1,Jalakäijaõnnetus,Valge aeg
2013-10-13 14:15:00,2,1,0,Harju maakond,1,Jalakäijaõnnetus,Valge aeg
2013-10-13 22:31:00,2,1,0,Harju maakond,0,Kokkupõrge,Pimeda aeg
2013-10-17 17:35:00,2,0,1,Harju maakond,0,Kokkupõrge,Valge aeg
2013-10-18 08:05:00,2,0,1,Harju maakond,1,Jalakäijaõnnetus,Valge aeg
2013-10-18 09:43:00,3,1,1,Harju maakond,0,Kokkupõrge,Valge aeg
2013-10-18 19:20:00,2,0,1,Harju maakond,0,Kokkupõrge,Pimeda aeg
2013-10-21 08:15:00,2,0,1,Harju maakond,1,Jalakäijaõnnetus,Valge aeg
2013-10-22 11:23:00,1,0,1,Harju maakond,0,Muu liiklusõnnetus,Valge aeg
2013-10-23 03:05:00,0,0,1,Harju maakond,0,Muu liiklusõnnetus,Pimeda aeg
2013-10-24 08:15:00,2,0,1,Harju maakond,0,Kokkupõrge,Valge aeg
2013-10-25 22:05:00,2,0,1,Harju maakond,0,Kokkupõrge,Pimeda aeg
2013-10-28 13:50:00,2,0,1,Harju maakond,1,Jalakäijaõnnetus,Valge aeg
2013-10-29 17:20:00,2,0,2,Harju maakond,0,Kokkupõrge,Pimeda aeg
2013-01-11 00:00:00,2,0,1,Harju maakond,1,Jalakäijaõnnetus,Valge aeg
2013-01-11 00:00:00,2,0,1,Harju maakond,1,Jalakäijaõnnetus,Pimeda aeg
2013-03-11 00:00:00,2,0,1,Harju maakond,1,Jalakäijaõnnetus,Pimeda aeg
2013-04-11 00:00:00,2,0,2,Harju maakond,0,Kokkupõrge,Pimeda aeg
2013-05-11 00:00:00,2,0,1,Harju maakond,1,Jalakäijaõnnetus,Pimeda aeg
2013-05-11 00:00:00,2,0,1,Harju maakond,0,Kokkupõrge,Pimeda aeg
2013-07-11 00:00:00,2,0,1,Harju maakond,0,Kokkupõrge,Pimeda aeg
2013-07-11 00:00:00,2,0,1,Harju maakond,0,Kokkupõrge,Pimeda aeg
2013-08-11 00:00:00,1,0,1,Harju maakond,1,Jalakäijaõnnetus,Valge aeg
2013-08-11 00:00:00,1,0,1,Harju maakond,0,Muu liiklusõnnetus,Valge aeg
2013-08-11 00:00:00,1,0,2,Harju maakond,0,Ühesõidukiõnnetus,Pimeda aeg
2013-10-11 00:00:00,2,0,1,Harju maakond,0,Kokkupõrge,Valge aeg
2013-10-11 00:00:00,2,0,1,Harju maakond,1,Jalakäijaõnnetus,Pimeda aeg
2013-11-11 00:00:00,1,0,1,Harju maakond,0,Ühesõidukiõnnetus,Valge aeg
2013-12-11 00:00:00,2,0,1,Harju maakond,0,Kokkupõrge,Pimeda aeg
2013-12-11 00:00:00,2,0,1,Harju maakond,1,Jalakäijaõnnetus,Pimeda aeg
2013-11-15 00:48:00,1,0,1,Harju maakond,1,Jalakäijaõnnetus,Pimeda aeg
2013-11-15 11:33:00,1,0,1,Harju maakond,0,Muu liiklusõnnetus,Valge aeg
2013-11-16 05:00:00,1,0,1,Harju maakond,1,Jalakäijaõnnetus,Pimeda aeg
2013-11-18 18:35:00,2,0,2,Harju maakond,0,Kokkupõrge,Pimeda aeg
2013-11-19 17:25:00,1,0,1,Harju maakond,0,Muu liiklusõnnetus,Pimeda aeg
2013-11-20 07:00:00,2,1,0,Harju maakond,1,Jalakäijaõnnetus,Pimeda aeg
2013-11-20 09:41:00,1,0,1,Harju maakond,0,Ühesõidukiõnnetus,Valge aeg
2013-11-20 12:53:00,3,0,1,Harju maakond,1,Jalakäijaõnnetus,Valge aeg
2013-11-20 17:54:00,2,0,1,Harju maakond,0,Kokkupõrge,Pimeda aeg
2013-11-21 11:42:00,1,0,1,Harju maakond,0,Muu liiklusõnnetus,Valge aeg
2013-11-21 14:35:00,1,1,0,Järva maakond,0,Ühesõidukiõnnetus,Valge aeg
2013-11-23 16:25:00,1,0,1,Harju maakond,1,Jalakäijaõnnetus,Pimeda aeg
2013-11-23 17:45:00,2,0,1,Harju maakond,1,Jalakäijaõnnetus,Pimeda aeg
2013-11-25 18:50:00,2,0,1,Harju maakond,1,Jalakäijaõnnetus,Pimeda aeg
2013-11-26 14:56:00,2,0,1,Harju maakond,0,Kokkupõrge,Valge aeg
2013-11-26 17:12:00,1,0,1,Harju maakond,1,Jalakäijaõnnetus,Pimeda aeg
2013-11-27 11:21:00,2,0,1,Harju maakond,1,Muu liiklusõnnetus,Valge aeg
2013-11-28 08:34:00,1,0,1,Harju maakond,0,Ühesõidukiõnnetus,Valge aeg
2013-11-30 02:50:00,2,0,1,Harju maakond,0,Kokkupõrge,Pimeda aeg
2013-02-12 00:00:00,2,0,1,Harju maakond,1,Jalakäijaõnnetus,Pimeda aeg
2013-04-12 00:00:00,2,0,1,Harju maakond,1,Jalakäijaõnnetus,Pimeda aeg
2013-05-12 00:00:00,2,0,1,Harju maakond,1,Jalakäijaõnnetus,Valge aeg
2013-05-12 00:00:00,2,0,1,Harju maakond,0,Kokkupõrge,Valge aeg
2013-06-12 00:00:00,1,0,1,Harju maakond,0,Ühesõidukiõnnetus,Valge aeg
2013-07-12 00:00:00,2,0,2,Harju maakond,0,Kokkupõrge,Valge aeg
2013-07-12 00:00:00,2,0,1,Harju maakond,1,Jalakäijaõnnetus,Valge aeg
2013-08-12 00:00:00,1,0,1,Harju maakond,0,Ühesõidukiõnnetus,Pimeda aeg
2013-10-12 00:00:00,2,0,1,Harju maakond,1,Jalakäijaõnnetus,Pimeda aeg
2013-10-12 00:00:00,2,0,1,Harju maakond,0,Kokkupõrge,Pimeda aeg
2013-11-12 00:00:00,2,0,1,Harju maakond,0,Kokkupõrge,Valge aeg
2013-11-12 00:00:00,2,0,1,Harju maakond,1,Jalakäijaõnnetus,Pimeda aeg
2013-12-12 00:00:00,2,1,0,Harju maakond,1,Jalakäijaõnnetus,Pimeda aeg
2013-12-15 23:03:00,2,0,2,Harju maakond,0,Kokkupõrge,Pimeda aeg
2013-12-16 19:17:00,2,0,1,Harju maakond,1,Jalakäijaõnnetus,Pimeda aeg
2013-12-17 07:58:00,1,0,1,Harju maakond,0,Ühesõidukiõnnetus,Pimeda aeg
2013-12-20 09:02:00,2,0,1,Harju maakond,1,Jalakäijaõnnetus,Valge aeg
2013-12-23 06:28:00,2,0,1,Harju maakond,1,Jalakäijaõnnetus,Pimeda aeg
2013-12-23 08:16:00,2,1,0,Harju maakond,0,Kokkupõrge,Pimeda aeg
2013-12-23 12:24:00,2,0,2,Harju maakond,0,Kokkupõrge,Valge aeg
2013-12-30 14:08:00,1,0,1,Harju maakond,0,Ühesõidukiõnnetus,Valge aeg
2014-01-01 12:07:00,2,0,1,Harju maakond,0,Ühesõidukiõnnetus,Valge aeg
2014-04-01 00:00:00,3,0,1,Harju maakond,0,Kokkupõrge,Pimeda aeg
2014-07-01 00:00:00,2,0,1,Harju maakond,1,Jalakäijaõnnetus,Valge aeg
2014-07-01 00:00:00,2,0,1,Harju maakond,0,Kokkupõrge,Pimeda aeg
2014-08-01 00:00:00,2,0,1,Harju maakond,1,Jalakäijaõnnetus,Pimeda aeg
2014-10-01 00:00:00,1,0,1,Harju maakond,1,Jalakäijaõnnetus,Pimeda aeg
2014-12-01 00:00:00,2,0,1,Harju maakond,0,Kokkupõrge,Valge aeg
2014-12-01 00:00:00,1,0,1,Harju maakond,0,Ühesõidukiõnnetus,Valge aeg
2014-01-13 19:11:00,2,1,0,Harju maakond,1,Jalakäijaõnnetus,Pimeda aeg
2014-01-15 15:44:00,1,0,1,Harju maakond,0,Ühesõidukiõnnetus,Valge aeg
2014-01-15 16:00:00,2,0,1,Harju maakond,1,Jalakäijaõnnetus,Valge aeg
2014-01-16 09:50:00,2,0,1,Harju maakond,0,Kokkupõrge,Valge aeg
2014-01-20 17:43:00,2,0,1,Harju maakond,1,Jalakäijaõnnetus,Pimeda aeg
2014-01-23 08:28:00,2,0,2,Harju maakond,0,Kokkupõrge,Valge aeg
2014-01-25 21:06:00,2,0,1,Harju maakond,1,Jalakäijaõnnetus,Pimeda aeg
2014-01-27 14:30:00,3,0,1,Harju maakond,0,Muu liiklusõnnetus,Valge aeg
2014-01-28 08:35:00,2,0,1,Harju maakond,1,Jalakäijaõnnetus,Valge aeg
2014-01-29 16:00:00,2,0,1,Harju maakond,1,Jalakäijaõnnetus,Valge aeg
2014-01-30 17:42:00,2,0,1,Harju maakond,1,Jalakäijaõnnetus,Pimeda aeg
2014-01-31 11:55:00,2,0,1,Harju maakond,1,Jalakäijaõnnetus,Valge aeg
2014-01-28 15:30:00,1,0,1,Harju maakond,1,Jalakäijaõnnetus,Valge aeg
2014-03-02 00:00:00,2,0,1,Harju maakond,1,Jalakäijaõnnetus,Valge aeg
2014-04-02 00:00:00,2,0,1,Harju maakond,0,Kokkupõrge,Pimeda aeg
2014-07-02 00:00:00,2,0,1,Harju maakond,1,Jalakäijaõnnetus,Valge aeg
2014-07-02 00:00:00,2,0,3,Harju maakond,0,Kokkupõrge,Valge aeg
2014-08-02 00:00:00,1,0,4,Harju maakond,0,Ühesõidukiõnnetus,Valge aeg
2014-10-02 00:00:00,2,0,1,Harju maakond,1,Jalakäijaõnnetus,Valge aeg
2014-02-17 22:30:00,2,0,1,Harju maakond,0,Muu liiklusõnnetus,Pimeda aeg
2014-02-20 22:20:00,2,0,4,Harju maakond,0,Kokkupõrge,Pimeda aeg
2014-02-24 18:36:00,2,0,2,Harju maakond,0,Muu liiklusõnnetus,Pimeda aeg
2014-02-24 19:02:00,1,1,1,Harju maakond,0,Ühesõidukiõnnetus,Pimeda aeg
2014-02-26 19:57:00,2,0,1,Harju maakond,1,Jalakäijaõnnetus,Pimeda aeg
2014-02-28 17:28:00,2,0,1,Harju maakond,0,Kokkupõrge,Pimeda aeg
2014-02-28 21:48:00,1,0,1,Harju maakond,0,Ühesõidukiõnnetus,Pimeda aeg
2014-07-03 00:00:00,3,0,1,Harju maakond,1,Jalakäijaõnnetus,Valge aeg
2014-07-03 00:00:00,2,0,1,Harju maakond,1,Jalakäijaõnnetus,Valge aeg
2014-08-03 00:00:00,2,0,1,Harju maakond,1,Jalakäijaõnnetus,Valge aeg
2014-12-03 00:00:00,2,0,1,Harju maakond,1,Jalakäijaõnnetus,Valge aeg
2014-03-13 19:20:00,2,0,1,Harju maakond,0,Kokkupõrge,Valge aeg
2014-03-13 21:35:00,2,0,1,Harju maakond,0,Kokkupõrge,Pimeda aeg
2014-03-14 17:05:00,1,0,1,Harju maakond,0,Ühesõidukiõnnetus,Valge aeg
2014-03-15 05:35:00,2,0,2,Harju maakond,0,Kokkupõrge,Pimeda aeg
2014-03-15 21:00:00,1,0,1,Harju maakond,0,Ühesõidukiõnnetus,Pimeda aeg
2014-03-15 22:03:00,2,0,1,Harju maakond,1,Jalakäijaõnnetus,Pimeda aeg
2014-03-19 03:59:00,1,0,1,Harju maakond,0,Ühesõidukiõnnetus,Pimeda aeg
2014-03-22 09:30:00,2,0,3,Harju maakond,0,Kokkupõrge,Valge aeg
2014-03-22 15:46:00,2,0,1,Harju maakond,0,Kokkupõrge,Valge aeg
2014-03-26 06:34:00,2,0,1,Harju maakond,1,Jalakäijaõnnetus,Valge aeg
2014-03-26 09:27:00,1,0,1,Harju maakond,0,Ühesõidukiõnnetus,Valge aeg
2014-03-27 08:13:00,2,0,1,Harju maakond,1,Jalakäijaõnnetus,Valge aeg
2014-03-27 13:00:00,2,0,1,Harju maakond,0,Kokkupõrge,Valge aeg
2014-03-27 15:15:00,2,0,1,Harju maakond,1,Jalakäijaõnnetus,Valge aeg
2014-03-28 09:32:00,2,0,1,Harju maakond,0,Muu liiklusõnnetus,Valge aeg
2014-03-29 11:00:00,2,0,1,Harju maakond,1,Jalakäijaõnnetus,Valge aeg
2014-03-29 18:40:00,2,0,1,Harju maakond,0,Kokkupõrge,Valge aeg
2014-03-29 20:12:00,2,0,1,Harju maakond,1,Jalakäijaõnnetus,Pimeda aeg
2014-03-31 11:05:00,2,0,1,Harju maakond,1,Jalakäijaõnnetus,Valge aeg
2014-03-31 16:45:00,2,0,1,Harju maakond,0,Kokkupõrge,Valge aeg
2014-01-04 00:00:00,2,0,1,Harju maakond,0,Kokkupõrge,Valge aeg
2014-01-04 00:00:00,2,0,1,Harju maakond,1,Jalakäijaõnnetus,Valge aeg
2014-03-04 00:00:00,3,0,1,Harju maakond,0,Kokkupõrge,Valge aeg
2014-06-04 00:00:00,2,0,1,Harju maakond,0,Muu liiklusõnnetus,Pimeda aeg
2014-08-04 00:00:00,2,0,1,Harju maakond,1,Jalakäijaõnnetus,Valge aeg
2014-08-04 00:00:00,2,0,1,Harju maakond,0,Kokkupõrge,Valge aeg
2014-09-04 00:00:00,2,0,1,Harju maakond,1,Jalakäijaõnnetus,Valge aeg
2014-09-04 00:00:00,1,0,1,Harju maakond,0,Muu liiklusõnnetus,Valge aeg
2014-09-04 00:00:00,3,0,1,Harju maakond,0,Kokkupõrge,Valge aeg
2014-11-04 00:00:00,1,0,1,Harju maakond,0,Ühesõidukiõnnetus,Pimeda aeg
2014-12-04 00:00:00,2,0,2,Harju maakond,0,Kokkupõrge,Valge aeg
2014-04-13 13:30:00,1,0,1,Harju maakond,0,Ühesõidukiõnnetus,Valge aeg
2014-04-14 17:20:00,2,0,1,Harju maakond,0,Kokkupõrge,Valge aeg
2014-04-15 14:06:00,2,0,1,Harju maakond,1,Jalakäijaõnnetus,Valge aeg
2014-04-15 16:23:00,1,0,1,Harju maakond,0,Muu liiklusõnnetus,Valge aeg
2014-04-16 11:27:00,2,0,1,Harju maakond,1,Jalakäijaõnnetus,Valge aeg
2014-04-16 11:30:00,2,0,1,Harju maakond,1,Jalakäijaõnnetus,Valge aeg
2014-04-16 16:30:00,2,0,1,Harju maakond,1,Jalakäijaõnnetus,Valge aeg
2014-04-17 17:03:00,2,0,1,Harju maakond,0,Kokkupõrge,Valge aeg
2014-04-18 16:48:00,2,1,0,Harju maakond,1,Jalakäijaõnnetus,Valge aeg
2014-04-21 09:05:00,2,0,1,Harju maakond,0,Kokkupõrge,Valge aeg
2014-04-21 16:18:00,1,0,1,Harju maakond,0,Ühesõidukiõnnetus,Valge aeg
2014-04-21 18:47:00,2,0,1,Harju maakond,0,Kokkupõrge,Valge aeg
2014-04-21 18:40:00,2,0,1,Harju maakond,0,Muu liiklusõnnetus,Valge aeg
2014-04-21 19:15:00,2,0,1,Harju maakond,0,Muu liiklusõnnetus,Valge aeg
2014-04-22 12:30:00,1,0,1,Harju maakond,1,Jalakäijaõnnetus,Valge aeg
2014-04-22 23:45:00,2,0,1,Harju maakond,1,Jalakäijaõnnetus,Pimeda aeg
2014-04-23 08:45:00,2,0,2,Harju maakond,0,Kokkupõrge,Valge aeg
2014-04-23 14:42:00,2,0,2,Harju maakond,0,Kokkupõrge,Valge aeg
2014-04-25 11:50:00,2,0,1,Harju maakond,0,Kokkupõrge,Valge aeg
2014-04-27 13:13:00,2,0,1,Harju maakond,1,Jalakäijaõnnetus,Valge aeg
2014-04-28 12:36:00,2,0,1,Harju maakond,0,Kokkupõrge,Valge aeg
2014-04-29 08:05:00,2,0,1,Harju maakond,0,Kokkupõrge,Valge aeg
2014-01-05 00:00:00,2,0,1,Harju maakond,1,Jalakäijaõnnetus,Pimeda aeg
2014-03-05 00:00:00,1,0,1,Harju maakond,0,Ühesõidukiõnnetus,Pimeda aeg
2014-03-05 00:00:00,1,0,1,Harju maakond,0,Ühesõidukiõnnetus,Valge aeg
2014-03-05 00:00:00,2,0,1,Harju maakond,0,Kokkupõrge,Pimeda aeg
2014-05-05 00:00:00,1,0,1,Harju maakond,0,Ühesõidukiõnnetus,Valge aeg
2014-07-05 00:00:00,1,0,1,Harju maakond,0,Ühesõidukiõnnetus,Valge aeg
2014-07-05 00:00:00,2,0,1,Harju maakond,0,Kokkupõrge,Valge aeg
2014-07-05 00:00:00,2,0,1,Harju maakond,0,Muu liiklusõnnetus,Valge aeg
2014-08-05 00:00:00,2,0,1,Harju maakond,0,Muu liiklusõnnetus,Valge aeg
2014-08-05 00:00:00,2,0,1,Harju maakond,1,Jalakäijaõnnetus,Valge aeg
2014-08-05 00:00:00,2,0,1,Harju maakond,0,Kokkupõrge,Valge aeg
2014-08-05 00:00:00,2,0,1,Harju maakond,1,Jalakäijaõnnetus,Valge aeg
2014-09-05 00:00:00,2,0,1,Harju maakond,1,Jalakäijaõnnetus,Valge aeg
2014-09-05 00:00:00,2,0,1,Harju maakond,0,Kokkupõrge,Valge aeg
2014-09-05 00:00:00,1,0,1,Harju maakond,0,Muu liiklusõnnetus,Valge aeg
2014-11-05 00:00:00,2,0,1,Harju maakond,1,Jalakäijaõnnetus,Pimeda aeg
2014-05-14 18:20:00,2,0,1,Harju maakond,0,Kokkupõrge,Valge aeg
2014-05-15 15:13:00,2,0,1,Harju maakond,0,Kokkupõrge,Valge aeg
2014-05-16 21:13:00,2,0,1,Harju maakond,0,Kokkupõrge,Valge aeg
2014-05-17 01:42:00,1,0,1,Harju maakond,1,Jalakäijaõnnetus,Pimeda aeg
2014-05-17 17:57:00,1,0,1,Harju maakond,0,Ühesõidukiõnnetus,Valge aeg
2014-05-19 07:42:00,2,0,1,Harju maakond,0,Muu liiklusõnnetus,Valge aeg
2014-05-19 13:00:00,2,0,1,Harju maakond,0,Kokkupõrge,Valge aeg
2014-05-19 14:47:00,2,0,1,Harju maakond,0,Kokkupõrge,Valge aeg
2014-05-19 17:50:00,2,0,1,Harju maakond,0,Kokkupõrge,Valge aeg
2014-05-21 19:11:00,2,0,1,Harju maakond,0,Teadmata,Valge aeg
2014-05-22 11:40:00,2,0,1,Harju maakond,1,Jalakäijaõnnetus,Valge aeg
2014-05-24 08:26:00,2,0,1,Harju maakond,0,Kokkupõrge,Valge aeg
2014-05-25 11:52:00,1,0,1,Harju maakond,0,Ühesõidukiõnnetus,Valge aeg
2014-05-26 09:15:00,4,0,1,Harju maakond,0,Kokkupõrge,Valge aeg
2014-05-26 14:05:00,2,0,1,Harju maakond,1,Jalakäijaõnnetus,Valge aeg
2014-05-26 14:08:00,2,0,1,Harju maakond,0,Kokkupõrge,Valge aeg
2014-05-27 14:50:00,1,0,1,Harju maakond,0,Muu liiklusõnnetus,Valge aeg
2014-05-29 12:44:00,2,0,1,Harju maakond,1,Jalakäijaõnnetus,Valge aeg
2014-05-29 23:30:00,2,0,1,Harju maakond,0,Kokkupõrge,Pimeda aeg
2014-04-06 00:00:00,2,0,1,Harju maakond,0,Kokkupõrge,Valge aeg
2014-04-06 00:00:00,3,0,1,Harju maakond,0,Kokkupõrge,Valge aeg
2014-04-06 00:00:00,2,0,1,Harju maakond,0,Kokkupõrge,Valge aeg
2014-05-06 00:00:00,2,0,1,Harju maakond,1,Jalakäijaõnnetus,Valge aeg
2014-05-06 00:00:00,1,0,1,Harju maakond,0,Ühesõidukiõnnetus,Valge aeg
2014-06-06 00:00:00,2,0,4,Harju maakond,0,Kokkupõrge,Pimeda aeg
2014-06-06 00:00:00,2,0,1,Harju maakond,0,Kokkupõrge,Valge aeg
2014-07-06 00:00:00,1,0,1,Harju maakond,0,Muu liiklusõnnetus,Valge aeg
2014-07-06 00:00:00,2,0,1,Harju maakond,0,Ühesõidukiõnnetus,Valge aeg
2014-07-06 00:00:00,2,0,1,Harju maakond,1,Jalakäijaõnnetus,Valge aeg
2014-08-06 00:00:00,2,0,1,Harju maakond,0,Kokkupõrge,Valge aeg
2014-10-06 00:00:00,2,0,1,Harju maakond,1,Jalakäijaõnnetus,Valge aeg
2014-10-06 00:00:00,2,0,1,Harju maakond,1,Jalakäijaõnnetus,Valge aeg
2014-10-06 00:00:00,2,0,1,Harju maakond,0,Kokkupõrge,Valge aeg
2014-10-06 00:00:00,1,0,1,Harju maakond,0,Ühesõidukiõnnetus,Valge aeg
2014-12-06 00:00:00,2,0,1,Harju maakond,0,Kokkupõrge,Valge aeg
2014-12-06 00:00:00,2,0,1,Harju maakond,0,Kokkupõrge,Valge aeg
2014-06-13 08:05:00,2,0,1,Harju maakond,0,Kokkupõrge,Valge aeg
2014-06-13 08:30:00,2,0,1,Harju maakond,0,Kokkupõrge,Valge aeg
2014-06-13 15:17:00,2,0,1,Harju maakond,1,Jalakäijaõnnetus,Valge aeg
2014-06-13 17:26:00,2,0,1,Harju maakond,0,Kokkupõrge,Valge aeg
2014-06-14 22:10:00,2,0,1,Harju maakond,1,Jalakäijaõnnetus,Valge aeg
2014-06-15 14:10:00,2,0,1,Harju maakond,1,Jalakäijaõnnetus,Valge aeg
2014-06-16 17:03:00,2,0,1,Harju maakond,0,Kokkupõrge,Valge aeg
2014-06-16 17:15:00,2,0,1,Harju maakond,1,Jalakäijaõnnetus,Valge aeg
2014-06-17 08:00:00,2,0,1,Harju maakond,0,Kokkupõrge,Valge aeg
2014-06-17 12:15:00,2,0,1,Harju maakond,0,Kokkupõrge,Valge aeg
2014-06-17 12:30:00,2,0,3,Harju maakond,0,Kokkupõrge,Valge aeg
2014-06-17 21:29:00,3,0,2,Harju maakond,0,Kokkupõrge,Valge aeg
2014-06-18 09:43:00,2,0,1,Harju maakond,1,Jalakäijaõnnetus,Valge aeg
2014-06-18 10:44:00,2,0,1,Harju maakond,1,Jalakäijaõnnetus,Valge aeg
2014-06-19 12:30:00,3,0,1,Harju maakond,0,Kokkupõrge,Valge aeg
2014-06-19 14:02:00,2,0,1,Harju maakond,1,Jalakäijaõnnetus,Valge aeg
2014-06-19 17:08:00,2,0,1,Harju maakond,0,Kokkupõrge,Valge aeg
2014-06-20 11:02:00,1,0,1,Harju maakond,1,Jalakäijaõnnetus,Valge aeg
2014-06-21 17:00:00,1,0,1,Harju maakond,1,Muu liiklusõnnetus,Valge aeg
2014-06-22 00:22:00,1,0,1,Harju maakond,0,Ühesõidukiõnnetus,Pimeda aeg
2014-06-22 00:41:00,1,0,3,Harju maakond,0,Ühesõidukiõnnetus,Pimeda aeg
2014-06-22 23:51:00,1,0,1,Harju maakond,1,Jalakäijaõnnetus,Pimeda aeg
2014-06-23 23:00:00,2,0,1,Harju maakond,0,Kokkupõrge,Valge aeg
2014-06-24 13:10:00,1,0,1,Harju maakond,0,Muu liiklusõnnetus,Valge aeg
2014-06-24 14:34:00,1,0,2,Harju maakond,0,Ühesõidukiõnnetus,Valge aeg
2014-06-27 14:45:00,1,0,1,Harju maakond,0,Muu liiklusõnnetus,Valge aeg
2014-06-27 16:30:00,2,0,1,Harju maakond,1,Jalakäijaõnnetus,Valge aeg
2014-06-28 14:06:00,3,0,1,Harju maakond,0,Kokkupõrge,Valge aeg
2014-06-28 16:27:00,2,0,1,Harju maakond,0,Kokkupõrge,Valge aeg
2014-01-07 00:00:00,1,0,1,Harju maakond,0,Muu liiklusõnnetus,Valge aeg
2014-01-07 00:00:00,2,0,1,Harju maakond,1,Jalakäijaõnnetus,Valge aeg
2014-01-07 00:00:00,2,0,1,Harju maakond,0,Kokkupõrge,Valge aeg
2014-02-07 00:00:00,2,0,1,Harju maakond,1,Jalakäijaõnnetus,Valge aeg
2014-02-07 00:00:00,2,0,1,Harju maakond,1,Jalakäijaõnnetus,Valge aeg
2014-02-07 00:00:00,2,0,1,Harju maakond,0,Kokkupõrge,Valge aeg
2014-03-07 00:00:00,2,0,1,Harju maakond,1,Jalakäijaõnnetus,Valge aeg
2014-03-07 00:00:00,2,0,1,Harju maakond,1,Jalakäijaõnnetus,Valge aeg
2014-04-07 00:00:00,2,0,1,Harju maakond,0,Kokkupõrge,Valge aeg
2014-04-07 00:00:00,1,0,1,Harju maakond,0,Kokkupõrge,Valge aeg
2014-04-07 00:00:00,2,0,1,Harju maakond,0,Kokkupõrge,Valge aeg
2014-04-07 00:00:00,1,0,1,Harju maakond,0,Kokkupõrge,Pimeda aeg
2014-05-07 00:00:00,1,0,1,Harju maakond,0,Ühesõidukiõnnetus,Valge aeg
2014-06-07 00:00:00,1,0,2,Harju maakond,0,Ühesõidukiõnnetus,Valge aeg
2014-06-07 00:00:00,2,0,3,Harju maakond,0,Kokkupõrge,Valge aeg
2014-07-07 00:00:00,2,0,1,Harju maakond,0,Kokkupõrge,Valge aeg
2014-09-07 00:00:00,2,0,1,Harju maakond,0,Kokkupõrge,Valge aeg
2014-09-07 00:00:00,3,0,2,Harju maakond,1,Jalakäijaõnnetus,Valge aeg
2014-10-07 00:00:00,2,0,1,Harju maakond,0,Kokkupõrge,Valge aeg
2014-10-07 00:00:00,1,0,1,Harju maakond,0,Muu liiklusõnnetus,Valge aeg
2014-10-07 00:00:00,2,0,1,Harju maakond,1,Jalakäijaõnnetus,Valge aeg
2014-11-07 00:00:00,2,0,1,Harju maakond,0,Kokkupõrge,Valge aeg
2014-11-07 00:00:00,2,0,1,Harju maakond,1,Muu liiklusõnnetus,Valge aeg
2014-12-07 00:00:00,2,0,3,Harju maakond,0,Ühesõidukiõnnetus,Valge aeg
2014-07-15 17:49:00,2,0,1,Harju maakond,1,Jalakäijaõnnetus,Valge aeg
2014-07-15 19:38:00,2,0,1,Harju maakond,0,Kokkupõrge,Valge aeg
2014-07-15 21:23:00,3,0,1,Harju maakond,0,Kokkupõrge,Valge aeg
2014-07-17 11:30:00,1,0,1,Harju maakond,0,Muu liiklusõnnetus,Valge aeg