date,persons_involved,killed,injured,county,pedestrian_involved,accident_type,light_conditions
2015-08-24 18:30:00,2,0,1,Harju maakond,0,Kokkupõrge,Valge aeg
2015-08-24 23:05:00,5,0,3,Harju maakond,0,Kokkupõrge,Pimeda aeg
2015-08-25 09:06:00,2,0,1,Harju maakond,0,Kokkupõrge,Valge aeg
2015-08-25 18:21:00,1,0,1,Harju maakond,0,Ühesõidukiõnnetus,Valge aeg
2015-08-27 11:02:00,2,0,1,Harju maakond,1,Jalakäijaõnnetus,Valge aeg
2015-08-27 15:13:00,2,0,1,Harju maakond,1,Jalakäijaõnnetus,Valge aeg
2015-08-27 19:10:00,3,0,3,Harju maakond,0,Ühesõidukiõnnetus,Valge aeg
2015-08-27 19:29:00,3,0,2,Harju maakond,0,Muu liiklusõnnetus,Valge aeg
2015-08-28 21:54:00,2,0,1,Harju maakond,1,Jalakäijaõnnetus,Pimeda aeg
2015-08-29 01:31:00,1,0,1,Harju maakond,0,Ühesõidukiõnnetus,Pimeda aeg
2015-08-29 14:00:00,3,0,1,Harju maakond,0,Kokkupõrge,Valge aeg
2015-08-29 19:00:00,2,0,1,Harju maakond,0,Kokkupõrge,Valge aeg
2015-08-30 08:50:00,2,0,1,Harju maakond,0,Kokkupõrge,Valge aeg
2015-08-30 16:09:00,1,0,1,Harju maakond,0,Ühesõidukiõnnetus,Valge aeg
2015-08-30 17:45:00,3,0,2,Harju maakond,0,Ühesõidukiõnnetus,Valge aeg
2015-08-31 01:24:00,3,0,1,Harju maakond,0,Kokkupõrge,Pimeda aeg
2015-08-31 11:05:00,2,0,1,Harju maakond,0,Muu liiklusõnnetus,Valge aeg
2015-08-31 12:12:00,2,0,1,Harju maakond,0,Muu liiklusõnnetus,Valge aeg
2015-01-09 00:00:00,1,0,1,Harju maakond,0,Kokkupõrge,Valge aeg
2015-01-09 00:00:00,2,0,1,Harju maakond,1,Jalakäijaõnnetus,Valge aeg
2015-01-09 00:00:00,2,0,1,Harju maakond,0,Muu liiklusõnnetus,Valge aeg
2015-01-09 00:00:00,3,0,2,Harju maakond,0,Muu liiklusõnnetus,Pimeda aeg
2015-02-09 00:00:00,2,0,1,Harju maakond,0,Kokkupõrge,Valge aeg
2015-02-09 00:00:00,3,0,1,Harju maakond,0,Kokkupõrge,Pimeda aeg
2015-03-09 00:00:00,3,0,1,Harju maakond,0,Kokkupõrge,Valge aeg
2015-03-09 00:00:00,2,0,1,Harju maakond,0,Muu liiklusõnnetus,Valge aeg
2015-04-09 00:00:00,3,0,1,Harju maakond,0,Kokkupõrge,Valge aeg
2015-04-09 00:00:00,2,0,1,Harju maakond,0,Kokkupõrge,Valge aeg
2015-04-09 00:00:00,3,0,1,Harju maakond,0,Teadmata,Pimeda aeg
2015-04-09 00:00:00,1,0,1,Harju maakond,0,Kokkupõrge,Pimeda aeg
2015-05-09 00:00:00,2,0,1,Harju maakond,0,Ühesõidukiõnnetus,Valge aeg
2015-06-09 00:00:00,1,0,1,Harju maakond,0,Ühesõidukiõnnetus,Pimeda aeg
2015-06-09 00:00:00,2,0,2,Harju maakond,0,Muu liiklusõnnetus,Valge aeg
2015-07-09 00:00:00,3,0,1,Harju maakond,0,Muu liiklusõnnetus,Valge aeg
2015-09-09 00:00:00,2,0,1,Harju maakond,1,Jalakäijaõnnetus,Valge aeg
2015-09-09 00:00:00,4,0,2,Harju maakond,0,Kokkupõrge,Valge aeg
2015-09-09 00:00:00,2,0,1,Harju maakond,0,Muu liiklusõnnetus,Valge aeg
2015-10-09 00:00:00,2,0,1,Harju maakond,1,Jalakäijaõnnetus,Valge aeg
2015-10-09 00:00:00,4,0,2,Harju maakond,0,Kokkupõrge,Valge aeg
2015-10-09 00:00:00,2,0,2,Harju maakond,1,Jalakäijaõnnetus,Valge aeg
2015-11-09 00:00:00,5,0,5,Harju maakond,0,Ühesõidukiõnnetus,Pimeda aeg
2015-11-09 00:00:00,4,0,1,Harju maakond,0,Kokkupõrge,Valge aeg
2015-11-09 00:00:00,2,0,1,Harju maakond,0,Kokkupõrge,Valge aeg
2015-11-09 00:00:00,2,0,1,Harju maakond,1,Ühesõidukiõnnetus,Valge aeg
2015-12-09 00:00:00,3,1,1,Harju maakond,0,Ühesõidukiõnnetus,Pimeda aeg
2015-12-09 00:00:00,2,0,1,Harju maakond,1,Jalakäijaõnnetus,Valge aeg
2015-12-09 00:00:00,7,0,6,Harju maakond,0,Kokkupõrge,Valge aeg
2015-09-13 13:14:00,5,0,4,Harju maakond,0,Ühesõidukiõnnetus,Valge aeg
2015-09-13 23:40:00,2,0,2,Harju maakond,0,Kokkupõrge,Pimeda aeg
2015-09-14 15:57:00,2,0,1,Harju maakond,1,Jalakäijaõnnetus,Valge aeg
2015-09-15 20:42:00,2,0,1,Harju maakond,1,Jalakäijaõnnetus,Pimeda aeg
2015-09-16 14:04:00,2,0,1,Harju maakond,1,Jalakäijaõnnetus,Valge aeg
2015-09-17 16:53:00,2,0,1,Harju maakond,0,Kokkupõrge,Valge aeg
2015-09-17 20:34:00,2,0,1,Harju maakond,1,Jalakäijaõnnetus,Pimeda aeg
2015-09-18 00:36:00,3,0,3,Harju maakond,0,Kokkupõrge,Pimeda aeg
2015-09-18 14:30:00,2,0,1,Harju maakond,1,Jalakäijaõnnetus,Valge aeg
2015-09-18 21:00:00,2,0,1,Valga maakond,0,Ühesõidukiõnnetus,Pimeda aeg
2015-09-19 23:18:00,1,0,1,Harju maakond,0,Ühesõidukiõnnetus,Pimeda aeg
2015-09-20 23:00:00,2,1,0,Harju maakond,1,Jalakäijaõnnetus,Pimeda aeg
2015-09-21 07:30:00,2,0,1,Harju maakond,1,Jalakäijaõnnetus,Valge aeg
2015-09-21 11:58:00,2,0,1,Harju maakond,1,Jalakäijaõnnetus,Valge aeg
2015-09-22 11:42:00,2,0,1,Harju maakond,0,Muu liiklusõnnetus,Valge aeg
2015-09-22 13:00:00,2,0,2,Harju maakond,0,Kokkupõrge,Valge aeg
2015-09-22 15:11:00,2,0,1,Harju maakond,1,Jalakäijaõnnetus,Valge aeg
2015-09-24 07:40:00,4,0,2,Harju maakond,0,Kokkupõrge,Valge aeg
2015-09-25 17:39:00,2,0,1,Harju maakond,0,Kokkupõrge,Valge aeg
2015-09-26 08:03:00,2,1,1,Harju maakond,0,Ühesõidukiõnnetus,Valge aeg
2015-09-26 11:30:00,2,0,1,Harju maakond,0,Kokkupõrge,Valge aeg
2015-09-27 02:23:00,2,0,1,Harju maakond,1,Jalakäijaõnnetus,Pimeda aeg
2015-09-28 06:35:00,2,0,1,Harju maakond,0,Kokkupõrge,Valge aeg
2015-09-30 07:48:00,2,0,1,Harju maakond,0,Kokkupõrge,Valge aeg
2015-09-30 17:03:00,2,0,1,Harju maakond,0,Kokkupõrge,Valge aeg
2015-09-30 18:19:00,2,0,1,Harju maakond,0,Kokkupõrge,Valge aeg
2015-09-30 20:19:00,2,0,1,Harju maakond,1,Jalakäijaõnnetus,Pimeda aeg
2015-02-10 00:00:00,2,0,1,Harju maakond,0,Kokkupõrge,Valge aeg
2015-02-10 00:00:00,1,0,1,Harju maakond,0,Ühesõidukiõnnetus,Pimeda aeg
2015-03-10 00:00:00,2,0,1,Harju maakond,0,Kokkupõrge,Valge aeg
2015-04-10 00:00:00,2,0,1,Harju maakond,0,Kokkupõrge,Valge aeg
2015-06-10 00:00:00,2,0,1,Harju maakond,0,Kokkupõrge,Pimeda aeg
2015-07-10 00:00:00,3,0,1,Harju maakond,1,Jalakäijaõnnetus,Valge aeg
2015-08-10 00:00:00,2,0,1,Harju maakond,1,Jalakäijaõnnetus,Valge aeg
2015-08-10 00:00:00,2,0,1,Harju maakond,0,Muu liiklusõnnetus,Valge aeg
2015-08-10 00:00:00,3,0,2,Harju maakond,0,Kokkupõrge,Pimeda aeg
2015-08-10 00:00:00,2,0,1,Harju maakond,1,Jalakäijaõnnetus,Pimeda aeg
2015-09-10 00:00:00,2,0,1,Harju maakond,0,Muu liiklusõnnetus,Valge aeg
2015-09-10 00:00:00,4,0,3,Harju maakond,0,Kokkupõrge,Valge aeg
2015-10-10 00:00:00,2,0,1,Harju maakond,1,Jalakäijaõnnetus,Valge aeg
2015-10-10 00:00:00,1,0,1,Harju maakond,0,Ühesõidukiõnnetus,Pimeda aeg
2015-11-10 00:00:00,1,0,1,Harju maakond,0,Ühesõidukiõnnetus,Valge aeg
2015-11-10 00:00:00,2,0,1,Harju maakond,1,Jalakäijaõnnetus,Pimeda aeg
2015-12-10 00:00:00,1,0,1,Harju maakond,1,Jalakäijaõnnetus,Valge aeg
2015-10-13 18:10:00,2,0,1,Harju maakond,0,Kokkupõrge,Pimeda aeg
2015-10-13 18:37:00,1,0,1,Harju maakond,1,Jalakäijaõnnetus,Pimeda aeg
2015-10-15 13:16:00,2,0,1,Harju maakond,0,Kokkupõrge,Valge aeg
2015-10-15 22:11:00,2,0,1,Harju maakond,1,Jalakäijaõnnetus,Pimeda aeg
2015-10-16 15:27:00,2,0,1,Harju maakond,0,Kokkupõrge,Valge aeg
2015-10-19 14:11:00,3,0,1,Harju maakond,0,Kokkupõrge,Valge aeg
2015-10-21 08:15:00,2,0,1,Harju maakond,0,Kokkupõrge,Valge aeg
2015-10-21 23:34:00,3,0,2,Harju maakond,0,Kokkupõrge,Valge aeg
2015-10-22 11:26:00,3,0,1,Harju maakond,0,Kokkupõrge,Valge aeg
2015-10-23 13:29:00,3,0,1,Harju maakond,0,Teadmata,Valge aeg
2015-10-23 15:48:00,2,0,1,Harju maakond,0,Muu liiklusõnnetus,Valge aeg
2015-10-23 18:08:00,3,0,2,Harju maakond,0,Kokkupõrge,Pimeda aeg
2015-10-24 04:35:00,2,0,1,Harju maakond,1,Jalakäijaõnnetus,Pimeda aeg
2015-10-24 10:00:00,2,0,1,Harju maakond,1,Jalakäijaõnnetus,Valge aeg
2015-10-24 18:48:00,1,0,1,Harju maakond,0,Ühesõidukiõnnetus,Pimeda aeg
2015-10-26 10:43:00,2,0,2,Harju maakond,0,Kokkupõrge,Valge aeg
2015-10-27 15:26:00,2,0,1,Harju maakond,1,Jalakäijaõnnetus,Valge aeg
2015-10-28 11:25:00,2,0,1,Harju maakond,0,Kokkupõrge,Valge aeg
2015-10-28 13:35:00,3,0,1,Harju maakond,0,Kokkupõrge,Valge aeg
2015-10-28 15:10:00,2,0,1,Harju maakond,1,Jalakäijaõnnetus,Valge aeg
2015-10-28 16:44:00,2,0,1,Harju maakond,0,Kokkupõrge,Valge aeg
2015-10-30 13:20:00,1,0,1,Harju maakond,0,Kokkupõrge,Valge aeg
2015-10-31 02:59:00,3,0,1,Harju maakond,0,Kokkupõrge,Pimeda aeg
2015-01-11 00:00:00,1,0,1,Harju maakond,0,Ühesõidukiõnnetus,Valge aeg
2015-03-11 00:00:00,2,0,1,Harju maakond,1,Jalakäijaõnnetus,Valge aeg
2015-03-11 00:00:00,2,0,1,Harju maakond,1,Jalakäijaõnnetus,Valge aeg
2015-05-11 00:00:00,2,0,1,Harju maakond,1,Jalakäijaõnnetus,Valge aeg
2015-05-11 00:00:00,3,0,2,Harju maakond,0,Kokkupõrge,Valge aeg
2015-05-11 00:00:00,2,0,2,Harju maakond,0,Ühesõidukiõnnetus,Pimeda aeg
2015-05-11 00:00:00,3,0,3,Harju maakond,0,Muu liiklusõnnetus,Pimeda aeg
2015-05-11 00:00:00,2,0,1,Harju maakond,1,Jalakäijaõnnetus,Pimeda aeg
2015-07-11 00:00:00,3,0,1,Harju maakond,0,Kokkupõrge,Pimeda aeg
2015-07-11 00:00:00,3,0,3,Harju maakond,0,Kokkupõrge,Pimeda aeg
2015-07-11 00:00:00,2,0,1,Harju maakond,1,Jalakäijaõnnetus,Pimeda aeg
2015-08-11 00:00:00,1,0,1,Harju maakond,0,Ühesõidukiõnnetus,Pimeda aeg
2015-09-11 00:00:00,2,0,1,Harju maakond,1,Jalakäijaõnnetus,Valge aeg
2015-10-11 00:00:00,2,0,1,Harju maakond,1,Jalakäijaõnnetus,Pimeda aeg
2015-11-11 00:00:00,2,0,1,Harju maakond,1,Jalakäijaõnnetus,Pimeda aeg
2015-11-15 05:19:00,1,0,1,Harju maakond,0,Ühesõidukiõnnetus,Pimeda aeg
2015-11-15 07:50:00,1,0,1,Harju maakond,0,Ühesõidukiõnnetus,Valge aeg
2015-11-15 18:05:00,2,0,2,Harju maakond,0,Ühesõidukiõnnetus,Pimeda aeg
2015-11-16 07:40:00,2,0,1,Harju maakond,1,Jalakäijaõnnetus,Valge aeg
2015-11-19 14:57:00,3,0,1,Harju maakond,0,Kokkupõrge,Valge aeg
2015-11-19 19:23:00,2,1,0,Harju maakond,1,Jalakäijaõnnetus,Pimeda aeg
2015-11-20 05:37:00,2,1,0,Harju maakond,1,Jalakäijaõnnetus,Pimeda aeg
2015-11-21 05:01:00,2,0,1,Harju maakond,1,Jalakäijaõnnetus,Pimeda aeg
2015-11-21 18:04:00,1,0,1,Harju maakond,0,Ühesõidukiõnnetus,Pimeda aeg
2015-11-21 18:57:00,3,0,2,Harju maakond,1,Jalakäijaõnnetus,Pimeda aeg
2015-11-21 20:14:00,1,0,1,Harju maakond,0,Ühesõidukiõnnetus,Pimeda aeg
2015-11-24 16:45:00,3,0,2,Harju maakond,1,Jalakäijaõnnetus,Pimeda aeg
2015-11-25 08:21:00,2,1,0,Harju maakond,1,Jalakäijaõnnetus,Valge aeg
2015-11-25 16:55:00,2,0,1,Harju maakond,1,Jalakäijaõnnetus,Pimeda aeg
2015-11-27 15:10:00,2,0,1,Harju maakond,1,Jalakäijaõnnetus,Pimeda aeg
2015-11-28 13:55:00,2,0,1,Harju maakond,0,Muu liiklusõnnetus,Valge aeg
2015-11-30 15:13:00,1,0,1,Harju maakond,1,Jalakäijaõnnetus,Valge aeg
2015-11-30 16:10:00,2,0,1,Harju maakond,1,Jalakäijaõnnetus,Pimeda aeg
2015-02-12 00:00:00,2,0,1,Harju maakond,1,Jalakäijaõnnetus,Valge aeg
2015-03-12 00:00:00,2,0,1,Harju maakond,1,Jalakäijaõnnetus,Valge aeg
2015-03-12 00:00:00,1,0,1,Harju maakond,0,Muu liiklusõnnetus,Pimeda aeg
2015-04-12 00:00:00,2,0,1,Harju maakond,1,Jalakäijaõnnetus,Valge aeg
2015-04-12 00:00:00,2,0,2,Tartu maakond,0,Kokkupõrge,Pimeda aeg
2015-04-12 00:00:00,2,0,1,Harju maakond,1,Jalakäijaõnnetus,Pimeda aeg
2015-04-12 00:00:00,2,0,1,Harju maakond,1,Jalakäijaõnnetus,Pimeda aeg
2015-06-12 00:00:00,4,0,3,Harju maakond,0,Kokkupõrge,Valge aeg
2015-06-12 00:00:00,2,0,1,Harju maakond,1,Jalakäijaõnnetus,Pimeda aeg
2015-08-12 00:00:00,3,0,1,Harju maakond,0,Kokkupõrge,Pimeda aeg
2015-09-12 00:00:00,2,0,1,Harju maakond,1,Jalakäijaõnnetus,Pimeda aeg
2015-09-12 00:00:00,3,0,1,Harju maakond,0,Kokkupõrge,Pimeda aeg
2015-11-12 00:00:00,2,0,1,Harju maakond,1,Jalakäijaõnnetus,Valge aeg
2015-11-12 00:00:00,2,0,1,Harju maakond,0,Kokkupõrge,Pimeda aeg
2015-12-12 00:00:00,2,0,1,Harju maakond,1,Jalakäijaõnnetus,Valge aeg
2015-12-13 10:47:00,3,0,2,Harju maakond,0,Kokkupõrge,Valge aeg
2015-12-14 16:31:00,2,0,2,Harju maakond,0,Ühesõidukiõnnetus,Pimeda aeg
2015-12-15 15:05:00,2,0,1,Harju maakond,1,Jalakäijaõnnetus,Valge aeg
2015-12-17 13:20:00,2,0,1,Harju maakond,0,Muu liiklusõnnetus,Valge aeg
2015-12-17 19:45:00,3,0,1,Harju maakond,0,Kokkupõrge,Pimeda aeg
2015-12-18 16:20:00,2,0,1,Harju maakond,1,Jalakäijaõnnetus,Pimeda aeg
2015-12-18 16:14:00,2,0,1,Harju maakond,0,Kokkupõrge,Pimeda aeg
2015-12-18 17:20:00,2,0,1,Harju maakond,0,Muu liiklusõnnetus,Valge aeg
2015-12-18 19:09:00,3,0,2,Harju maakond,1,Jalakäijaõnnetus,Pimeda aeg
2015-12-18 19:40:00,2,0,1,Harju maakond,1,Jalakäijaõnnetus,Pimeda aeg
2015-12-19 03:31:00,3,0,1,Rapla maakond,0,Ühesõidukiõnnetus,Pimeda aeg
2015-12-20 16:04:00,2,0,1,Harju maakond,1,Jalakäijaõnnetus,Pimeda aeg
2015-12-21 11:41:00,2,0,1,Harju maakond,0,Muu liiklusõnnetus,Valge aeg
2015-12-21 17:30:00,2,0,1,Harju maakond,0,Muu liiklusõnnetus,Pimeda aeg
2015-12-22 12:35:00,2,0,1,Harju maakond,1,Jalakäijaõnnetus,Valge aeg
2015-12-22 22:20:00,2,0,1,Harju maakond,0,Kokkupõrge,Pimeda aeg
2015-12-23 11:18:00,3,0,1,Harju maakond,0,Kokkupõrge,Valge aeg
2015-12-23 14:42:00,2,0,1,Harju maakond,0,Kokkupõrge,Valge aeg
2015-12-23 18:02:00,2,0,1,Harju maakond,1,Jalakäijaõnnetus,Pimeda aeg
2015-12-25 19:46:00,1,0,1,Harju maakond,0,Ühesõidukiõnnetus,Pimeda aeg
2015-12-31 23:50:00,2,1,0,Harju maakond,1,Jalakäijaõnnetus,Pimeda aeg
2016-01-01 00:44:00,2,0,1,Harju maakond,1,Jalakäijaõnnetus,Pimeda aeg
2016-01-01 03:45:00,4,0,1,Harju maakond,0,Kokkupõrge,Pimeda aeg
2016-03-01 00:00:00,4,0,2,Harju maakond,0,Kokkupõrge,Valge aeg
2016-04-01 00:00:00,2,0,1,Harju maakond,0,Muu liiklusõnnetus,Pimeda aeg
2016-05-01 00:00:00,2,0,1,Harju maakond,1,Jalakäijaõnnetus,Valge aeg
2016-06-01 00:00:00,1,0,1,Harju maakond,0,Ühesõidukiõnnetus,Pimeda aeg
2016-07-01 00:00:00,1,0,1,Harju maakond,0,Ühesõidukiõnnetus,Valge aeg
2016-07-01 00:00:00,3,0,1,Harju maakond,0,Kokkupõrge,Valge aeg
2016-07-01 00:00:00,2,0,1,Harju maakond,1,Jalakäijaõnnetus,Pimeda aeg
2016-10-01 00:00:00,3,1,0,Harju maakond,1,Jalakäijaõnnetus,Pimeda aeg
2016-12-01 00:00:00,2,0,1,Harju maakond,1,Jalakäijaõnnetus,Pimeda aeg
2016-12-01 00:00:00,4,0,3,Harju maakond,0,Kokkupõrge,Pimeda aeg
2016-01-13 13:28:00,2,0,1,Harju maakond,1,Jalakäijaõnnetus,Valge aeg
2016-01-14 08:38:00,2,0,1,Harju maakond,1,Jalakäijaõnnetus,Valge aeg
2016-01-16 22:04:00,3,0,1,Harju maakond,0,Kokkupõrge,Pimeda aeg
2016-01-17 12:00:00,5,0,2,Harju maakond,1,Jalakäijaõnnetus,Valge aeg
2016-01-17 16:51:00,2,0,1,Harju maakond,0,Kokkupõrge,Pimeda aeg
2016-01-18 18:04:00,2,0,1,Harju maakond,0,Muu liiklusõnnetus,Pimeda aeg
2016-01-21 09:16:00,4,0,1,Harju maakond,0,Kokkupõrge,Valge aeg
2016-01-21 16:00:00,2,0,1,Harju maakond,1,Jalakäijaõnnetus,Pimeda aeg
2016-01-23 09:50:00,1,0,1,Harju maakond,0,Ühesõidukiõnnetus,Valge aeg
2016-01-24 13:21:00,2,0,1,Harju maakond,0,Teadmata,Valge aeg
2016-01-27 08:13:00,2,0,1,Harju maakond,0,Kokkupõrge,Valge aeg
2016-01-27 18:14:00,3,0,1,Harju maakond,0,Kokkupõrge,Pimeda aeg
2016-01-29 19:30:00,5,0,3,Harju maakond,0,Kokkupõrge,Pimeda aeg
2016-01-30 00:41:00,1,0,1,Harju maakond,0,Ühesõidukiõnnetus,Pimeda aeg
2016-01-30 07:35:00,2,0,1,Harju maakond,0,Ühesõidukiõnnetus,Valge aeg
2016-01-02 00:00:00,1,0,1,Harju maakond,0,Kokkupõrge,Pimeda aeg
2016-02-02 00:00:00,2,0,1,Harju maakond,0,Kokkupõrge,Pimeda aeg
2016-03-02 00:00:00,2,0,2,Harju maakond,0,Kokkupõrge,Valge aeg
2016-05-02 00:00:00,2,0,1,Harju maakond,0,Kokkupõrge,Valge aeg
2016-06-02 00:00:00,2,0,1,Lääne-Viru maakond,0,Ühesõidukiõnnetus,Pimeda aeg
2016-06-02 00:00:00,3,0,1,Lääne maakond,0,Kokkupõrge,Pimeda aeg
2016-07-02 00:00:00,2,0,1,Harju maakond,1,Jalakäijaõnnetus,Valge aeg
2016-07-02 00:00:00,1,0,1,Harju maakond,0,Ühesõidukiõnnetus,Pimeda aeg
2016-09-02 00:00:00,3,0,1,Harju maakond,1,Jalakäijaõnnetus,Pimeda aeg
2016-12-02 00:00:00,2,0,1,Harju maakond,0,Ühesõidukiõnnetus,Pimeda aeg
2016-12-02 00:00:00,1,0,1,Harju maakond,0,Ühesõidukiõnnetus,Valge aeg
2016-12-02 00:00:00,2,0,1,Harju maakond,1,Jalakäijaõnnetus,Pimeda aeg
2016-12-02 00:00:00,2,0,1,Harju maakond,0,Kokkupõrge,Pimeda aeg
2016-02-13 09:01:00,2,0,1,Harju maakond,1,Jalakäijaõnnetus,Valge aeg
2016-02-13 12:40:00,4,0,1,Harju maakond,0,Kokkupõrge,Valge aeg
2016-02-17 10:06:00,2,0,1,Harju maakond,1,Jalakäijaõnnetus,Valge aeg
2016-02-17 16:25:00,2,0,1,Harju maakond,1,Jalakäijaõnnetus,Valge aeg
2016-02-22 20:47:00,2,0,1,Harju maakond,0,Kokkupõrge,Pimeda aeg
2016-02-24 12:06:00,2,0,1,Harju maakond,0,Ühesõidukiõnnetus,Valge aeg
2016-02-24 17:01:00,2,1,0,Harju maakond,1,Jalakäijaõnnetus,Valge aeg
2016-02-25 07:30:00,1,0,1,Harju maakond,0,Ühesõidukiõnnetus,Valge aeg
2016-02-28 15:45:00,5,0,4,Harju maakond,0,Ühesõidukiõnnetus,Valge aeg
2016-02-29 16:37:00,5,0,2,Lääne-Viru maakond,0,Muu liiklusõnnetus,Valge aeg
2016-02-29 18:16:00,2,0,1,Harju maakond,0,Muu liiklusõnnetus,Pimeda aeg
2016-01-03 00:00:00,4,0,1,Harju maakond,0,Kokkupõrge,Valge aeg
2016-01-03 00:00:00,2,0,2,Harju maakond,0,Kokkupõrge,Pimeda aeg
2016-02-03 00:00:00,2,0,1,Tartu maakond,1,Jalakäijaõnnetus,Valge aeg
2016-03-03 00:00:00,2,0,1,Harju maakond,1,Jalakäijaõnnetus,Valge aeg
2016-07-03 00:00:00,2,0,1,Harju maakond,0,Muu liiklusõnnetus,Valge aeg
2016-07-03 00:00:00,2,0,1,Harju maakond,1,Jalakäijaõnnetus,Valge aeg
2016-08-03 00:00:00,1,0,1,Harju maakond,0,Ühesõidukiõnnetus,Valge aeg
2016-08-03 00:00:00,2,0,1,Harju maakond,1,Jalakäijaõnnetus,Valge aeg
2016-09-03 00:00:00,4,0,1,Harju maakond,0,Kokkupõrge,Valge aeg
2016-10-03 00:00:00,2,0,2,Harju maakond,0,Teadmata,Valge aeg
2016-12-03 00:00:00,2,0,1,Harju maakond,1,Jalakäijaõnnetus,Valge aeg
2016-03-14 12:04:00,8,0,7,Harju maakond,1,Ühesõidukiõnnetus,Valge aeg
2016-03-14 13:28:00,2,0,1,Harju maakond,1,Jalakäijaõnnetus,Valge aeg
2016-03-17 15:10:00,1,0,1,Pärnu maakond,0,Kokkupõrge,Valge aeg
2016-03-20 14:03:00,3,0,2,Harju maakond,0,Kokkupõrge,Valge aeg
2016-03-20 18:49:00,2,1,1,Harju maakond,0,Ühesõidukiõnnetus,Pimeda aeg
2016-03-23 09:20:00,3,0,1,Harju maakond,0,Kokkupõrge,Valge aeg
2016-03-23 16:47:00,2,0,2,Harju maakond,0,Ühesõidukiõnnetus,Valge aeg
2016-03-25 16:38:00,1,0,1,Harju maakond,0,Ühesõidukiõnnetus,Valge aeg
2016-03-27 14:48:00,2,0,1,Harju maakond,0,Teadmata,Valge aeg
2016-03-27 17:40:00,2,1,1,Lääne-Viru maakond,0,Ühesõidukiõnnetus,Valge aeg
2016-03-28 16:40:00,2,0,1,Harju maakond,0,Kokkupõrge,Valge aeg
2016-03-28 17:45:00,2,0,1,Harju maakond,0,Kokkupõrge,Valge aeg
2016-03-28 19:15:00,2,0,1,Harju maakond,0,Kokkupõrge,Valge aeg
2016-03-29 00:15:00,2,0,1,Harju maakond,0,Ühesõidukiõnnetus,Pimeda aeg
2016-03-29 11:30:00,2,0,1,Harju maakond,0,Teadmata,Valge aeg
2016-03-30 14:27:00,2,0,1,Harju maakond,0,Muu liiklusõnnetus,Valge aeg
2016-01-04 00:00:00,2,0,2,Harju maakond,0,Kokkupõrge,Valge aeg
2016-05-04 00:00:00,1,0,1,Harju maakond,0,Ühesõidukiõnnetus,Valge aeg
2016-05-04 00:00:00,2,0,1,Harju maakond,0,Kokkupõrge,Pimeda aeg
2016-06-04 00:00:00,2,0,1,Harju maakond,1,Jalakäijaõnnetus,Pimeda aeg
2016-07-04 00:00:00,2,0,1,Harju maakond,0,Kokkupõrge,Valge aeg
2016-07-04 00:00:00,2,0,1,Harju maakond,0,Muu liiklusõnnetus,Valge aeg
2016-07-04 00:00:00,1,0,1,Harju maakond,0,Ühesõidukiõnnetus,Valge aeg
2016-08-04 00:00:00,2,0,1,Harju maakond,1,Jalakäijaõnnetus,Valge aeg
2016-08-04 00:00:00,3,0,2,Harju maakond,0,Kokkupõrge,Pimeda aeg
2016-09-04 00:00:00,3,0,1,Harju maakond,0,Kokkupõrge,Valge aeg
2016-09-04 00:00:00,1,0,1,Harju maakond,0,Ühesõidukiõnnetus,Pimeda aeg
2016-12-04 00:00:00,1,0,1,Harju maakond,0,Ühesõidukiõnnetus,Valge aeg
2016-12-04 00:00:00,1,0,1,Harju maakond,0,Ühesõidukiõnnetus,Valge aeg
2016-12-04 00:00:00,2,0,1,Harju maakond,0,Kokkupõrge,Valge aeg
2016-04-13 11:08:00,3,0,2,Harju maakond,1,Jalakäijaõnnetus,Valge aeg
2016-04-14 07:33:00,1,0,1,Harju maakond,0,Ühesõidukiõnnetus,Valge aeg
2016-04-14 08:56:00,2,0,1,Harju maakond,1,Jalakäijaõnnetus,Valge aeg
2016-04-15 15:19:00,2,0,1,Harju maakond,1,Jalakäijaõnnetus,Valge aeg
2016-04-18 11:13:00,2,0,1,Harju maakond,0,Muu liiklusõnnetus,Valge aeg
2016-04-19 14:51:00,2,0,1,Harju maakond,1,Jalakäijaõnnetus,Valge aeg
2016-04-19 17:34:00,2,0,1,Harju maakond,0,Kokkupõrge,Valge aeg
2016-04-19 20:57:00,1,0,1,Harju maakond,0,Ühesõidukiõnnetus,Pimeda aeg
2016-04-20 21:02:00,2,0,1,Harju maakond,0,Kokkupõrge,Pimeda aeg
2016-04-22 17:03:00,2,0,1,Harju maakond,0,Kokkupõrge,Valge aeg
2016-04-23 14:03:00,2,0,1,Harju maakond,1,Jalakäijaõnnetus,Valge aeg