date,persons_involved,killed,injured,county,pedestrian_involved,accident_type,light_conditions
2016-04-24 09:53:00,1,0,1,Harju maakond,0,Ühesõidukiõnnetus,Valge aeg
2016-04-24 16:05:00,4,0,3,Harju maakond,0,Kokkupõrge,Valge aeg
2016-04-25 19:15:00,2,0,1,Harju maakond,0,Kokkupõrge,Valge aeg
2016-04-26 10:04:00,2,0,1,Harju maakond,0,Kokkupõrge,Valge aeg
2016-04-26 22:17:00,2,0,1,Harju maakond,1,Jalakäijaõnnetus,Pimeda aeg
2016-04-27 16:50:00,2,0,1,Harju maakond,1,Jalakäijaõnnetus,Valge aeg
2016-04-29 08:33:00,1,0,1,Harju maakond,1,Jalakäijaõnnetus,Valge aeg
2016-04-29 17:30:00,2,0,1,Harju maakond,1,Jalakäijaõnnetus,Valge aeg
2016-04-30 03:40:00,2,0,1,Harju maakond,0,Muu liiklusõnnetus,Pimeda aeg
2016-04-30 17:36:00,1,1,0,Pärnu maakond,0,Ühesõidukiõnnetus,Valge aeg
2016-04-30 18:29:00,2,1,1,Saare maakond,0,Ühesõidukiõnnetus,Valge aeg
2016-01-05 00:00:00,2,0,1,Harju maakond,0,Kokkupõrge,Valge aeg
2016-01-05 00:00:00,2,0,1,Harju maakond,0,Teadmata,Valge aeg
2016-01-05 00:00:00,2,0,1,Harju maakond,1,Jalakäijaõnnetus,Pimeda aeg
2016-02-05 00:00:00,3,0,1,Harju maakond,0,Kokkupõrge,Valge aeg
2016-02-05 00:00:00,2,0,1,Harju maakond,0,Kokkupõrge,Valge aeg
2016-02-05 00:00:00,2,0,1,Harju maakond,1,Jalakäijaõnnetus,Valge aeg
2016-03-05 00:00:00,1,0,1,Harju maakond,1,Jalakäijaõnnetus,Valge aeg
2016-03-05 00:00:00,2,0,1,Harju maakond,1,Jalakäijaõnnetus,Valge aeg
2016-03-05 00:00:00,1,0,1,Harju maakond,1,Jalakäijaõnnetus,Valge aeg
2016-05-05 00:00:00,4,0,1,Harju maakond,0,Kokkupõrge,Valge aeg
2016-05-05 00:00:00,1,0,1,Harju maakond,0,Ühesõidukiõnnetus,Valge aeg
2016-06-05 00:00:00,2,0,1,Harju maakond,0,Kokkupõrge,Valge aeg
2016-06-05 00:00:00,2,0,1,Harju maakond,0,Muu liiklusõnnetus,Valge aeg
2016-06-05 00:00:00,2,0,1,Harju maakond,0,Teadmata,Valge aeg
2016-06-05 00:00:00,2,0,1,Harju maakond,1,Jalakäijaõnnetus,Valge aeg
2016-06-05 00:00:00,3,0,1,Harju maakond,0,Kokkupõrge,Valge aeg
2016-06-05 00:00:00,1,0,1,Harju maakond,1,Jalakäijaõnnetus,Valge aeg
2016-06-05 00:00:00,1,0,1,Harju maakond,0,Ühesõidukiõnnetus,Valge aeg
2016-08-05 00:00:00,3,0,2,Harju maakond,0,Kokkupõrge,Valge aeg
2016-08-05 00:00:00,2,0,1,Harju maakond,0,Muu liiklusõnnetus,Valge aeg
2016-08-05 00:00:00,2,0,1,Harju maakond,0,Kokkupõrge,Valge aeg
2016-09-05 00:00:00,2,0,1,Harju maakond,0,Kokkupõrge,Valge aeg
2016-10-05 00:00:00,1,0,1,Harju maakond,0,Ühesõidukiõnnetus,Valge aeg
2016-10-05 00:00:00,2,0,1,Harju maakond,0,Kokkupõrge,Valge aeg
2016-10-05 00:00:00,1,0,1,Harju maakond,0,Ühesõidukiõnnetus,Valge aeg
2016-12-05 00:00:00,4,0,4,Harju maakond,0,Ühesõidukiõnnetus,Valge aeg
2016-05-15 21:17:00,3,0,2,Pärnu maakond,0,Kokkupõrge,Valge aeg
2016-05-15 23:00:00,6,0,5,Harju maakond,0,Kokkupõrge,Pimeda aeg
2016-05-16 16:15:00,2,0,1,Harju maakond,1,Jalakäijaõnnetus,Valge aeg
2016-05-16 21:55:00,3,0,1,Harju maakond,0,Kokkupõrge,Valge aeg
2016-05-17 14:05:00,4,0,2,Harju maakond,0,Kokkupõrge,Valge aeg
2016-05-18 09:42:00,1,0,1,Harju maakond,1,Jalakäijaõnnetus,Valge aeg
2016-05-19 10:12:00,2,0,2,Harju maakond,0,Kokkupõrge,Valge aeg
2016-05-20 14:25:00,4,0,1,Harju maakond,0,Kokkupõrge,Valge aeg
2016-05-20 16:45:00,2,0,1,Harju maakond,0,Kokkupõrge,Valge aeg
2016-05-21 23:31:00,3,0,3,Harju maakond,0,Muu liiklusõnnetus,Pimeda aeg
2016-05-24 11:05:00,2,0,1,Harju maakond,0,Kokkupõrge,Valge aeg
2016-05-25 14:05:00,2,0,1,Harju maakond,1,Jalakäijaõnnetus,Valge aeg
2016-05-25 16:00:00,3,0,1,Harju maakond,0,Kokkupõrge,Valge aeg
2016-05-25 17:25:00,2,0,1,Harju maakond,0,Muu liiklusõnnetus,Valge aeg
2016-05-25 23:49:00,3,0,1,Harju maakond,0,Kokkupõrge,Pimeda aeg
2016-05-26 13:37:00,2,0,1,Harju maakond,0,Kokkupõrge,Valge aeg
2016-05-26 20:05:00,2,0,1,Harju maakond,0,Kokkupõrge,Valge aeg
2016-05-27 10:23:00,2,0,1,Harju maakond,0,Muu liiklusõnnetus,Valge aeg
2016-05-27 10:45:00,5,0,3,Harju maakond,0,Kokkupõrge,Valge aeg
2016-05-27 11:06:00,1,0,1,Harju maakond,0,Ühesõidukiõnnetus,Valge aeg
2016-05-27 21:00:00,2,0,1,Harju maakond,0,Kokkupõrge,Valge aeg
2016-05-29 13:43:00,2,0,2,Harju maakond,0,Ühesõidukiõnnetus,Valge aeg
2016-05-29 19:32:00,2,0,2,Harju maakond,0,Ühesõidukiõnnetus,Valge aeg
2016-05-30 07:14:00,2,0,1,Harju maakond,0,Kokkupõrge,Valge aeg
2016-05-30 15:28:00,1,0,1,Harju maakond,0,Ühesõidukiõnnetus,Valge aeg
2016-05-31 10:10:00,2,0,1,Harju maakond,1,Jalakäijaõnnetus,Valge aeg
2016-05-31 18:50:00,2,0,1,Harju maakond,0,Kokkupõrge,Valge aeg
2016-02-06 00:00:00,2,0,1,Harju maakond,1,Ühesõidukiõnnetus,Valge aeg
2016-03-06 00:00:00,2,0,1,Harju maakond,0,Kokkupõrge,Valge aeg
2016-04-06 00:00:00,1,0,1,Harju maakond,0,Ühesõidukiõnnetus,Valge aeg
2016-05-06 00:00:00,2,0,1,Harju maakond,1,Jalakäijaõnnetus,Valge aeg
2016-06-06 00:00:00,1,0,1,Harju maakond,1,Jalakäijaõnnetus,Valge aeg
2016-06-06 00:00:00,2,0,1,Harju maakond,1,Jalakäijaõnnetus,Valge aeg
2016-06-06 00:00:00,2,0,1,Harju maakond,0,Kokkupõrge,Valge aeg
2016-07-06 00:00:00,2,1,0,Harju maakond,1,Jalakäijaõnnetus,Valge aeg
2016-07-06 00:00:00,2,0,1,Harju maakond,0,Kokkupõrge,Valge aeg
2016-07-06 00:00:00,2,0,1,Harju maakond,0,Kokkupõrge,Valge aeg
2016-08-06 00:00:00,2,0,1,Harju maakond,0,Kokkupõrge,Valge aeg
2016-08-06 00:00:00,2,0,1,Harju maakond,0,Muu liiklusõnnetus,Valge aeg
2016-12-06 00:00:00,2,0,1,Harju maakond,0,Muu liiklusõnnetus,Valge aeg
2016-12-06 00:00:00,2,0,1,Harju maakond,0,Muu liiklusõnnetus,Valge aeg
2016-06-13 10:59:00,2,0,1,Harju maakond,0,Kokkupõrge,Valge aeg
2016-06-13 16:10:00,2,0,1,Harju maakond,0,Muu liiklusõnnetus,Valge aeg
2016-06-13 16:33:00,5,0,4,Harju maakond,0,Kokkupõrge,Valge aeg
2016-06-13 16:49:00,3,0,1,Harju maakond,0,Kokkupõrge,Valge aeg
2016-06-13 18:08:00,2,0,1,Harju maakond,0,Kokkupõrge,Valge aeg
2016-06-13 20:50:00,1,0,1,Harju maakond,0,Muu liiklusõnnetus,Valge aeg
2016-06-13 20:53:00,1,0,1,Harju maakond,0,Ühesõidukiõnnetus,Valge aeg
2016-06-13 21:05:00,2,0,1,Harju maakond,1,Jalakäijaõnnetus,Valge aeg
2016-06-14 14:05:00,2,0,1,Harju maakond,0,Kokkupõrge,Valge aeg
2016-06-14 17:40:00,2,0,1,Harju maakond,0,Ühesõidukiõnnetus,Valge aeg
2016-06-14 18:25:00,2,0,1,Harju maakond,0,Kokkupõrge,Valge aeg
2016-06-14 21:45:00,2,0,1,Pärnu maakond,1,Jalakäijaõnnetus,Valge aeg
2016-06-15 06:00:00,2,0,1,Harju maakond,1,Jalakäijaõnnetus,Valge aeg
2016-06-15 15:41:00,2,0,2,Harju maakond,0,Muu liiklusõnnetus,Valge aeg
2016-06-15 21:30:00,2,0,1,Harju maakond,0,Kokkupõrge,Valge aeg
2016-06-16 16:10:00,2,0,1,Harju maakond,1,Jalakäijaõnnetus,Valge aeg
2016-06-17 12:26:00,2,0,2,Harju maakond,0,Kokkupõrge,Valge aeg
2016-06-17 11:54:00,1,0,1,Harju maakond,1,Jalakäijaõnnetus,Valge aeg
2016-06-17 16:04:00,2,0,1,Harju maakond,1,Jalakäijaõnnetus,Valge aeg
2016-06-19 22:22:00,2,0,1,Harju maakond,0,Muu liiklusõnnetus,Valge aeg
2016-06-21 13:55:00,3,0,1,Harju maakond,0,Kokkupõrge,Valge aeg
2016-06-21 16:15:00,2,0,2,Harju maakond,0,Kokkupõrge,Valge aeg
2016-06-26 08:50:00,2,0,1,Harju maakond,0,Teadmata,Valge aeg
2016-06-26 12:52:00,2,0,1,Harju maakond,0,Muu liiklusõnnetus,Valge aeg
2016-06-26 15:50:00,1,0,1,Lääne-Viru maakond,0,Ühesõidukiõnnetus,Valge aeg
2016-06-29 23:15:00,1,0,1,Harju maakond,0,Muu liiklusõnnetus,Pimeda aeg
2016-06-30 13:39:00,4,0,3,Harju maakond,0,Kokkupõrge,Valge aeg
2016-01-07 00:00:00,1,0,1,Harju maakond,1,Jalakäijaõnnetus,Valge aeg
2016-01-07 00:00:00,2,0,1,Harju maakond,1,Jalakäijaõnnetus,Valge aeg
2016-01-07 00:00:00,3,0,2,Harju maakond,0,Kokkupõrge,Valge aeg
2016-01-07 00:00:00,2,0,1,Harju maakond,0,Kokkupõrge,Valge aeg
2016-02-07 00:00:00,1,0,1,Harju maakond,0,Ühesõidukiõnnetus,Valge aeg
2016-04-07 00:00:00,2,0,1,Harju maakond,1,Jalakäijaõnnetus,Valge aeg
2016-04-07 00:00:00,2,0,1,Harju maakond,0,Muu liiklusõnnetus,Valge aeg
2016-04-07 00:00:00,1,0,1,Harju maakond,0,Ühesõidukiõnnetus,Valge aeg
2016-04-07 00:00:00,2,0,1,Harju maakond,1,Jalakäijaõnnetus,Valge aeg
2016-05-07 00:00:00,2,0,1,Harju maakond,0,Muu liiklusõnnetus,Valge aeg
2016-05-07 00:00:00,2,0,1,Harju maakond,0,Muu liiklusõnnetus,Valge aeg
2016-06-07 00:00:00,2,0,1,Harju maakond,0,Teadmata,Valge aeg
2016-06-07 00:00:00,2,0,1,Harju maakond,0,Kokkupõrge,Valge aeg
2016-07-07 00:00:00,2,0,2,Harju maakond,0,Ühesõidukiõnnetus,Pimeda aeg
2016-07-07 00:00:00,2,0,1,Harju maakond,1,Jalakäijaõnnetus,Valge aeg
2016-07-07 00:00:00,2,0,2,Harju maakond,0,Ühesõidukiõnnetus,Valge aeg
2016-07-07 00:00:00,2,0,1,Järva maakond,0,Ühesõidukiõnnetus,Valge aeg
2016-08-07 00:00:00,2,0,1,Harju maakond,1,Muu liiklusõnnetus,Valge aeg
2016-08-07 00:00:00,1,0,1,Harju maakond,0,Ühesõidukiõnnetus,Valge aeg
2016-09-07 00:00:00,2,0,1,Harju maakond,1,Jalakäijaõnnetus,Valge aeg
2016-09-07 00:00:00,2,0,2,Harju maakond,0,Ühesõidukiõnnetus,Pimeda aeg
2016-10-07 00:00:00,2,0,1,Harju maakond,1,Jalakäijaõnnetus,Valge aeg
2016-10-07 00:00:00,2,0,1,Harju maakond,1,Jalakäijaõnnetus,Pimeda aeg
2016-12-07 00:00:00,2,0,1,Harju maakond,1,Jalakäijaõnnetus,Valge aeg
2016-12-07 00:00:00,2,0,2,Harju maakond,0,Kokkupõrge,Valge aeg
2016-07-14 11:05:00,2,0,1,Harju maakond,0,Kokkupõrge,Valge aeg
2016-07-14 16:44:00,2,0,1,Harju maakond,0,Kokkupõrge,Valge aeg
2016-07-14 21:43:00,2,0,2,Harju maakond,0,Muu liiklusõnnetus,Valge aeg
2016-07-16 07:25:00,1,0,1,Harju maakond,0,Ühesõidukiõnnetus,Valge aeg
2016-07-16 11:55:00,2,0,1,Harju maakond,1,Jalakäijaõnnetus,Valge aeg
2016-07-18 09:36:00,2,0,1,Harju maakond,0,Kokkupõrge,Valge aeg
2016-07-18 21:10:00,2,0,1,Harju maakond,1,Jalakäijaõnnetus,Valge aeg
2016-07-18 23:41:00,2,0,1,Harju maakond,0,Kokkupõrge,Pimeda aeg
2016-07-19 01:17:00,1,0,1,Harju maakond,0,Ühesõidukiõnnetus,Pimeda aeg
2016-07-19 07:42:00,2,0,1,Harju maakond,0,Kokkupõrge,Valge aeg
2016-07-19 13:42:00,3,0,1,Harju maakond,0,Muu liiklusõnnetus,Valge aeg
2016-07-19 16:15:00,2,0,1,Harju maakond,1,Jalakäijaõnnetus,Valge aeg
2016-07-20 12:24:00,2,0,1,Harju maakond,0,Muu liiklusõnnetus,Valge aeg
2016-07-20 16:30:00,2,0,1,Harju maakond,0,Muu liiklusõnnetus,Valge aeg
2016-07-20 16:52:00,2,0,1,Harju maakond,0,Kokkupõrge,Valge aeg
2016-07-21 17:15:00,3,0,1,Harju maakond,0,Kokkupõrge,Valge aeg
2016-07-22 17:14:00,2,0,1,Harju maakond,0,Kokkupõrge,Valge aeg
2016-07-24 09:29:00,2,0,1,Harju maakond,0,Kokkupõrge,Valge aeg
2016-07-26 17:34:00,2,0,1,Harju maakond,1,Jalakäijaõnnetus,Valge aeg
2016-07-26 22:25:00,3,0,2,Harju maakond,0,Kokkupõrge,Pimeda aeg
2016-07-27 13:07:00,2,0,1,Harju maakond,0,Kokkupõrge,Valge aeg
2016-07-27 16:05:00,4,0,4,Harju maakond,0,Kokkupõrge,Valge aeg
2016-07-29 05:30:00,2,0,1,Harju maakond,0,Ühesõidukiõnnetus,Valge aeg
2016-07-30 21:14:00,2,0,1,Harju maakond,0,Ühesõidukiõnnetus,Valge aeg
2016-07-31 11:28:00,2,0,1,Harju maakond,0,Kokkupõrge,Valge aeg
2016-01-08 00:00:00,2,0,1,Harju maakond,0,Kokkupõrge,Valge aeg
2016-02-08 00:00:00,3,0,2,Harju maakond,0,Kokkupõrge,Valge aeg
2016-02-08 00:00:00,3,0,1,Harju maakond,0,Kokkupõrge,Valge aeg
2016-02-08 00:00:00,2,0,2,Harju maakond,0,Kokkupõrge,Valge aeg
2016-03-08 00:00:00,2,0,1,Harju maakond,0,Kokkupõrge,Valge aeg
2016-03-08 00:00:00,2,0,1,Harju maakond,1,Jalakäijaõnnetus,Valge aeg
2016-03-08 00:00:00,7,0,5,Harju maakond,0,Kokkupõrge,Valge aeg
2016-03-08 00:00:00,3,0,1,Harju maakond,0,Muu liiklusõnnetus,Pimeda aeg
2016-04-08 00:00:00,3,0,1,Harju maakond,0,Kokkupõrge,Valge aeg
2016-05-08 00:00:00,4,0,2,Harju maakond,0,Kokkupõrge,Valge aeg
2016-05-08 00:00:00,2,0,1,Harju maakond,0,Muu liiklusõnnetus,Valge aeg
2016-06-08 00:00:00,3,0,1,Harju maakond,0,Kokkupõrge,Valge aeg
2016-06-08 00:00:00,2,0,1,Harju maakond,0,Kokkupõrge,Valge aeg
2016-07-08 00:00:00,2,0,1,Harju maakond,0,Kokkupõrge,Valge aeg
2016-08-08 00:00:00,1,0,1,Harju maakond,0,Ühesõidukiõnnetus,Valge aeg
2016-08-08 00:00:00,2,0,1,Harju maakond,0,Muu liiklusõnnetus,Valge aeg
2016-08-08 00:00:00,2,0,1,Harju maakond,0,Kokkupõrge,Valge aeg
2016-09-08 00:00:00,2,0,1,Harju maakond,1,Jalakäijaõnnetus,Valge aeg
2016-09-08 00:00:00,2,0,1,Harju maakond,0,Kokkupõrge,Valge aeg
2016-09-08 00:00:00,1,0,1,Harju maakond,0,Ühesõidukiõnnetus,Valge aeg
2016-09-08 00:00:00,2,0,1,Harju maakond,0,Muu liiklusõnnetus,Valge aeg
2016-09-08 00:00:00,2,0,1,Harju maakond,1,Jalakäijaõnnetus,Valge aeg
2016-09-08 00:00:00,1,0,1,Harju maakond,1,Jalakäijaõnnetus,Pimeda aeg
2016-10-08 00:00:00,2,0,1,Harju maakond,0,Kokkupõrge,Valge aeg
2016-10-08 00:00:00,3,0,1,Harju maakond,0,Kokkupõrge,Valge aeg
2016-11-08 00:00:00,3,0,1,Harju maakond,0,Kokkupõrge,Valge aeg
2016-11-08 00:00:00,1,0,1,Harju maakond,0,Ühesõidukiõnnetus,Valge aeg
2016-11-08 00:00:00,2,0,1,Harju maakond,0,Muu liiklusõnnetus,Valge aeg
2016-11-08 00:00:00,2,0,1,Pärnu maakond,1,Jalakäijaõnnetus,Valge aeg
2016-11-08 00:00:00,2,0,1,Harju maakond,0,Kokkupõrge,Valge aeg
2016-12-08 00:00:00,6,0,1,Harju maakond,0,Kokkupõrge,Valge aeg
2016-08-13 10:17:00,2,0,1,Harju maakond,0,Muu liiklusõnnetus,Valge aeg
2016-08-13 14:11:00,1,0,1,Harju maakond,0,Muu liiklusõnnetus,Valge aeg
2016-08-14 12:33:00,2,0,1,Harju maakond,0,Kokkupõrge,Valge aeg
2016-08-14 21:25:00,5,0,4,Harju maakond,0,Ühesõidukiõnnetus,Pimeda aeg
2016-08-14 23:49:00,1,0,1,Pärnu maakond,0,Ühesõidukiõnnetus,Pimeda aeg
2016-08-15 17:03:00,3,0,1,Harju maakond,0,Teadmata,Valge aeg
2016-08-15 22:22:00,1,0,1,Harju maakond,0,Kokkupõrge,Pimeda aeg
2016-08-16 13:03:00,2,0,1,Harju maakond,1,Jalakäijaõnnetus,Valge aeg
2016-08-18 06:22:00,1,0,1,Harju maakond,0,Ühesõidukiõnnetus,Valge aeg
2016-08-19 11:57:00,4,0,2,Harju maakond,0,Kokkupõrge,Valge aeg
2016-08-19 12:38:00,2,0,1,Harju maakond,0,Kokkupõrge,Valge aeg
2016-08-19 17:33:00,4,0,1,Harju maakond,0,Kokkupõrge,Valge aeg
2016-08-19 18:46:00,1,0,1,Harju maakond,0,Ühesõidukiõnnetus,Valge aeg
2016-08-19 20:11:00,3,0,1,Harju maakond,0,Kokkupõrge,Pimeda aeg
2016-08-19 21:45:00,1,0,1,Harju maakond,0,Ühesõidukiõnnetus,Pimeda aeg
2016-08-20 11:22:00,5,0,2,Harju maakond,0,Kokkupõrge,Valge aeg
2016-08-20 13:39:00,3,0,1,Harju maakond,0,Kokkupõrge,Valge aeg
2016-08-20 16:12:00,3,0,2,Harju maakond,0,Teadmata,Valge aeg
2016-08-21 18:45:00,1,0,1,Harju maakond,0,Muu liiklusõnnetus,Valge aeg
2016-08-22 12:21:00,1,0,1,Harju maakond,0,Ühesõidukiõnnetus,Valge aeg
2016-08-22 18:53:00,3,0,2,Harju maakond,0,Ühesõidukiõnnetus,Valge aeg
2016-08-22 19:45:00,1,0,1,Harju maakond,0,Ühesõidukiõnnetus,Valge aeg
2016-08-23 12:14:00,2,0,1,Harju maakond,1,Jalakäijaõnnetus,Valge aeg
2016-08-23 13:51:00,2,0,1,Harju maakond,0,Kokkupõrge,Valge aeg
2016-08-23 14:09:00,2,0,1,Harju maakond,1,Jalakäijaõnnetus,Valge aeg
2016-08-23 17:15:00,3,0,1,Harju maakond,0,Kokkupõrge,Valge aeg
2016-08-23 16:45:00,2,0,1,Harju maakond,0,Kokkupõrge,Valge aeg
2016-08-23 15:30:00,2,0,1,Harju maakond,1,Jalakäijaõnnetus,Valge aeg
2016-08-24 19:57:00,2,0,1,Harju maakond,0,Kokkupõrge,Valge aeg
2016-08-24 23:08:00,3,0,3,Harju maakond,0,Kokkupõrge,Pimeda aeg
2016-08-25 06:28:00,2,0,1,Harju maakond,0,Muu liiklusõnnetus,Valge aeg
2016-08-25 07:29:00,2,0,1,Harju maakond,1,Jalakäijaõnnetus,Valge aeg
2016-08-25 10:05:00,1,0,1,Harju maakond,1,Muu liiklusõnnetus,Valge aeg
2016-08-25 14:01:00,2,0,1,Harju maakond,1,Jalakäijaõnnetus,Valge aeg
2016-08-25 17:47:00,2,0,1,Harju maakond,0,Kokkupõrge,Valge aeg
2016-08-26 08:30:00,2,0,1,Harju maakond,0,Kokkupõrge,Valge aeg
2016-08-26 18:07:00,4,0,2,Harju maakond,0,Kokkupõrge,Valge aeg
2016-08-26 18:48:00,4,0,1,Harju maakond,0,Teadmata,Valge aeg
2016-08-27 17:48:00,2,0,2,Harju maakond,0,Ühesõidukiõnnetus,Valge aeg
2016-08-27 17:45:00,2,0,1,Harju maakond,1,Jalakäijaõnnetus,Valge aeg
2016-08-28 15:41:00,2,0,1,Harju maakond,0,Ühesõidukiõnnetus,Valge aeg
2016-08-28 16:30:00,4,0,2,Harju maakond,0,Kokkupõrge,Valge aeg
2016-08-29 09:13:00,3,0,1,Harju maakond,0,Kokkupõrge,Valge aeg
2016-08-30 09:35:00,2,0,1,Harju maakond,1,Jalakäijaõnnetus,Valge aeg
2016-08-30 12:24:00,1,0,1,Harju maakond,0,Ühesõidukiõnnetus,Valge aeg
2016-08-30 16:58:00,2,0,1,Harju maakond,1,Jalakäijaõnnetus,Valge aeg
2016-08-31 10:00:00,2,0,1,Harju maakond,0,Kokkupõrge,Valge aeg
2016-08-31 14:25:00,2,0,1,Harju maakond,0,Muu liiklusõnnetus,Valge aeg
2016-08-31 21:15:00,3,0,1,Harju maakond,0,Muu liiklusõnnetus,Pimeda aeg
2016-01-09 00:00:00,2,0,1,Harju maakond,1,Jalakäijaõnnetus,Valge aeg
2016-01-09 00:00:00,4,0,2,Harju maakond,0,Kokkupõrge,Valge aeg
2016-02-09 00:00:00,2,0,1,Harju maakond,0,Kokkupõrge,Valge aeg
2016-02-09 00:00:00,3,0,1,Harju maakond,0,Kokkupõrge,Valge aeg
2016-03-09 00:00:00,2,0,1,Harju maakond,0,Kokkupõrge,Valge aeg
2016-03-09 00:00:00,1,0,1,Harju maakond,0,Ühesõidukiõnnetus,Valge aeg
2016-03-09 00:00:00,2,0,1,Harju maakond,1,Jalakäijaõnnetus,Valge aeg
2016-04-09 00:00:00,2,0,1,Harju maakond,0,Kokkupõrge,Valge aeg
2016-05-09 00:00:00,2,0,1,Harju maakond,1,Jalakäijaõnnetus,Valge aeg
2016-05-09 00:00:00,4,0,1,Harju maakond,0,Kokkupõrge,Pimeda aeg
2016-06-09 00:00:00,2,0,1,Harju maakond,0,Kokkupõrge,Valge aeg
2016-06-09 00:00:00,3,0,1,Harju maakond,0,Kokkupõrge,Valge aeg
2016-08-09 00:00:00,1,0,1,Harju maakond,0,Teadmata,Valge aeg
2016-09-09 00:00:00,6,0,3,Harju maakond,0,Kokkupõrge,Valge aeg
2016-09-09 00:00:00,2,0,1,Harju maakond,1,Jalakäijaõnnetus,Valge aeg
2016-10-09 00:00:00,2,0,2,Harju maakond,0,Ühesõidukiõnnetus,Valge aeg
2016-11-09 00:00:00,2,2,0,Harju maakond,0,Ühesõidukiõnnetus,Valge aeg
2016-11-09 00:00:00,2,0,1,Harju maakond,1,Jalakäijaõnnetus,Valge aeg
2016-11-09 00:00:00,3,0,2,Harju maakond,0,Kokkupõrge,Valge aeg
2016-11-09 00:00:00,2,0,1,Harju maakond,0,Kokkupõrge,Valge aeg
2016-11-09 00:00:00,3,0,1,Harju maakond,0,Kokkupõrge,Valge aeg
2016-11-09 00:00:00,2,0,1,Harju maakond,0,Teadmata,Valge aeg
2016-12-09 00:00:00,2,0,1,Harju maakond,0,Kokkupõrge,Valge aeg
2016-12-09 00:00:00,3,0,2,Harju maakond,0,Ühesõidukiõnnetus,Valge aeg
2016-09-14 15:52:00,2,0,1,Harju maakond,0,Kokkupõrge,Valge aeg
2016-09-15 09:52:00,2,0,1,Harju maakond,0,Kokkupõrge,Valge aeg
2016-09-15 10:50:00,3,0,1,Harju maakond,1,Jalakäijaõnnetus,Valge aeg
2016-09-15 18:04:00,3,0,1,Harju maakond,0,Muu liiklusõnnetus,Valge aeg
2016-09-16 08:23:00,2,0,1,Harju maakond,1,Jalakäijaõnnetus,Valge aeg
2016-09-16 10:41:00,2,0,1,Harju maakond,1,Jalakäijaõnnetus,Valge aeg
2016-09-16 16:36:00,4,0,2,Harju maakond,0,Kokkupõrge,Valge aeg
2016-09-17 01:06:00,3,0,1,Harju maakond,0,Kokkupõrge,Pimeda aeg
2016-09-17 11:56:00,3,0,2,Harju maakond,1,Jalakäijaõnnetus,Valge aeg
2016-09-17 16:10:00,2,0,1,Harju maakond,0,Kokkupõrge,Valge aeg
2016-09-18 17:40:00,3,0,1,Harju maakond,0,Kokkupõrge,Valge aeg
2016-09-19 08:45:00,2,0,1,Harju maakond,0,Kokkupõrge,Valge aeg
2016-09-19 14:57:00,1,0,1,Harju maakond,0,Ühesõidukiõnnetus,Valge aeg
2016-09-20 12:06:00,2,0,1,Harju maakond,0,Ühesõidukiõnnetus,Valge aeg
2016-09-21 07:45:00,2,0,1,Harju maakond,1,Jalakäijaõnnetus,Valge aeg
2016-09-21 20:13:00,4,0,2,Harju maakond,0,Kokkupõrge,Pimeda aeg
2016-09-22 12:25:00,1,0,1,Harju maakond,1,Jalakäijaõnnetus,Valge aeg
2016-09-22 13:46:00,3,0,1,Harju maakond,0,Kokkupõrge,Valge aeg
2016-09-24 14:09:00,2,0,1,Harju maakond,1,Jalakäijaõnnetus,Valge aeg
2016-09-26 16:40:00,2,0,1,Harju maakond,0,Kokkupõrge,Valge aeg
2016-09-27 18:02:00,5,0,2,Harju maakond,0,Kokkupõrge,Valge aeg
2016-09-28 11:20:00,2,0,1,Harju maakond,1,Jalakäijaõnnetus,Valge aeg
2016-09-29 15:56:00,2,0,1,Harju maakond,0,Kokkupõrge,Valge aeg
2016-09-30 12:28:00,2,0,1,Harju maakond,0,Kokkupõrge,Valge aeg
2016-01-10 00:00:00,2,0,1,Harju maakond,0,Muu liiklusõnnetus,Valge aeg
2016-02-10 00:00:00,2,0,1,Harju maakond,0,Kokkupõrge,Pimeda aeg
2016-03-10 00:00:00,2,0,1,Harju maakond,1,Jalakäijaõnnetus,Pimeda aeg
2016-03-10 00:00:00,2,0,1,Harju maakond,0,Kokkupõrge,Valge aeg
2016-03-10 00:00:00,2,0,1,Harju maakond,1,Jalakäijaõnnetus,Pimeda aeg
2016-04-10 00:00:00,2,0,1,Harju maakond,1,Jalakäijaõnnetus,Pimeda aeg
2016-05-10 00:00:00,2,0,1,Harju maakond,0,Ühesõidukiõnnetus,Pimeda aeg
2016-05-10 00:00:00,2,0,1,Harju maakond,0,Teadmata,Valge aeg