date,persons_involved,killed,injured,county,pedestrian_involved,accident_type,light_conditions
2016-05-10 00:00:00,2,0,2,Harju maakond,0,Kokkupõrge,Pimeda aeg
2016-06-10 00:00:00,2,0,2,Harju maakond,0,Kokkupõrge,Pimeda aeg
2016-06-10 00:00:00,2,0,1,Harju maakond,0,Muu liiklusõnnetus,Pimeda aeg
2016-07-10 00:00:00,2,0,1,Harju maakond,1,Jalakäijaõnnetus,Valge aeg
2016-09-10 00:00:00,1,0,1,Harju maakond,0,Ühesõidukiõnnetus,Pimeda aeg
2016-09-10 00:00:00,1,0,1,Harju maakond,0,Ühesõidukiõnnetus,Pimeda aeg
2016-10-10 00:00:00,2,0,1,Harju maakond,0,Kokkupõrge,Valge aeg
2016-11-10 00:00:00,2,0,1,Harju maakond,1,Jalakäijaõnnetus,Pimeda aeg
2016-12-10 00:00:00,2,0,1,Harju maakond,0,Kokkupõrge,Valge aeg
2016-12-10 00:00:00,1,0,1,Harju maakond,0,Ühesõidukiõnnetus,Valge aeg
2016-12-10 00:00:00,2,0,1,Harju maakond,1,Jalakäijaõnnetus,Valge aeg
2016-12-10 00:00:00,2,0,1,Pärnu maakond,0,Muu liiklusõnnetus,Valge aeg
2016-12-10 00:00:00,2,0,1,Harju maakond,0,Ühesõidukiõnnetus,Pimeda aeg
2016-10-13 07:32:00,2,0,1,Harju maakond,1,Jalakäijaõnnetus,Valge aeg
2016-10-13 19:06:00,4,0,2,Rapla maakond,0,Muu liiklusõnnetus,Valge aeg
2016-10-14 11:21:00,4,0,3,Harju maakond,0,Kokkupõrge,Valge aeg
2016-10-14 22:53:00,2,1,0,Harju maakond,1,Jalakäijaõnnetus,Pimeda aeg
2016-10-15 16:15:00,1,0,1,Harju maakond,0,Ühesõidukiõnnetus,Valge aeg
2016-10-16 16:15:00,2,0,2,Harju maakond,0,Kokkupõrge,Valge aeg
2016-10-17 05:57:00,2,0,2,Harju maakond,0,Kokkupõrge,Pimeda aeg
2016-10-17 13:16:00,1,0,1,Harju maakond,0,Muu liiklusõnnetus,Valge aeg
2016-10-17 13:29:00,2,0,1,Harju maakond,1,Jalakäijaõnnetus,Valge aeg
2016-10-17 14:52:00,2,0,1,Harju maakond,0,Kokkupõrge,Valge aeg
2016-10-18 15:18:00,2,0,1,Harju maakond,1,Jalakäijaõnnetus,Valge aeg
2016-10-18 16:11:00,1,0,1,Harju maakond,0,Ühesõidukiõnnetus,Valge aeg
2016-10-18 21:35:00,2,0,1,Harju maakond,0,Kokkupõrge,Pimeda aeg
2016-10-20 09:20:00,3,0,2,Harju maakond,0,Kokkupõrge,Valge aeg
2016-10-20 12:28:00,1,0,1,Harju maakond,0,Ühesõidukiõnnetus,Valge aeg
2016-10-20 15:59:00,2,0,2,Harju maakond,0,Ühesõidukiõnnetus,Valge aeg
2016-10-21 12:33:00,1,0,1,Harju maakond,1,Jalakäijaõnnetus,Valge aeg
2016-10-22 02:35:00,2,0,1,Harju maakond,1,Jalakäijaõnnetus,Pimeda aeg
2016-10-22 15:25:00,2,0,1,Harju maakond,0,Kokkupõrge,Valge aeg
2016-10-22 18:14:00,3,0,1,Harju maakond,0,Muu liiklusõnnetus,Pimeda aeg
2016-10-23 09:13:00,2,0,1,Harju maakond,0,Ühesõidukiõnnetus,Valge aeg
2016-10-24 17:49:00,2,0,1,Harju maakond,0,Jalakäijaõnnetus,Pimeda aeg
2016-10-25 18:20:00,2,0,1,Harju maakond,1,Jalakäijaõnnetus,Pimeda aeg
2016-10-26 11:23:00,2,0,1,Harju maakond,0,Muu liiklusõnnetus,Valge aeg
2016-10-26 20:55:00,1,0,1,Harju maakond,0,Muu liiklusõnnetus,Pimeda aeg
2016-10-27 15:30:00,2,0,1,Harju maakond,1,Jalakäijaõnnetus,Valge aeg
2016-10-27 19:15:00,3,0,1,Harju maakond,0,Kokkupõrge,Pimeda aeg
2016-10-27 20:07:00,2,0,1,Harju maakond,1,Jalakäijaõnnetus,Pimeda aeg
2016-10-29 01:01:00,2,0,1,Harju maakond,0,Muu liiklusõnnetus,Pimeda aeg
2016-10-29 17:46:00,2,0,2,Harju maakond,0,Kokkupõrge,Pimeda aeg
2016-10-31 08:45:00,3,0,1,Harju maakond,0,Kokkupõrge,Valge aeg
2016-10-31 16:10:00,3,0,2,Harju maakond,0,Kokkupõrge,Pimeda aeg
2016-10-31 18:26:00,2,0,1,Harju maakond,0,Muu liiklusõnnetus,Pimeda aeg
2016-01-11 00:00:00,2,1,0,Harju maakond,0,Kokkupõrge,Pimeda aeg
2016-01-11 00:00:00,3,0,2,Harju maakond,1,Jalakäijaõnnetus,Valge aeg
2016-01-11 00:00:00,1,0,1,Harju maakond,0,Ühesõidukiõnnetus,Valge aeg
2016-01-11 00:00:00,2,0,1,Harju maakond,1,Jalakäijaõnnetus,Valge aeg
2016-01-11 00:00:00,2,0,1,Harju maakond,1,Jalakäijaõnnetus,Pimeda aeg
2016-02-11 00:00:00,4,0,1,Harju maakond,0,Kokkupõrge,Valge aeg
2016-02-11 00:00:00,2,0,2,Harju maakond,0,Ühesõidukiõnnetus,Valge aeg
2016-02-11 00:00:00,4,0,3,Harju maakond,0,Ühesõidukiõnnetus,Valge aeg
2016-02-11 00:00:00,1,0,1,Harju maakond,1,Jalakäijaõnnetus,Valge aeg
2016-03-11 00:00:00,1,0,1,Harju maakond,0,Muu liiklusõnnetus,Valge aeg
2016-04-11 00:00:00,1,0,1,Harju maakond,0,Ühesõidukiõnnetus,Valge aeg
2016-04-11 00:00:00,1,0,1,Harju maakond,0,Ühesõidukiõnnetus,Valge aeg
2016-05-11 00:00:00,2,0,2,Harju maakond,0,Ühesõidukiõnnetus,Valge aeg
2016-05-11 00:00:00,1,0,1,Harju maakond,0,Ühesõidukiõnnetus,Pimeda aeg
2016-05-11 00:00:00,3,0,1,Harju maakond,0,Kokkupõrge,Pimeda aeg
2016-06-11 00:00:00,2,0,1,Harju maakond,1,Jalakäijaõnnetus,Valge aeg
2016-06-11 00:00:00,2,0,1,Harju maakond,1,Jalakäijaõnnetus,Valge aeg
2016-07-11 00:00:00,2,0,1,Harju maakond,1,Jalakäijaõnnetus,Valge aeg
2016-07-11 00:00:00,1,0,1,Harju maakond,0,Ühesõidukiõnnetus,Valge aeg
2016-07-11 00:00:00,2,0,1,Harju maakond,1,Jalakäijaõnnetus,Valge aeg
2016-07-11 00:00:00,2,1,1,Harju maakond,0,Kokkupõrge,Valge aeg
2016-07-11 00:00:00,1,0,1,Harju maakond,0,Teadmata,Pimeda aeg
2016-08-11 00:00:00,2,0,1,Harju maakond,1,Jalakäijaõnnetus,Pimeda aeg
2016-09-11 00:00:00,2,0,1,Harju maakond,1,Jalakäijaõnnetus,Valge aeg
2016-10-11 00:00:00,2,0,1,Harju maakond,0,Kokkupõrge,Valge aeg
2016-11-11 00:00:00,3,0,1,Harju maakond,0,Kokkupõrge,Valge aeg
2016-11-14 13:00:00,2,0,1,Harju maakond,0,Muu liiklusõnnetus,Valge aeg
2016-11-14 16:22:00,2,0,1,Harju maakond,0,Muu liiklusõnnetus,Pimeda aeg
2016-11-14 17:10:00,4,0,3,Harju maakond,0,Kokkupõrge,Pimeda aeg
2016-11-15 07:05:00,1,0,1,Harju maakond,0,Muu liiklusõnnetus,Valge aeg
2016-11-15 21:41:00,2,0,1,Harju maakond,1,Jalakäijaõnnetus,Pimeda aeg
2016-11-17 08:23:00,2,0,1,Harju maakond,1,Jalakäijaõnnetus,Valge aeg
2016-11-17 16:30:00,2,0,1,Harju maakond,0,Kokkupõrge,Pimeda aeg
2016-11-17 16:57:00,2,0,1,Harju maakond,1,Jalakäijaõnnetus,Pimeda aeg
2016-11-17 17:18:00,3,0,2,Harju maakond,0,Kokkupõrge,Pimeda aeg
2016-11-17 17:51:00,4,0,3,Harju maakond,0,Kokkupõrge,Pimeda aeg
2016-11-17 20:16:00,2,0,1,Harju maakond,1,Jalakäijaõnnetus,Pimeda aeg
2016-11-18 10:10:00,1,0,1,Harju maakond,0,Ühesõidukiõnnetus,Valge aeg
2016-11-18 12:34:00,4,0,1,Harju maakond,0,Kokkupõrge,Valge aeg
2016-11-21 00:56:00,1,0,1,Harju maakond,0,Ühesõidukiõnnetus,Valge aeg
2016-11-21 17:20:00,2,0,1,Harju maakond,1,Jalakäijaõnnetus,Pimeda aeg
2016-11-21 18:29:00,4,0,3,Harju maakond,0,Ühesõidukiõnnetus,Pimeda aeg
2016-11-22 07:00:00,2,0,1,Harju maakond,0,Kokkupõrge,Pimeda aeg
2016-11-23 08:32:00,5,0,3,Harju maakond,0,Kokkupõrge,Valge aeg
2016-11-23 16:24:00,2,0,2,Harju maakond,0,Kokkupõrge,Pimeda aeg
2016-11-24 17:30:00,3,0,2,Harju maakond,0,Kokkupõrge,Pimeda aeg
2016-11-25 16:45:00,2,0,1,Harju maakond,0,Kokkupõrge,Pimeda aeg
2016-11-26 10:04:00,2,0,1,Harju maakond,0,Kokkupõrge,Valge aeg
2016-11-26 19:23:00,2,1,0,Harju maakond,1,Jalakäijaõnnetus,Pimeda aeg
2016-11-29 18:50:00,1,0,1,Harju maakond,0,Muu liiklusõnnetus,Pimeda aeg
2016-11-30 23:10:00,2,0,1,Harju maakond,0,Kokkupõrge,Pimeda aeg
2016-01-12 00:00:00,2,0,1,Harju maakond,1,Jalakäijaõnnetus,Pimeda aeg
2016-02-12 00:00:00,1,0,1,Harju maakond,0,Ühesõidukiõnnetus,Valge aeg
2016-04-12 00:00:00,3,0,2,Harju maakond,0,Kokkupõrge,Valge aeg
2016-05-12 00:00:00,2,0,1,Harju maakond,0,Kokkupõrge,Valge aeg
2016-05-12 00:00:00,2,0,1,Harju maakond,0,Kokkupõrge,Pimeda aeg
2016-06-12 00:00:00,4,0,4,Harju maakond,0,Ühesõidukiõnnetus,Valge aeg
2016-06-12 00:00:00,2,0,1,Harju maakond,1,Muu liiklusõnnetus,Valge aeg
2016-06-12 00:00:00,2,1,0,Harju maakond,1,Jalakäijaõnnetus,Pimeda aeg
2016-07-12 00:00:00,3,0,3,Harju maakond,0,Ühesõidukiõnnetus,Valge aeg
2016-07-12 00:00:00,3,0,2,Harju maakond,1,Kokkupõrge,Pimeda aeg
2016-08-12 00:00:00,2,0,1,Harju maakond,1,Jalakäijaõnnetus,Pimeda aeg
2016-08-12 00:00:00,2,0,1,Harju maakond,1,Jalakäijaõnnetus,Valge aeg
2016-08-12 00:00:00,2,0,1,Harju maakond,1,Jalakäijaõnnetus,Pimeda aeg
2016-08-12 00:00:00,3,0,1,Harju maakond,0,Kokkupõrge,Pimeda aeg
2016-08-12 00:00:00,2,1,0,Harju maakond,1,Jalakäijaõnnetus,Pimeda aeg
2016-09-12 00:00:00,2,0,1,Harju maakond,0,Teadmata,Pimeda aeg
2016-09-12 00:00:00,2,0,1,Harju maakond,1,Jalakäijaõnnetus,Pimeda aeg
2016-10-12 00:00:00,2,0,1,Harju maakond,0,Ühesõidukiõnnetus,Pimeda aeg
2016-10-12 00:00:00,6,0,1,Harju maakond,0,Ühesõidukiõnnetus,Pimeda aeg
2016-11-12 00:00:00,2,0,2,Harju maakond,0,Ühesõidukiõnnetus,Valge aeg
2016-12-12 00:00:00,2,0,1,Harju maakond,0,Muu liiklusõnnetus,Pimeda aeg
2016-12-12 00:00:00,2,0,1,Harju maakond,1,Jalakäijaõnnetus,Pimeda aeg
2016-12-12 00:00:00,2,0,1,Harju maakond,1,Jalakäijaõnnetus,Pimeda aeg
2016-12-14 07:35:00,1,0,1,Harju maakond,0,Ühesõidukiõnnetus,Pimeda aeg
2016-12-14 00:00:00,2,0,1,Tartu maakond,1,Jalakäijaõnnetus,Valge aeg
2016-12-14 16:11:00,1,0,1,Harju maakond,0,Ühesõidukiõnnetus,Pimeda aeg
2016-12-14 17:55:00,2,0,1,Harju maakond,0,Kokkupõrge,Pimeda aeg
2016-12-14 18:50:00,1,0,1,Harju maakond,0,Ühesõidukiõnnetus,Pimeda aeg
2016-12-16 23:44:00,1,0,1,Harju maakond,0,Teadmata,Pimeda aeg
2016-12-17 23:56:00,1,0,1,Harju maakond,1,Muu liiklusõnnetus,Valge aeg
2016-12-19 07:50:00,3,0,2,Harju maakond,0,Kokkupõrge,Pimeda aeg
2016-12-20 17:54:00,2,0,1,Harju maakond,1,Jalakäijaõnnetus,Pimeda aeg
2016-12-20 19:00:00,2,0,1,Harju maakond,1,Jalakäijaõnnetus,Pimeda aeg
2016-12-21 10:21:00,2,0,1,Harju maakond,1,Jalakäijaõnnetus,Valge aeg
2016-12-21 12:12:00,2,0,1,Harju maakond,1,Jalakäijaõnnetus,Pimeda aeg
2016-12-23 08:52:00,2,0,1,Harju maakond,0,Kokkupõrge,Valge aeg
2016-12-23 21:26:00,2,0,1,Harju maakond,0,Kokkupõrge,Pimeda aeg
2016-12-27 20:30:00,2,0,1,Harju maakond,0,Kokkupõrge,Pimeda aeg
2016-12-28 08:35:00,2,0,1,Harju maakond,1,Jalakäijaõnnetus,Pimeda aeg
2016-12-28 12:09:00,2,0,1,Harju maakond,0,Teadmata,Valge aeg
2016-12-28 21:57:00,4,0,3,Harju maakond,0,Kokkupõrge,Pimeda aeg
2016-12-30 09:13:00,2,0,1,Harju maakond,0,Kokkupõrge,Valge aeg
2016-12-30 13:29:00,2,0,1,Harju maakond,0,Kokkupõrge,Valge aeg
2016-12-30 20:59:00,1,0,1,Harju maakond,0,Ühesõidukiõnnetus,Pimeda aeg
2016-12-31 02:35:00,2,0,2,Harju maakond,0,Ühesõidukiõnnetus,Pimeda aeg
2016-12-31 16:30:00,3,0,2,Harju maakond,0,Kokkupõrge,Pimeda aeg
2016-12-31 17:05:00,2,0,1,Harju maakond,1,Jalakäijaõnnetus,Pimeda aeg
2016-12-31 17:30:00,3,0,1,Harju maakond,0,Kokkupõrge,Pimeda aeg
2017-03-01 00:00:00,2,0,1,Harju maakond,0,Kokkupõrge,Valge aeg
2017-03-01 00:00:00,3,0,2,Harju maakond,0,Kokkupõrge,Valge aeg
2017-03-01 00:00:00,2,0,1,Harju maakond,1,Jalakäijaõnnetus,Pimeda aeg
2017-03-01 00:00:00,2,0,1,Harju maakond,1,Jalakäijaõnnetus,Pimeda aeg
2017-03-01 00:00:00,3,0,2,Harju maakond,0,Kokkupõrge,Pimeda aeg
2017-04-01 00:00:00,2,0,1,Harju maakond,1,Jalakäijaõnnetus,Pimeda aeg
2017-05-01 00:00:00,2,0,1,Harju maakond,0,Muu liiklusõnnetus,Valge aeg
2017-05-01 00:00:00,2,0,1,Harju maakond,1,Jalakäijaõnnetus,Valge aeg
2017-07-01 00:00:00,1,0,1,Harju maakond,0,Ühesõidukiõnnetus,Valge aeg
2017-08-01 00:00:00,2,0,1,Harju maakond,0,Ühesõidukiõnnetus,Pimeda aeg
2017-09-01 00:00:00,2,0,1,Harju maakond,1,Jalakäijaõnnetus,Valge aeg
2017-09-01 00:00:00,2,0,1,Harju maakond,0,Muu liiklusõnnetus,Pimeda aeg
2017-11-01 00:00:00,2,0,1,Harju maakond,1,Jalakäijaõnnetus,Valge aeg
2017-11-01 00:00:00,2,0,1,Harju maakond,1,Jalakäijaõnnetus,Valge aeg
2017-01-13 08:19:00,2,0,1,Harju maakond,1,Jalakäijaõnnetus,Pimeda aeg
2017-01-13 18:03:00,5,0,5,Harju maakond,0,Kokkupõrge,Pimeda aeg
2017-01-16 14:49:00,2,0,1,Harju maakond,1,Jalakäijaõnnetus,Valge aeg
2017-01-16 17:46:00,3,0,1,Harju maakond,0,Kokkupõrge,Pimeda aeg
2017-01-18 16:50:00,4,0,1,Harju maakond,0,Kokkupõrge,Pimeda aeg
2017-01-19 20:02:00,2,0,1,Harju maakond,1,Jalakäijaõnnetus,Pimeda aeg
2017-01-20 09:20:00,2,0,1,Harju maakond,0,Muu liiklusõnnetus,Valge aeg
2017-01-20 16:40:00,3,0,2,Harju maakond,0,Kokkupõrge,Pimeda aeg
2017-01-21 10:58:00,2,0,1,Harju maakond,0,Ühesõidukiõnnetus,Valge aeg
2017-01-21 17:45:00,2,0,1,Harju maakond,1,Jalakäijaõnnetus,Pimeda aeg
2017-01-23 07:57:00,2,0,1,Harju maakond,1,Jalakäijaõnnetus,Pimeda aeg
2017-01-23 17:57:00,3,0,1,Harju maakond,0,Kokkupõrge,Pimeda aeg
2017-01-23 20:40:00,2,1,0,Harju maakond,1,Jalakäijaõnnetus,Pimeda aeg
2017-01-24 13:00:00,2,0,1,Harju maakond,0,Kokkupõrge,Valge aeg
2017-01-26 07:30:00,2,0,1,Harju maakond,1,Jalakäijaõnnetus,Pimeda aeg
2017-01-26 16:57:00,2,0,1,Harju maakond,1,Jalakäijaõnnetus,Pimeda aeg
2017-01-27 11:30:00,1,0,1,Harju maakond,0,Ühesõidukiõnnetus,Valge aeg
2017-01-27 15:15:00,2,0,1,Harju maakond,0,Kokkupõrge,Valge aeg
2017-01-27 15:40:00,2,0,1,Harju maakond,0,Kokkupõrge,Pimeda aeg
2017-01-28 11:42:00,2,0,1,Harju maakond,0,Muu liiklusõnnetus,Valge aeg
2017-01-28 20:28:00,5,0,4,Harju maakond,1,Kokkupõrge,Pimeda aeg
2017-01-30 02:17:00,4,0,2,Harju maakond,0,Ühesõidukiõnnetus,Pimeda aeg
2017-01-30 20:30:00,2,0,1,Harju maakond,1,Jalakäijaõnnetus,Pimeda aeg
2017-01-31 21:23:00,2,0,1,Harju maakond,0,Kokkupõrge,Pimeda aeg
2017-01-02 00:00:00,2,0,1,Harju maakond,1,Jalakäijaõnnetus,Pimeda aeg
2017-01-02 00:00:00,1,0,1,Harju maakond,1,Jalakäijaõnnetus,Pimeda aeg
2017-02-02 00:00:00,1,0,1,Harju maakond,0,Ühesõidukiõnnetus,Valge aeg
2017-02-02 00:00:00,2,0,1,Harju maakond,0,Kokkupõrge,Pimeda aeg
2017-02-02 00:00:00,1,0,1,Harju maakond,0,Muu liiklusõnnetus,Pimeda aeg
2017-03-02 00:00:00,2,0,1,Harju maakond,1,Jalakäijaõnnetus,Valge aeg
2017-04-02 00:00:00,1,0,1,Harju maakond,0,Ühesõidukiõnnetus,Pimeda aeg
2017-04-02 00:00:00,2,0,1,Harju maakond,0,Muu liiklusõnnetus,Pimeda aeg
2017-06-02 00:00:00,2,0,1,Harju maakond,0,Ühesõidukiõnnetus,Valge aeg
2017-06-02 00:00:00,2,0,1,Harju maakond,0,Kokkupõrge,Valge aeg
2017-08-02 00:00:00,4,0,1,Harju maakond,0,Kokkupõrge,Valge aeg
2017-09-02 00:00:00,3,0,3,Harju maakond,0,Kokkupõrge,Valge aeg
2017-10-02 00:00:00,2,0,1,Harju maakond,0,Muu liiklusõnnetus,Valge aeg
2017-10-02 00:00:00,2,0,1,Harju maakond,1,Jalakäijaõnnetus,Pimeda aeg
2017-11-02 00:00:00,2,0,1,Harju maakond,0,Kokkupõrge,Valge aeg
2017-11-02 00:00:00,2,1,0,Harju maakond,1,Jalakäijaõnnetus,Pimeda aeg
2017-02-13 04:10:00,1,0,1,Võru maakond,0,Ühesõidukiõnnetus,Pimeda aeg
2017-02-13 19:35:00,1,0,1,Harju maakond,0,Muu liiklusõnnetus,Pimeda aeg
2017-02-14 05:20:00,2,0,1,Harju maakond,0,Kokkupõrge,Pimeda aeg
2017-02-14 09:03:00,1,0,1,Harju maakond,0,Ühesõidukiõnnetus,Valge aeg
2017-02-14 13:18:00,1,0,1,Harju maakond,0,Kokkupõrge,Valge aeg
2017-02-14 21:23:00,1,0,1,Harju maakond,0,Ühesõidukiõnnetus,Pimeda aeg
2017-02-16 16:53:00,2,0,1,Harju maakond,1,Jalakäijaõnnetus,Valge aeg
2017-02-17 17:00:00,2,0,1,Harju maakond,1,Jalakäijaõnnetus,Pimeda aeg
2017-02-17 17:00:00,3,0,1,Harju maakond,0,Kokkupõrge,Pimeda aeg
2017-02-17 13:15:00,2,0,1,Harju maakond,0,Kokkupõrge,Valge aeg
2017-02-18 13:29:00,2,0,1,Harju maakond,1,Jalakäijaõnnetus,Valge aeg
2017-02-18 13:43:00,3,0,2,Harju maakond,0,Kokkupõrge,Valge aeg
2017-02-20 10:44:00,2,0,2,Harju maakond,0,Muu liiklusõnnetus,Valge aeg
2017-02-20 10:48:00,3,0,2,Harju maakond,0,Kokkupõrge,Valge aeg
2017-02-20 18:40:00,2,0,1,Harju maakond,1,Jalakäijaõnnetus,Pimeda aeg
2017-02-20 19:31:00,2,0,1,Harju maakond,1,Jalakäijaõnnetus,Pimeda aeg
2017-02-22 16:59:00,3,0,2,Harju maakond,0,Kokkupõrge,Valge aeg
2017-02-22 20:25:00,2,0,1,Harju maakond,1,Jalakäijaõnnetus,Pimeda aeg
2017-02-23 21:25:00,2,0,1,Harju maakond,1,Jalakäijaõnnetus,Pimeda aeg
2017-02-23 22:27:00,2,0,2,Harju maakond,0,Ühesõidukiõnnetus,Pimeda aeg
2017-02-23 22:39:00,2,0,1,Harju maakond,1,Jalakäijaõnnetus,Pimeda aeg
2017-02-24 14:05:00,2,0,1,Harju maakond,0,Muu liiklusõnnetus,Valge aeg
2017-02-24 16:17:00,2,0,1,Harju maakond,0,Muu liiklusõnnetus,Valge aeg
2017-02-25 09:04:00,2,0,1,Harju maakond,0,Kokkupõrge,Valge aeg
2017-02-25 12:15:00,5,0,4,Harju maakond,0,Kokkupõrge,Valge aeg
2017-02-25 12:25:00,3,0,1,Harju maakond,0,Kokkupõrge,Valge aeg
2017-02-28 09:38:00,2,0,1,Harju maakond,0,Kokkupõrge,Valge aeg
2017-02-28 09:40:00,2,0,1,Harju maakond,1,Jalakäijaõnnetus,Valge aeg
2017-02-28 18:10:00,2,0,1,Harju maakond,0,Kokkupõrge,Pimeda aeg
2017-01-03 00:00:00,2,0,1,Harju maakond,1,Jalakäijaõnnetus,Pimeda aeg
2017-07-03 00:00:00,2,0,1,Harju maakond,0,Kokkupõrge,Valge aeg
2017-07-03 00:00:00,2,0,1,Harju maakond,1,Jalakäijaõnnetus,Pimeda aeg
2017-12-03 00:00:00,1,0,1,Harju maakond,0,Ühesõidukiõnnetus,Pimeda aeg
2017-03-13 14:29:00,3,0,2,Harju maakond,0,Kokkupõrge,Valge aeg
2017-03-15 15:05:00,2,0,1,Harju maakond,0,Ühesõidukiõnnetus,Valge aeg
2017-03-16 04:00:00,2,0,1,Harju maakond,0,Kokkupõrge,Pimeda aeg
2017-03-17 15:22:00,2,0,1,Harju maakond,1,Jalakäijaõnnetus,Valge aeg
2017-03-17 17:08:00,2,0,1,Harju maakond,1,Jalakäijaõnnetus,Valge aeg
2017-03-17 23:15:00,1,0,1,Harju maakond,0,Ühesõidukiõnnetus,Pimeda aeg
2017-03-16 17:00:00,1,0,1,Harju maakond,0,Kokkupõrge,Pimeda aeg
2017-03-18 15:03:00,4,0,1,Harju maakond,0,Kokkupõrge,Valge aeg
2017-03-18 16:59:00,1,0,1,Saare maakond,0,Ühesõidukiõnnetus,Valge aeg
2017-03-20 08:12:00,2,0,1,Harju maakond,1,Jalakäijaõnnetus,Valge aeg
2017-03-20 22:30:00,1,0,1,Harju maakond,0,Ühesõidukiõnnetus,Pimeda aeg
2017-03-21 22:30:00,3,0,2,Harju maakond,0,Ühesõidukiõnnetus,Pimeda aeg
2017-03-22 17:01:00,2,0,1,Harju maakond,1,Jalakäijaõnnetus,Valge aeg
2017-03-23 13:52:00,2,0,1,Harju maakond,1,Jalakäijaõnnetus,Valge aeg
2017-03-23 16:22:00,2,0,1,Harju maakond,0,Muu liiklusõnnetus,Valge aeg
2017-03-24 09:02:00,2,0,1,Harju maakond,1,Jalakäijaõnnetus,Valge aeg
2017-03-24 18:12:00,4,0,3,Harju maakond,0,Kokkupõrge,Valge aeg
2017-03-25 14:38:00,2,0,1,Harju maakond,0,Muu liiklusõnnetus,Valge aeg
2017-03-25 16:51:00,1,0,1,Harju maakond,0,Ühesõidukiõnnetus,Valge aeg
2017-03-29 08:25:00,2,0,1,Harju maakond,0,Kokkupõrge,Valge aeg
2017-03-29 16:57:00,2,0,1,Harju maakond,0,Kokkupõrge,Valge aeg
2017-02-04 00:00:00,1,0,1,Harju maakond,0,Ühesõidukiõnnetus,Valge aeg
2017-04-04 00:00:00,4,0,2,Harju maakond,0,Kokkupõrge,Valge aeg
2017-05-04 00:00:00,2,0,1,Harju maakond,0,Kokkupõrge,Valge aeg
2017-06-04 00:00:00,4,0,2,Harju maakond,0,Kokkupõrge,Valge aeg
2017-07-04 00:00:00,2,0,1,Harju maakond,0,Kokkupõrge,Pimeda aeg
2017-08-04 00:00:00,1,0,1,Harju maakond,0,Ühesõidukiõnnetus,Pimeda aeg
2017-09-04 00:00:00,2,0,1,Harju maakond,0,Ühesõidukiõnnetus,Valge aeg
2017-10-04 00:00:00,2,0,1,Harju maakond,0,Kokkupõrge,Valge aeg
2017-10-04 00:00:00,2,0,1,Harju maakond,1,Jalakäijaõnnetus,Valge aeg
2017-04-13 19:01:00,2,0,1,Harju maakond,1,Jalakäijaõnnetus,Valge aeg
2017-04-13 23:15:00,2,0,1,Harju maakond,0,Kokkupõrge,Pimeda aeg
2017-04-14 19:47:00,2,0,1,Harju maakond,0,Muu liiklusõnnetus,Valge aeg
2017-04-17 13:32:00,1,0,1,Harju maakond,0,Ühesõidukiõnnetus,Valge aeg
2017-04-17 13:20:00,2,0,1,Harju maakond,1,Jalakäijaõnnetus,Valge aeg
2017-04-18 08:22:00,1,0,1,Harju maakond,0,Ühesõidukiõnnetus,Valge aeg
2017-04-21 11:20:00,2,0,1,Harju maakond,0,Kokkupõrge,Valge aeg
2017-04-21 11:39:00,2,0,1,Harju maakond,1,Jalakäijaõnnetus,Valge aeg
2017-04-21 19:38:00,2,0,1,Harju maakond,1,Jalakäijaõnnetus,Valge aeg
2017-04-28 07:45:00,2,0,1,Harju maakond,0,Kokkupõrge,Valge aeg
2017-04-28 10:23:00,2,0,1,Harju maakond,0,Ühesõidukiõnnetus,Valge aeg
2017-04-28 13:10:00,2,0,1,Harju maakond,0,Ühesõidukiõnnetus,Valge aeg
2017-04-28 17:45:00,2,0,1,Harju maakond,0,Kokkupõrge,Valge aeg
2017-04-30 01:52:00,1,0,1,Harju maakond,0,Ühesõidukiõnnetus,Pimeda aeg
2017-04-30 14:55:00,3,0,2,Harju maakond,0,Muu liiklusõnnetus,Valge aeg
2017-01-05 00:00:00,2,0,1,Harju maakond,0,Muu liiklusõnnetus,Pimeda aeg
2017-02-05 00:00:00,1,0,1,Harju maakond,0,Ühesõidukiõnnetus,Valge aeg
2017-02-05 00:00:00,2,0,1,Harju maakond,0,Kokkupõrge,Valge aeg
2017-02-05 00:00:00,2,0,1,Harju maakond,1,Jalakäijaõnnetus,Valge aeg
2017-04-05 00:00:00,3,0,1,Harju maakond,1,Muu liiklusõnnetus,Valge aeg
2017-05-05 00:00:00,2,0,2,Järva maakond,0,Ühesõidukiõnnetus,Valge aeg
2017-05-05 00:00:00,2,0,1,Harju maakond,1,Jalakäijaõnnetus,Valge aeg
2017-08-05 00:00:00,2,0,1,Harju maakond,0,Kokkupõrge,Valge aeg