date,persons_involved,killed,injured,county,pedestrian_involved,accident_type,light_conditions
2017-08-05 00:00:00,2,0,1,Harju maakond,0,Muu liiklusõnnetus,Pimeda aeg
2017-11-05 00:00:00,2,0,1,Harju maakond,0,Kokkupõrge,Valge aeg
2017-11-05 00:00:00,2,0,2,Harju maakond,0,Muu liiklusõnnetus,Valge aeg
2017-12-05 00:00:00,2,0,1,Harju maakond,0,Muu liiklusõnnetus,Valge aeg
2017-12-05 00:00:00,1,0,1,Harju maakond,0,Ühesõidukiõnnetus,Valge aeg
2017-05-13 02:40:00,3,0,1,Harju maakond,0,Kokkupõrge,Pimeda aeg
2017-05-13 16:45:00,2,0,1,Harju maakond,0,Kokkupõrge,Valge aeg
2017-05-14 04:34:00,1,0,1,Harju maakond,0,Ühesõidukiõnnetus,Valge aeg
2017-05-14 13:08:00,2,0,1,Harju maakond,0,Kokkupõrge,Valge aeg
2017-05-14 15:02:00,6,0,1,Harju maakond,0,Kokkupõrge,Valge aeg
2017-05-14 20:13:00,2,0,1,Harju maakond,0,Kokkupõrge,Valge aeg
2017-05-17 10:10:00,4,0,1,Harju maakond,0,Ühesõidukiõnnetus,Valge aeg
2017-05-18 07:12:00,1,0,1,Harju maakond,0,Ühesõidukiõnnetus,Valge aeg
2017-05-18 09:06:00,2,0,1,Harju maakond,0,Kokkupõrge,Valge aeg
2017-05-18 17:20:00,3,0,2,Harju maakond,0,Kokkupõrge,Valge aeg
2017-05-18 17:45:00,2,0,1,Harju maakond,0,Kokkupõrge,Valge aeg
2017-05-19 11:40:00,3,0,2,Harju maakond,0,Kokkupõrge,Valge aeg
2017-05-19 18:30:00,1,0,1,Harju maakond,0,Ühesõidukiõnnetus,Valge aeg
2017-05-20 05:55:00,2,0,1,Harju maakond,1,Jalakäijaõnnetus,Valge aeg
2017-05-20 13:25:00,1,0,1,Harju maakond,1,Jalakäijaõnnetus,Valge aeg
2017-05-20 15:04:00,1,0,1,Harju maakond,0,Kokkupõrge,Valge aeg
2017-05-21 16:10:00,2,0,1,Harju maakond,1,Jalakäijaõnnetus,Valge aeg
2017-05-21 19:06:00,2,0,1,Harju maakond,0,Kokkupõrge,Valge aeg
2017-05-21 19:02:00,3,0,1,Harju maakond,0,Kokkupõrge,Valge aeg
2014-01-03 00:00:00,1,0,1,Tartu maakond,0,Ühesõidukiõnnetus,Pimeda aeg
2014-02-03 00:00:00,1,0,1,Tartu maakond,0,Ühesõidukiõnnetus,Pimeda aeg
2014-03-03 00:00:00,2,0,1,Põlva maakond,0,Kokkupõrge,Pimeda aeg
2014-06-03 00:00:00,1,0,2,Võru maakond,0,Ühesõidukiõnnetus,Pimeda aeg
2014-10-03 00:00:00,2,0,2,Põlva maakond,0,Kokkupõrge,Valge aeg
2014-10-03 00:00:00,1,0,2,Põlva maakond,0,Ühesõidukiõnnetus,Pimeda aeg
2014-11-03 00:00:00,1,0,1,Põlva maakond,0,Ühesõidukiõnnetus,Valge aeg
2014-03-14 13:15:00,2,0,1,Jõgeva maakond,0,Muu liiklusõnnetus,Valge aeg
2014-03-15 11:02:00,2,0,2,Tartu maakond,0,Kokkupõrge,Valge aeg
2014-03-20 02:59:00,2,1,0,Tartu maakond,0,Kokkupõrge,Pimeda aeg
2014-03-20 07:14:00,1,0,1,Tartu maakond,0,Ühesõidukiõnnetus,Valge aeg
2014-03-20 19:57:00,1,0,1,Tartu maakond,0,Ühesõidukiõnnetus,Pimeda aeg
2014-03-21 23:30:00,2,0,2,Tartu maakond,0,Kokkupõrge,Pimeda aeg
2014-03-22 16:42:00,2,0,2,Tartu maakond,0,Kokkupõrge,Valge aeg
2014-03-30 15:30:00,1,0,1,Võru maakond,0,Ühesõidukiõnnetus,Valge aeg
2014-03-31 12:09:00,2,0,1,Tartu maakond,0,Kokkupõrge,Valge aeg
2014-02-04 00:00:00,1,0,2,Tartu maakond,0,Ühesõidukiõnnetus,Valge aeg
2014-03-04 00:00:00,1,0,2,Tartu maakond,0,Ühesõidukiõnnetus,Pimeda aeg
2014-05-04 00:00:00,2,0,1,Võru maakond,1,Jalakäijaõnnetus,Valge aeg
2014-05-04 00:00:00,1,0,1,Tartu maakond,0,Kokkupõrge,Valge aeg
2014-05-04 00:00:00,1,0,1,Tartu maakond,1,Jalakäijaõnnetus,Valge aeg
2014-05-04 00:00:00,1,1,0,Viljandi maakond,0,Ühesõidukiõnnetus,Valge aeg
2014-07-04 00:00:00,2,0,1,Jõgeva maakond,0,Muu liiklusõnnetus,Valge aeg
2014-10-04 00:00:00,2,0,1,Tartu maakond,0,Kokkupõrge,Valge aeg
2014-12-04 00:00:00,3,0,2,Võru maakond,1,Jalakäijaõnnetus,Pimeda aeg
2014-04-14 14:55:00,2,0,2,Viljandi maakond,0,Kokkupõrge,Valge aeg
2014-04-16 20:27:00,2,0,2,Tartu maakond,0,Kokkupõrge,Valge aeg
2014-04-16 21:21:00,2,1,0,Tartu maakond,0,Muu liiklusõnnetus,Pimeda aeg
2014-04-17 12:56:00,2,1,0,Tartu maakond,1,Jalakäijaõnnetus,Valge aeg
2014-04-18 13:20:00,2,0,2,Viljandi maakond,0,Muu liiklusõnnetus,Valge aeg
2014-04-19 14:19:00,2,0,1,Põlva maakond,0,Kokkupõrge,Valge aeg
2014-04-19 17:22:00,2,0,1,Tartu maakond,0,Kokkupõrge,Valge aeg
2014-04-19 18:12:00,2,0,2,Tartu maakond,0,Kokkupõrge,Valge aeg
2014-04-21 16:37:00,2,0,1,Tartu maakond,0,Kokkupõrge,Valge aeg
2014-04-22 09:55:00,2,0,1,Tartu maakond,1,Jalakäijaõnnetus,Valge aeg
2014-04-21 07:30:00,2,0,1,Tartu maakond,0,Kokkupõrge,Valge aeg
2014-04-23 01:11:00,1,0,2,Tartu maakond,0,Ühesõidukiõnnetus,Pimeda aeg
2014-04-23 23:30:00,1,0,2,Valga maakond,0,Ühesõidukiõnnetus,Pimeda aeg
2014-04-24 07:37:00,2,0,3,Tartu maakond,0,Kokkupõrge,Valge aeg
2014-04-24 14:43:00,2,0,2,Tartu maakond,0,Kokkupõrge,Valge aeg
2014-04-26 13:18:00,2,0,1,Tartu maakond,1,Jalakäijaõnnetus,Valge aeg
2014-04-27 12:00:00,1,0,1,Tartu maakond,1,Jalakäijaõnnetus,Valge aeg
2014-04-29 15:14:00,2,0,1,Viljandi maakond,0,Ühesõidukiõnnetus,Valge aeg
2014-04-29 16:18:00,2,0,1,Tartu maakond,0,Ühesõidukiõnnetus,Valge aeg
2014-01-05 00:00:00,1,0,1,Tartu maakond,0,Ühesõidukiõnnetus,Valge aeg
2014-01-05 00:00:00,2,0,1,Tartu maakond,0,Kokkupõrge,Valge aeg
2014-02-05 00:00:00,3,0,2,Tartu maakond,1,Jalakäijaõnnetus,Valge aeg
2014-03-05 00:00:00,2,0,1,Tartu maakond,0,Kokkupõrge,Valge aeg
2014-08-05 00:00:00,2,0,1,Tartu maakond,0,Kokkupõrge,Valge aeg
2014-09-05 00:00:00,1,0,1,Jõgeva maakond,0,Ühesõidukiõnnetus,Pimeda aeg
2014-10-05 00:00:00,2,0,3,Valga maakond,0,Kokkupõrge,Valge aeg
2014-11-05 00:00:00,1,0,1,Valga maakond,0,Kokkupõrge,Pimeda aeg
2014-05-13 10:00:00,2,0,1,Jõgeva maakond,0,Muu liiklusõnnetus,Valge aeg
2014-05-13 15:05:00,2,0,2,Viljandi maakond,0,Kokkupõrge,Valge aeg
2014-05-14 05:15:00,1,0,2,Valga maakond,0,Ühesõidukiõnnetus,Valge aeg
2014-05-14 16:14:00,2,0,1,Tartu maakond,0,Kokkupõrge,Valge aeg
2014-05-15 19:22:00,2,0,1,Võru maakond,0,Kokkupõrge,Valge aeg
2014-05-16 12:30:00,2,0,1,Viljandi maakond,0,Kokkupõrge,Valge aeg
2014-05-16 19:43:00,2,0,1,Tartu maakond,0,Kokkupõrge,Valge aeg
2014-05-16 21:30:00,2,0,1,Tartu maakond,0,Kokkupõrge,Valge aeg
2014-05-17 13:50:00,1,0,1,Võru maakond,0,Ühesõidukiõnnetus,Valge aeg
2014-05-17 18:10:00,1,0,1,Võru maakond,0,Ühesõidukiõnnetus,Valge aeg
2014-05-17 19:35:00,2,0,1,Harju maakond,1,Jalakäijaõnnetus,Valge aeg
2014-05-17 20:05:00,1,1,0,Võru maakond,0,Ühesõidukiõnnetus,Valge aeg
2014-05-17 19:50:00,2,0,2,Valga maakond,0,Kokkupõrge,Valge aeg
2014-05-18 10:29:00,1,0,1,Tartu maakond,0,Ühesõidukiõnnetus,Valge aeg
2014-05-18 21:30:00,2,0,1,Tartu maakond,0,Kokkupõrge,Valge aeg
2014-05-19 20:36:00,2,0,1,Tartu maakond,0,Kokkupõrge,Valge aeg
2014-05-20 07:48:00,2,0,3,Võru maakond,0,Kokkupõrge,Valge aeg
2014-05-20 23:15:00,1,0,1,Jõgeva maakond,0,Ühesõidukiõnnetus,Pimeda aeg
2014-05-21 09:30:00,2,0,1,Põlva maakond,0,Muu liiklusõnnetus,Valge aeg
2014-05-22 17:50:00,3,0,1,Võru maakond,0,Kokkupõrge,Valge aeg
2014-05-23 11:10:00,1,0,1,Tartu maakond,0,Ühesõidukiõnnetus,Valge aeg
2014-05-25 00:00:00,1,0,2,Viljandi maakond,0,Ühesõidukiõnnetus,Pimeda aeg
2014-05-26 10:58:00,2,0,4,Tartu maakond,0,Kokkupõrge,Valge aeg
2014-05-27 13:05:00,2,0,1,Tartu maakond,0,Kokkupõrge,Valge aeg
2014-05-29 16:10:00,2,0,2,Viljandi maakond,0,Muu liiklusõnnetus,Valge aeg
2014-05-30 07:43:00,2,0,1,Tartu maakond,0,Muu liiklusõnnetus,Valge aeg
2014-05-30 12:34:00,2,0,1,Tartu maakond,1,Jalakäijaõnnetus,Valge aeg
2014-02-06 00:00:00,2,0,1,Jõgeva maakond,0,Kokkupõrge,Valge aeg
2014-03-06 00:00:00,1,0,1,Võru maakond,0,Ühesõidukiõnnetus,Valge aeg
2014-03-06 00:00:00,2,0,1,Võru maakond,0,Kokkupõrge,Valge aeg
2014-06-06 00:00:00,2,0,1,Tartu maakond,0,Kokkupõrge,Valge aeg
2014-06-06 00:00:00,1,0,1,Põlva maakond,0,Ühesõidukiõnnetus,Valge aeg
2014-07-06 00:00:00,13,0,12,Jõgeva maakond,0,Ühesõidukiõnnetus,Valge aeg
2014-07-06 00:00:00,2,0,4,Võru maakond,0,Kokkupõrge,Pimeda aeg
2014-08-06 00:00:00,1,0,1,Tartu maakond,0,Ühesõidukiõnnetus,Valge aeg
2014-10-06 00:00:00,1,0,1,Võru maakond,0,Ühesõidukiõnnetus,Valge aeg
2014-10-06 00:00:00,1,0,1,Valga maakond,0,Ühesõidukiõnnetus,Valge aeg
2014-11-06 00:00:00,1,0,1,Põlva maakond,0,Ühesõidukiõnnetus,Valge aeg
2014-12-06 00:00:00,1,0,1,Tartu maakond,0,Muu liiklusõnnetus,Valge aeg
2014-12-06 00:00:00,2,0,1,Tartu maakond,0,Muu liiklusõnnetus,Valge aeg
2014-06-13 12:15:00,1,0,1,Tartu maakond,0,Kokkupõrge,Valge aeg
2014-06-16 13:00:00,1,0,1,Tartu maakond,0,Kokkupõrge,Valge aeg
2014-06-16 20:20:00,2,0,2,Valga maakond,0,Kokkupõrge,Valge aeg
2014-06-17 08:49:00,2,0,1,Tartu maakond,0,Kokkupõrge,Valge aeg
2014-06-17 10:38:00,1,0,1,Tartu maakond,0,Ühesõidukiõnnetus,Valge aeg
2014-06-17 12:54:00,2,0,2,Tartu maakond,0,Kokkupõrge,Valge aeg
2014-06-18 17:53:00,2,0,1,Tartu maakond,1,Jalakäijaõnnetus,Valge aeg
2014-06-19 08:20:00,2,0,1,Võru maakond,0,Kokkupõrge,Valge aeg
2014-06-19 14:37:00,1,0,2,Tartu maakond,0,Ühesõidukiõnnetus,Valge aeg
2014-06-21 01:38:00,1,0,1,Tartu maakond,0,Ühesõidukiõnnetus,Pimeda aeg
2014-06-22 03:37:00,1,0,1,Viljandi maakond,0,Ühesõidukiõnnetus,Valge aeg
2014-06-22 19:32:00,2,0,1,Tartu maakond,0,Kokkupõrge,Valge aeg
2014-06-23 13:30:00,2,0,2,Võru maakond,0,Kokkupõrge,Valge aeg
2014-06-24 14:41:00,2,0,1,Jõgeva maakond,1,Jalakäijaõnnetus,Valge aeg
2014-06-24 22:00:00,2,0,1,Tartu maakond,0,Kokkupõrge,Pimeda aeg
2014-06-27 12:44:00,2,0,1,Tartu maakond,0,Kokkupõrge,Valge aeg
2014-02-07 00:00:00,1,0,1,Tartu maakond,0,Kokkupõrge,Pimeda aeg
2014-03-07 00:00:00,2,0,2,Tartu maakond,0,Kokkupõrge,Valge aeg
2014-04-07 00:00:00,2,0,1,Viljandi maakond,1,Jalakäijaõnnetus,Valge aeg
2014-05-07 00:00:00,2,0,1,Jõgeva maakond,0,Muu liiklusõnnetus,Valge aeg
2014-06-07 00:00:00,2,0,2,Tartu maakond,0,Kokkupõrge,Valge aeg
2014-07-07 00:00:00,2,0,2,Jõgeva maakond,0,Kokkupõrge,Valge aeg
2014-07-07 00:00:00,2,0,1,Tartu maakond,0,Kokkupõrge,Valge aeg
2014-07-07 00:00:00,2,0,1,Viljandi maakond,0,Kokkupõrge,Valge aeg
2014-10-07 00:00:00,1,0,1,Põlva maakond,0,Ühesõidukiõnnetus,Pimeda aeg
2014-11-07 00:00:00,1,0,1,Jõgeva maakond,1,Jalakäijaõnnetus,Valge aeg
2014-11-07 00:00:00,2,0,1,Tartu maakond,0,Kokkupõrge,Pimeda aeg
2014-07-14 12:30:00,1,0,2,Tartu maakond,0,Kokkupõrge,Valge aeg
2014-07-16 22:50:00,1,0,1,Viljandi maakond,0,Ühesõidukiõnnetus,Valge aeg
2014-07-17 06:09:00,1,1,0,Tartu maakond,0,Ühesõidukiõnnetus,Valge aeg
2014-07-21 07:40:00,0,0,1,Jõgeva maakond,0,Ühesõidukiõnnetus,Valge aeg
2014-07-22 03:46:00,0,1,0,Valga maakond,0,Ühesõidukiõnnetus,Valge aeg
2014-07-23 16:48:00,2,0,1,Tartu maakond,0,Kokkupõrge,Valge aeg
2014-07-26 12:05:00,1,0,1,Jõgeva maakond,0,Ühesõidukiõnnetus,Valge aeg
2014-07-26 14:41:00,2,0,4,Viljandi maakond,0,Kokkupõrge,Valge aeg
2014-07-26 23:30:00,2,0,1,Võru maakond,1,Jalakäijaõnnetus,Pimeda aeg
2014-07-27 16:07:00,2,0,1,Tartu maakond,0,Kokkupõrge,Valge aeg
2014-07-28 12:20:00,2,0,3,Põlva maakond,0,Muu liiklusõnnetus,Valge aeg
2014-07-29 07:57:00,2,0,1,Tartu maakond,0,Kokkupõrge,Valge aeg
2014-07-29 14:05:00,2,0,1,Jõgeva maakond,0,Kokkupõrge,Valge aeg
2014-07-29 21:56:00,1,0,1,Tartu maakond,0,Ühesõidukiõnnetus,Valge aeg
2014-07-30 19:15:00,2,0,1,Valga maakond,0,Kokkupõrge,Valge aeg
2014-01-08 00:00:00,2,0,1,Viljandi maakond,0,Kokkupõrge,Valge aeg
2014-01-08 00:00:00,2,0,1,Valga maakond,0,Ühesõidukiõnnetus,Valge aeg
2014-01-08 00:00:00,2,0,1,Tartu maakond,0,Kokkupõrge,Valge aeg
2014-02-08 00:00:00,1,0,1,Tartu maakond,0,Ühesõidukiõnnetus,Valge aeg
2014-03-08 00:00:00,1,0,1,Tartu maakond,0,Ühesõidukiõnnetus,Valge aeg
2014-04-08 00:00:00,2,0,2,Jõgeva maakond,0,Kokkupõrge,Valge aeg
2014-04-08 00:00:00,2,0,1,Viljandi maakond,0,Kokkupõrge,Valge aeg
2014-05-08 00:00:00,1,0,1,Jõgeva maakond,0,Ühesõidukiõnnetus,Valge aeg
2014-05-08 00:00:00,1,0,1,Tartu maakond,0,Kokkupõrge,Valge aeg
2014-07-08 00:00:00,2,0,1,Valga maakond,0,Kokkupõrge,Valge aeg
2014-07-08 00:00:00,1,0,1,Tartu maakond,0,Ühesõidukiõnnetus,Valge aeg
2014-08-08 00:00:00,2,1,0,Tartu maakond,0,Kokkupõrge,Valge aeg
2014-10-08 00:00:00,1,1,0,Võru maakond,0,Ühesõidukiõnnetus,Valge aeg
2014-11-08 00:00:00,2,0,1,Tartu maakond,0,Kokkupõrge,Valge aeg
2014-08-16 10:35:00,2,0,1,Valga maakond,1,Jalakäijaõnnetus,Valge aeg
2014-08-16 12:40:00,2,0,3,Tartu maakond,0,Kokkupõrge,Valge aeg
2014-08-16 19:30:00,2,2,0,Viljandi maakond,0,Kokkupõrge,Valge aeg
2014-08-17 20:06:00,1,0,1,Tartu maakond,0,Kokkupõrge,Valge aeg
2014-08-18 19:49:00,2,0,1,Valga maakond,0,Kokkupõrge,Valge aeg
2014-08-19 17:00:00,2,0,1,Tartu maakond,0,Muu liiklusõnnetus,Valge aeg
2014-08-27 17:15:00,1,0,1,Põlva maakond,0,Muu liiklusõnnetus,Valge aeg
2014-08-27 18:15:00,2,0,1,Võru maakond,0,Kokkupõrge,Valge aeg
2014-08-28 17:25:00,1,0,1,Tartu maakond,0,Kokkupõrge,Valge aeg
2014-08-29 00:30:00,1,0,5,Võru maakond,0,Ühesõidukiõnnetus,Pimeda aeg
2014-08-31 03:30:00,1,0,1,Tartu maakond,0,Ühesõidukiõnnetus,Pimeda aeg
2014-08-31 04:40:00,1,0,1,Tartu maakond,0,Kokkupõrge,Pimeda aeg
2014-08-31 17:30:00,2,0,2,Tartu maakond,0,Kokkupõrge,Valge aeg
2014-08-31 19:38:00,2,0,2,Tartu maakond,0,Kokkupõrge,Valge aeg
2014-02-09 00:00:00,2,0,2,Jõgeva maakond,1,Jalakäijaõnnetus,Pimeda aeg
2014-03-09 00:00:00,2,0,1,Jõgeva maakond,0,Kokkupõrge,Valge aeg
2014-03-09 00:00:00,2,0,1,Tartu maakond,0,Muu liiklusõnnetus,Valge aeg
2014-04-09 00:00:00,1,1,0,Viljandi maakond,0,Ühesõidukiõnnetus,Valge aeg
2014-04-09 00:00:00,2,0,1,Tartu maakond,0,Kokkupõrge,Pimeda aeg
2014-05-09 00:00:00,1,0,1,Tartu maakond,0,Ühesõidukiõnnetus,Valge aeg
2014-05-09 00:00:00,2,1,0,Võru maakond,0,Kokkupõrge,Pimeda aeg
2014-09-09 00:00:00,3,0,1,Tartu maakond,0,Kokkupõrge,Valge aeg
2014-11-09 00:00:00,1,0,1,Tartu maakond,0,Jalakäijaõnnetus,Valge aeg
2014-12-09 00:00:00,1,0,1,Viljandi maakond,0,Ühesõidukiõnnetus,Valge aeg
2014-09-13 03:02:00,2,0,1,Võru maakond,0,Ühesõidukiõnnetus,Pimeda aeg
2014-09-13 15:15:00,2,0,5,Viljandi maakond,0,Kokkupõrge,Valge aeg
2014-09-14 14:58:00,2,0,1,Tartu maakond,0,Kokkupõrge,Valge aeg
2014-09-16 10:00:00,1,0,2,Tartu maakond,0,Kokkupõrge,Valge aeg
2014-09-17 10:30:00,1,0,1,Viljandi maakond,0,Kokkupõrge,Valge aeg
2014-09-17 12:42:00,2,1,0,Valga maakond,0,Kokkupõrge,Valge aeg
2014-09-17 13:40:00,3,0,2,Valga maakond,0,Kokkupõrge,Valge aeg
2014-09-17 20:35:00,1,0,1,Tartu maakond,0,Muu liiklusõnnetus,Valge aeg
2014-09-18 08:58:00,2,0,1,Tartu maakond,1,Kokkupõrge,Valge aeg
2014-09-19 10:09:00,2,0,1,Tartu maakond,0,Kokkupõrge,Valge aeg
2014-09-19 13:40:00,1,0,1,Viljandi maakond,0,Muu liiklusõnnetus,Valge aeg
2014-09-19 18:57:00,2,0,1,Tartu maakond,1,Jalakäijaõnnetus,Valge aeg
2014-09-20 03:12:00,1,0,2,Tartu maakond,0,Ühesõidukiõnnetus,Pimeda aeg
2014-09-20 11:35:00,2,0,1,Tartu maakond,0,Muu liiklusõnnetus,Valge aeg
2014-09-20 23:28:00,1,0,1,Viljandi maakond,0,Ühesõidukiõnnetus,Pimeda aeg
2014-09-22 08:30:00,2,0,1,Viljandi maakond,0,Kokkupõrge,Valge aeg
2014-09-22 19:24:00,2,0,1,Tartu maakond,0,Muu liiklusõnnetus,Pimeda aeg
2014-09-23 22:25:00,2,0,1,Viljandi maakond,0,Kokkupõrge,Pimeda aeg
2014-09-24 07:45:00,2,0,2,Tartu maakond,0,Kokkupõrge,Valge aeg
2014-09-24 14:10:00,1,0,1,Jõgeva maakond,0,Ühesõidukiõnnetus,Valge aeg
2014-09-27 15:37:00,2,0,1,Tartu maakond,0,Kokkupõrge,Valge aeg
2014-09-28 18:35:00,1,0,1,Viljandi maakond,0,Ühesõidukiõnnetus,Valge aeg
2014-09-29 12:22:00,1,0,1,Põlva maakond,0,Kokkupõrge,Valge aeg
2014-09-29 18:23:00,2,0,1,Tartu maakond,0,Kokkupõrge,Valge aeg
2014-03-10 00:00:00,4,0,1,Tartu maakond,0,Kokkupõrge,Pimeda aeg
2014-04-10 00:00:00,1,0,1,Viljandi maakond,0,Ühesõidukiõnnetus,Valge aeg
2014-06-10 00:00:00,2,0,1,Tartu maakond,0,Kokkupõrge,Valge aeg
2014-09-10 00:00:00,2,0,1,Võru maakond,1,Jalakäijaõnnetus,Valge aeg
2014-10-10 00:00:00,2,0,1,Tartu maakond,1,Jalakäijaõnnetus,Valge aeg
2014-11-10 00:00:00,2,0,1,Tartu maakond,0,Kokkupõrge,Pimeda aeg
2014-11-10 00:00:00,1,0,1,Tartu maakond,0,Ühesõidukiõnnetus,Pimeda aeg
2014-11-10 00:00:00,2,0,1,Tartu maakond,0,Kokkupõrge,Valge aeg
2014-11-10 00:00:00,2,1,0,Tartu maakond,1,Jalakäijaõnnetus,Pimeda aeg
2014-10-13 10:34:00,2,0,2,Valga maakond,0,Kokkupõrge,Valge aeg
2014-10-13 19:08:00,2,1,0,Võru maakond,1,Jalakäijaõnnetus,Pimeda aeg
2014-10-15 14:44:00,1,0,1,Viljandi maakond,1,Jalakäijaõnnetus,Valge aeg
2014-10-16 13:46:00,2,0,1,Viljandi maakond,0,Kokkupõrge,Valge aeg
2014-10-17 09:55:00,2,1,1,Valga maakond,0,Ühesõidukiõnnetus,Valge aeg
2014-10-18 19:25:00,1,0,1,Põlva maakond,0,Ühesõidukiõnnetus,Pimeda aeg
2014-10-20 13:35:00,2,1,0,Viljandi maakond,0,Kokkupõrge,Valge aeg
2014-10-21 03:19:00,1,0,1,Võru maakond,0,Ühesõidukiõnnetus,Pimeda aeg
2014-10-23 00:00:00,2,0,1,Jõgeva maakond,0,Ühesõidukiõnnetus,Pimeda aeg
2014-10-27 14:56:00,1,0,1,Võru maakond,0,Ühesõidukiõnnetus,Valge aeg
2014-10-31 21:57:00,2,0,2,Põlva maakond,0,Kokkupõrge,Pimeda aeg
2014-03-11 00:00:00,1,0,1,Võru maakond,0,Ühesõidukiõnnetus,Valge aeg
2014-05-11 00:00:00,2,0,1,Põlva maakond,1,Jalakäijaõnnetus,Pimeda aeg
2014-05-11 00:00:00,2,0,1,Tartu maakond,1,Jalakäijaõnnetus,Pimeda aeg
2014-07-11 00:00:00,2,0,1,Tartu maakond,1,Jalakäijaõnnetus,Pimeda aeg
2014-11-14 13:08:00,2,1,2,Tartu maakond,0,Kokkupõrge,Valge aeg
2014-11-16 00:14:00,1,0,2,Jõgeva maakond,0,Ühesõidukiõnnetus,Pimeda aeg
2014-11-18 12:27:00,2,0,1,Tartu maakond,0,Kokkupõrge,Valge aeg
2014-11-19 00:00:00,1,0,1,Tartu maakond,1,Jalakäijaõnnetus,Valge aeg
2014-11-19 17:08:00,2,0,1,Tartu maakond,1,Jalakäijaõnnetus,Pimeda aeg
2014-11-19 17:29:00,3,0,1,Tartu maakond,1,Kokkupõrge,Pimeda aeg
2014-11-21 08:52:00,2,0,1,Valga maakond,1,Jalakäijaõnnetus,Valge aeg
2014-11-21 12:30:00,1,0,1,Pärnu maakond,0,Ühesõidukiõnnetus,Valge aeg
2014-11-22 17:50:00,1,0,1,Jõgeva maakond,0,Ühesõidukiõnnetus,Pimeda aeg
2014-11-23 15:44:00,1,0,1,Tartu maakond,0,Ühesõidukiõnnetus,Pimeda aeg
2014-11-23 19:25:00,2,1,1,Võru maakond,0,Kokkupõrge,Pimeda aeg
2014-11-24 10:44:00,2,0,1,Tartu maakond,0,Kokkupõrge,Valge aeg
2014-11-26 14:17:00,2,0,1,Tartu maakond,1,Jalakäijaõnnetus,Valge aeg
2014-11-27 16:44:00,1,0,1,Põlva maakond,0,Ühesõidukiõnnetus,Pimeda aeg
2014-11-28 10:53:00,2,0,1,Tartu maakond,1,Jalakäijaõnnetus,Valge aeg
2014-11-30 00:30:00,1,0,2,Viljandi maakond,0,Ühesõidukiõnnetus,Pimeda aeg
2014-02-12 00:00:00,1,0,1,Jõgeva maakond,0,Ühesõidukiõnnetus,Valge aeg
2014-05-12 00:00:00,1,0,1,Viljandi maakond,0,Muu liiklusõnnetus,Pimeda aeg
2014-06-12 00:00:00,1,0,1,Tartu maakond,0,Ühesõidukiõnnetus,Pimeda aeg
2014-07-12 00:00:00,2,0,2,Viljandi maakond,0,Kokkupõrge,Pimeda aeg
2014-07-12 00:00:00,1,0,1,Viljandi maakond,0,Ühesõidukiõnnetus,Valge aeg
2014-09-12 00:00:00,2,0,3,Viljandi maakond,0,Kokkupõrge,Valge aeg
2014-11-12 00:00:00,2,0,1,Tartu maakond,1,Jalakäijaõnnetus,Pimeda aeg
2014-12-12 00:00:00,3,0,1,Tartu maakond,0,Kokkupõrge,Pimeda aeg
2014-12-13 08:08:00,1,0,1,Valga maakond,0,Ühesõidukiõnnetus,Pimeda aeg
2014-12-13 17:15:00,2,0,4,Võru maakond,0,Kokkupõrge,Pimeda aeg
2014-12-13 18:38:00,1,0,1,Valga maakond,0,Ühesõidukiõnnetus,Pimeda aeg
2014-12-13 22:59:00,1,0,1,Viljandi maakond,0,Ühesõidukiõnnetus,Pimeda aeg
2014-12-15 17:59:00,2,0,1,Tartu maakond,0,Kokkupõrge,Pimeda aeg
2014-12-16 01:06:00,3,0,1,Tartu maakond,0,Kokkupõrge,Pimeda aeg
2014-12-16 18:30:00,3,0,2,Tartu maakond,0,Kokkupõrge,Pimeda aeg
2014-12-18 07:35:00,2,0,1,Jõgeva maakond,0,Kokkupõrge,Pimeda aeg
2014-12-18 03:00:00,1,0,1,Valga maakond,0,Ühesõidukiõnnetus,Pimeda aeg
2014-12-19 07:57:00,2,0,1,Võru maakond,1,Jalakäijaõnnetus,Pimeda aeg
2014-12-21 02:00:00,1,0,2,Viljandi maakond,0,Ühesõidukiõnnetus,Pimeda aeg
2014-12-21 14:23:00,2,0,1,Tartu maakond,0,Kokkupõrge,Valge aeg
2014-12-21 15:30:00,1,0,2,Valga maakond,0,Ühesõidukiõnnetus,Pimeda aeg
2014-12-21 16:54:00,1,0,1,Võru maakond,0,Ühesõidukiõnnetus,Pimeda aeg
2014-12-24 18:00:00,2,0,3,Viljandi maakond,0,Kokkupõrge,Pimeda aeg
2014-12-24 20:00:00,2,0,2,Võru maakond,0,Kokkupõrge,Pimeda aeg
2014-12-24 21:45:00,5,0,4,Tartu maakond,0,Kokkupõrge,Pimeda aeg
2014-12-26 18:00:00,2,0,1,Võru maakond,1,Jalakäijaõnnetus,Pimeda aeg
2014-12-27 11:35:00,4,0,3,Valga maakond,1,Kokkupõrge,Valge aeg
2014-12-27 15:30:00,2,0,2,Viljandi maakond,0,Kokkupõrge,Valge aeg