date,persons_involved,killed,injured,county,pedestrian_involved,accident_type,light_conditions
2014-12-27 19:15:00,1,0,1,Jõgeva maakond,0,Ühesõidukiõnnetus,Pimeda aeg
2014-12-27 23:30:00,2,0,1,Põlva maakond,1,Jalakäijaõnnetus,Pimeda aeg
2014-12-30 18:05:00,3,0,1,Tartu maakond,0,Kokkupõrge,Pimeda aeg
2014-12-31 02:06:00,2,0,1,Valga maakond,1,Jalakäijaõnnetus,Pimeda aeg
2015-01-01 00:50:00,1,0,2,Võru maakond,0,Kokkupõrge,Pimeda aeg
2015-01-01 18:29:00,1,0,1,Tartu maakond,1,Jalakäijaõnnetus,Pimeda aeg
2015-03-01 00:00:00,2,0,1,Jõgeva maakond,0,Kokkupõrge,Valge aeg
2015-04-01 00:00:00,1,0,1,Jõgeva maakond,0,Ühesõidukiõnnetus,Valge aeg
2015-06-01 00:00:00,2,0,1,Põlva maakond,0,Muu liiklusõnnetus,Valge aeg
2015-11-01 00:00:00,1,0,1,Tartu maakond,0,Ühesõidukiõnnetus,Valge aeg
2015-11-01 00:00:00,1,0,1,Tartu maakond,0,Muu liiklusõnnetus,Pimeda aeg
2015-12-01 00:00:00,2,0,2,Valga maakond,0,Kokkupõrge,Pimeda aeg
2015-01-14 07:49:00,2,0,1,Valga maakond,0,Ühesõidukiõnnetus,Pimeda aeg
2015-01-14 10:42:00,1,0,1,Tartu maakond,0,Ühesõidukiõnnetus,Valge aeg
2015-01-14 14:38:00,2,0,1,Tartu maakond,0,Kokkupõrge,Valge aeg
2015-01-16 14:08:00,2,0,1,Tartu maakond,0,Ühesõidukiõnnetus,Valge aeg
2015-01-19 07:51:00,2,0,1,Tartu maakond,0,Kokkupõrge,Pimeda aeg
2015-01-19 08:50:00,1,0,1,Võru maakond,0,Ühesõidukiõnnetus,Valge aeg
2015-01-24 19:06:00,2,0,1,Tartu maakond,0,Kokkupõrge,Pimeda aeg
2015-01-28 07:40:00,4,0,3,Tartu maakond,0,Kokkupõrge,Valge aeg
2015-05-02 00:00:00,2,0,1,Tartu maakond,0,Kokkupõrge,Pimeda aeg
2015-06-02 00:00:00,2,0,2,Tartu maakond,0,Kokkupõrge,Valge aeg
2015-07-02 00:00:00,1,0,1,Viljandi maakond,0,Ühesõidukiõnnetus,Valge aeg
2015-08-02 00:00:00,2,0,2,Võru maakond,0,Ühesõidukiõnnetus,Valge aeg
2015-09-02 00:00:00,2,0,1,Võru maakond,0,Kokkupõrge,Valge aeg
2015-09-02 00:00:00,1,0,1,Tartu maakond,1,Jalakäijaõnnetus,Pimeda aeg
2015-10-02 00:00:00,1,0,1,Valga maakond,0,Ühesõidukiõnnetus,Valge aeg
2015-10-02 00:00:00,3,0,1,Tartu maakond,1,Jalakäijaõnnetus,Valge aeg
2015-11-02 00:00:00,2,1,0,Jõgeva maakond,1,Jalakäijaõnnetus,Pimeda aeg
2015-12-02 00:00:00,1,0,1,Tartu maakond,0,Muu liiklusõnnetus,Valge aeg
2015-02-16 17:16:00,2,1,0,Valga maakond,1,Jalakäijaõnnetus,Valge aeg
2015-02-19 06:56:00,1,0,1,Võru maakond,0,Ühesõidukiõnnetus,Valge aeg
2015-02-26 17:26:00,2,0,1,Võru maakond,0,Kokkupõrge,Valge aeg
2015-04-03 00:00:00,2,0,1,Tartu maakond,1,Jalakäijaõnnetus,Valge aeg
2015-05-03 00:00:00,1,0,1,Tartu maakond,0,Ühesõidukiõnnetus,Valge aeg
2015-06-03 00:00:00,2,0,2,Tartu maakond,0,Ühesõidukiõnnetus,Pimeda aeg
2015-11-03 00:00:00,2,0,1,Tartu maakond,1,Jalakäijaõnnetus,Valge aeg
2015-12-03 00:00:00,1,0,1,Tartu maakond,0,Ühesõidukiõnnetus,Valge aeg
2015-03-15 06:00:00,3,0,2,Valga maakond,0,Ühesõidukiõnnetus,Pimeda aeg
2015-03-16 18:38:00,2,0,1,Harju maakond,0,Kokkupõrge,Pimeda aeg
2015-03-19 16:30:00,1,0,1,Võru maakond,0,Ühesõidukiõnnetus,Valge aeg
2015-03-21 15:57:00,3,0,2,Tartu maakond,0,Ühesõidukiõnnetus,Valge aeg
2015-03-24 11:40:00,2,0,1,Valga maakond,0,Kokkupõrge,Valge aeg
2015-03-27 09:10:00,1,0,1,Valga maakond,0,Ühesõidukiõnnetus,Valge aeg
2015-03-04 00:00:00,1,0,1,Võru maakond,0,Ühesõidukiõnnetus,Valge aeg
2015-05-04 00:00:00,1,0,1,Võru maakond,0,Ühesõidukiõnnetus,Valge aeg
2015-06-04 00:00:00,2,0,1,Lääne-Viru maakond,0,Kokkupõrge,Valge aeg
2015-10-04 00:00:00,3,0,1,Tartu maakond,0,Kokkupõrge,Valge aeg
2015-11-04 00:00:00,2,0,1,Põlva maakond,0,Kokkupõrge,Valge aeg
2015-11-04 00:00:00,3,0,2,Võru maakond,0,Kokkupõrge,Valge aeg
2015-11-04 00:00:00,1,0,1,Ida-Viru maakond,1,Jalakäijaõnnetus,Valge aeg
2015-12-04 00:00:00,1,0,1,Jõgeva maakond,0,Ühesõidukiõnnetus,Valge aeg
2015-12-04 00:00:00,5,0,5,Põlva maakond,0,Ühesõidukiõnnetus,Valge aeg
2015-04-13 11:50:00,2,0,1,Viljandi maakond,0,Kokkupõrge,Valge aeg
2015-04-17 10:17:00,2,0,1,Tartu maakond,0,Muu liiklusõnnetus,Valge aeg
2015-04-17 12:30:00,3,0,2,Viljandi maakond,0,Kokkupõrge,Valge aeg
2015-04-19 16:18:00,2,0,1,Tartu maakond,0,Kokkupõrge,Valge aeg
2015-04-24 14:07:00,3,0,2,Tartu maakond,0,Kokkupõrge,Valge aeg
2015-04-24 18:20:00,2,0,4,Võru maakond,0,Kokkupõrge,Valge aeg
2015-04-27 07:50:00,2,0,1,Viljandi maakond,1,Jalakäijaõnnetus,Valge aeg
2015-04-27 17:42:00,2,1,0,Tartu maakond,0,Kokkupõrge,Valge aeg
2015-04-28 14:45:00,2,0,1,Tartu maakond,1,Jalakäijaõnnetus,Valge aeg
2015-04-29 21:41:00,1,0,1,Viljandi maakond,0,Ühesõidukiõnnetus,Pimeda aeg
2015-04-30 11:25:00,2,0,1,Valga maakond,1,Jalakäijaõnnetus,Valge aeg
2015-04-30 16:40:00,2,0,1,Tartu maakond,0,Kokkupõrge,Valge aeg
2015-06-05 00:00:00,1,0,1,Põlva maakond,0,Ühesõidukiõnnetus,Valge aeg
2015-10-05 00:00:00,2,0,1,Tartu maakond,0,Kokkupõrge,Pimeda aeg
2015-10-05 00:00:00,3,0,2,Tartu maakond,1,Jalakäijaõnnetus,Pimeda aeg
2015-10-05 00:00:00,1,1,0,Viljandi maakond,0,Ühesõidukiõnnetus,Valge aeg
2015-11-05 00:00:00,1,0,1,Valga maakond,0,Ühesõidukiõnnetus,Pimeda aeg
2015-11-05 00:00:00,3,0,2,Viljandi maakond,0,Kokkupõrge,Valge aeg
2015-11-05 00:00:00,2,0,1,Tartu maakond,0,Kokkupõrge,Valge aeg
2015-11-05 00:00:00,2,0,1,Võru maakond,0,Kokkupõrge,Valge aeg
2015-11-05 00:00:00,1,0,2,Viljandi maakond,0,Ühesõidukiõnnetus,Valge aeg
2015-12-05 00:00:00,1,0,1,Põlva maakond,0,Ühesõidukiõnnetus,Valge aeg
2015-05-14 17:10:00,3,0,2,Jõgeva maakond,0,Kokkupõrge,Valge aeg
2015-05-15 17:55:00,1,0,1,Jõgeva maakond,0,Kokkupõrge,Valge aeg
2015-05-17 00:00:00,2,0,1,Põlva maakond,1,Jalakäijaõnnetus,Valge aeg
2015-05-19 08:25:00,1,0,1,Võru maakond,0,Ühesõidukiõnnetus,Valge aeg
2015-05-20 08:55:00,2,0,1,Harju maakond,0,Kokkupõrge,Valge aeg
2015-05-21 12:42:00,2,0,1,Tartu maakond,1,Jalakäijaõnnetus,Valge aeg
2015-05-22 10:21:00,1,0,1,Tartu maakond,0,Ühesõidukiõnnetus,Valge aeg
2015-05-22 16:47:00,2,0,1,Tartu maakond,0,Kokkupõrge,Valge aeg
2015-05-22 21:14:00,2,0,2,Viljandi maakond,0,Ühesõidukiõnnetus,Valge aeg
2015-05-23 08:53:00,2,0,1,Võru maakond,0,Kokkupõrge,Valge aeg
2015-05-24 23:03:00,1,0,2,Viljandi maakond,0,Muu liiklusõnnetus,Pimeda aeg
2015-05-25 10:35:00,2,0,1,Tartu maakond,1,Jalakäijaõnnetus,Valge aeg
2015-05-25 13:44:00,2,0,1,Tartu maakond,0,Muu liiklusõnnetus,Valge aeg
2015-05-25 16:26:00,2,0,1,Tartu maakond,0,Muu liiklusõnnetus,Valge aeg
2015-05-29 14:00:00,1,0,1,Tartu maakond,0,Ühesõidukiõnnetus,Valge aeg
2015-05-30 01:10:00,1,0,1,Jõgeva maakond,0,Muu liiklusõnnetus,Pimeda aeg
2015-05-30 09:01:00,3,0,2,Tartu maakond,0,Ühesõidukiõnnetus,Valge aeg
2015-05-31 14:56:00,2,0,1,Tartu maakond,0,Kokkupõrge,Valge aeg
2015-01-06 00:00:00,2,0,1,Jõgeva maakond,0,Kokkupõrge,Valge aeg
2015-04-06 00:00:00,1,0,1,Põlva maakond,0,Ühesõidukiõnnetus,Valge aeg
2015-04-06 00:00:00,2,0,1,Põlva maakond,0,Kokkupõrge,Valge aeg
2015-05-06 00:00:00,2,0,1,Tartu maakond,1,Jalakäijaõnnetus,Valge aeg
2015-05-06 00:00:00,2,0,1,Lääne-Viru maakond,0,Kokkupõrge,Valge aeg
2015-05-06 00:00:00,1,0,1,Tartu maakond,0,Muu liiklusõnnetus,Pimeda aeg
2015-06-06 00:00:00,1,0,1,Viljandi maakond,0,Kokkupõrge,Pimeda aeg
2015-06-06 00:00:00,3,0,2,Võru maakond,0,Muu liiklusõnnetus,Valge aeg
2015-06-06 00:00:00,2,0,1,Tartu maakond,1,Jalakäijaõnnetus,Valge aeg
2015-07-06 00:00:00,3,0,1,Tartu maakond,0,Kokkupõrge,Valge aeg
2015-08-06 00:00:00,2,0,1,Tartu maakond,1,Jalakäijaõnnetus,Valge aeg
2015-08-06 00:00:00,1,0,1,Põlva maakond,0,Ühesõidukiõnnetus,Valge aeg
2015-09-06 00:00:00,2,0,2,Tartu maakond,0,Ühesõidukiõnnetus,Valge aeg
2015-11-06 00:00:00,2,0,1,Tartu maakond,0,Muu liiklusõnnetus,Valge aeg
2015-12-06 00:00:00,2,0,1,Tartu maakond,0,Kokkupõrge,Valge aeg
2015-06-14 16:30:00,1,0,1,Võru maakond,0,Muu liiklusõnnetus,Valge aeg
2015-06-14 16:37:00,2,0,1,Tartu maakond,0,Kokkupõrge,Valge aeg
2015-06-15 10:28:00,2,0,1,Tartu maakond,0,Kokkupõrge,Valge aeg
2015-06-17 09:22:00,2,0,1,Tartu maakond,1,Jalakäijaõnnetus,Valge aeg
2015-06-17 13:58:00,2,0,1,Jõgeva maakond,1,Jalakäijaõnnetus,Valge aeg
2015-06-17 16:49:00,2,0,1,Tartu maakond,1,Jalakäijaõnnetus,Valge aeg
2015-06-17 19:28:00,1,0,1,Tartu maakond,0,Ühesõidukiõnnetus,Valge aeg
2015-06-18 18:25:00,1,0,1,Põlva maakond,0,Ühesõidukiõnnetus,Valge aeg
2015-06-20 13:55:00,5,0,4,Viljandi maakond,0,Kokkupõrge,Valge aeg
2015-06-22 11:28:00,4,0,1,Tartu maakond,0,Kokkupõrge,Valge aeg
2015-06-22 18:18:00,2,0,1,Tartu maakond,0,Kokkupõrge,Valge aeg
2015-06-23 13:25:00,2,0,2,Põlva maakond,0,Kokkupõrge,Valge aeg
2015-06-24 03:50:00,1,0,1,Valga maakond,1,Jalakäijaõnnetus,Pimeda aeg
2015-06-25 12:42:00,1,0,1,Põlva maakond,0,Ühesõidukiõnnetus,Valge aeg
2015-06-26 20:56:00,3,0,1,Jõgeva maakond,0,Kokkupõrge,Valge aeg
2015-01-07 00:00:00,2,0,1,Tartu maakond,0,Muu liiklusõnnetus,Valge aeg
2015-01-07 00:00:00,2,0,1,Tartu maakond,0,Kokkupõrge,Valge aeg
2015-01-07 00:00:00,1,0,2,Valga maakond,0,Ühesõidukiõnnetus,Valge aeg
2015-02-07 00:00:00,1,0,1,Võru maakond,0,Ühesõidukiõnnetus,Valge aeg
2015-03-07 00:00:00,1,0,1,Tartu maakond,0,Ühesõidukiõnnetus,Valge aeg
2015-04-07 00:00:00,2,0,1,Jõgeva maakond,0,Ühesõidukiõnnetus,Valge aeg
2015-04-07 00:00:00,5,0,5,Jõgeva maakond,0,Ühesõidukiõnnetus,Valge aeg
2015-04-07 00:00:00,1,0,1,Tartu maakond,0,Ühesõidukiõnnetus,Valge aeg
2015-05-07 00:00:00,1,0,1,Viljandi maakond,0,Ühesõidukiõnnetus,Valge aeg
2015-06-07 00:00:00,1,0,1,Tartu maakond,0,Ühesõidukiõnnetus,Valge aeg
2015-06-07 00:00:00,1,0,1,Ida-Viru maakond,0,Kokkupõrge,Valge aeg
2015-07-07 00:00:00,2,0,1,Jõgeva maakond,0,Kokkupõrge,Pimeda aeg
2015-07-07 00:00:00,1,0,1,Põlva maakond,0,Ühesõidukiõnnetus,Valge aeg
2015-08-07 00:00:00,2,0,1,Viljandi maakond,1,Jalakäijaõnnetus,Valge aeg
2015-09-07 00:00:00,2,0,1,Tartu maakond,0,Kokkupõrge,Valge aeg
2015-11-07 00:00:00,2,0,1,Tartu maakond,0,Kokkupõrge,Valge aeg
2015-12-07 00:00:00,2,0,1,Võru maakond,0,Kokkupõrge,Valge aeg
2015-12-07 00:00:00,1,0,1,Võru maakond,0,Ühesõidukiõnnetus,Valge aeg
2015-07-13 12:46:00,1,0,1,Valga maakond,0,Ühesõidukiõnnetus,Valge aeg
2015-07-13 19:28:00,1,0,1,Võru maakond,0,Ühesõidukiõnnetus,Valge aeg
2015-07-13 19:36:00,4,0,2,Harju maakond,0,Kokkupõrge,Valge aeg
2015-07-13 23:05:00,2,0,1,Viljandi maakond,0,Kokkupõrge,Pimeda aeg
2015-07-15 18:56:00,2,0,1,Tartu maakond,0,Kokkupõrge,Valge aeg
2015-07-16 15:44:00,3,0,1,Harju maakond,0,Kokkupõrge,Valge aeg
2015-07-17 18:30:00,2,0,1,Viljandi maakond,1,Jalakäijaõnnetus,Valge aeg
2015-07-17 21:02:00,2,0,1,Tartu maakond,0,Kokkupõrge,Valge aeg
2015-07-19 16:11:00,1,0,1,Harju maakond,0,Ühesõidukiõnnetus,Valge aeg
2015-07-20 17:25:00,2,0,3,Jõgeva maakond,0,Kokkupõrge,Valge aeg
2015-07-21 09:04:00,1,0,1,Tartu maakond,0,Ühesõidukiõnnetus,Valge aeg
2015-07-22 07:25:00,2,0,1,Viljandi maakond,0,Kokkupõrge,Valge aeg
2015-07-24 11:44:00,2,0,1,Viljandi maakond,0,Muu liiklusõnnetus,Valge aeg
2015-07-24 13:25:00,2,0,1,Viljandi maakond,0,Kokkupõrge,Valge aeg
2015-07-24 15:51:00,2,0,1,Tartu maakond,0,Ühesõidukiõnnetus,Valge aeg
2015-07-24 20:59:00,1,0,1,Valga maakond,0,Kokkupõrge,Valge aeg
2015-07-26 08:50:00,3,0,2,Harju maakond,0,Kokkupõrge,Valge aeg
2015-07-26 14:50:00,2,0,1,Viljandi maakond,0,Muu liiklusõnnetus,Valge aeg
2015-07-28 07:04:00,2,1,0,Tartu maakond,0,Kokkupõrge,Valge aeg
2015-07-28 12:25:00,2,0,1,Lääne-Viru maakond,0,Ühesõidukiõnnetus,Valge aeg
2015-07-30 13:20:00,2,0,1,Jõgeva maakond,0,Kokkupõrge,Valge aeg
2015-07-30 15:32:00,2,0,1,Ida-Viru maakond,0,Kokkupõrge,Valge aeg
2015-07-31 11:30:00,2,0,2,Jõgeva maakond,0,Kokkupõrge,Valge aeg
2015-03-08 00:00:00,2,0,1,Ida-Viru maakond,1,Jalakäijaõnnetus,Valge aeg
2015-04-08 00:00:00,2,0,1,Tartu maakond,0,Kokkupõrge,Valge aeg
2015-04-08 00:00:00,2,0,1,Tartu maakond,0,Kokkupõrge,Valge aeg
2015-04-08 00:00:00,5,4,0,Tartu maakond,0,Ühesõidukiõnnetus,Valge aeg
2015-05-08 00:00:00,2,0,1,Tartu maakond,0,Kokkupõrge,Valge aeg
2015-06-08 00:00:00,1,0,1,Jõgeva maakond,0,Ühesõidukiõnnetus,Valge aeg
2015-06-08 00:00:00,1,0,1,Põlva maakond,0,Ühesõidukiõnnetus,Valge aeg
2015-09-08 00:00:00,1,0,1,Põlva maakond,0,Ühesõidukiõnnetus,Pimeda aeg
2015-09-08 00:00:00,2,1,1,Viljandi maakond,0,Ühesõidukiõnnetus,Pimeda aeg
2015-10-08 00:00:00,5,0,1,Harju maakond,0,Kokkupõrge,Valge aeg
2015-11-08 00:00:00,2,0,1,Võru maakond,0,Kokkupõrge,Valge aeg
2015-11-08 00:00:00,2,0,1,Võru maakond,0,Kokkupõrge,Pimeda aeg
2015-08-14 10:41:00,1,0,1,Valga maakond,0,Ühesõidukiõnnetus,Valge aeg
2015-08-15 05:30:00,6,0,5,Viljandi maakond,0,Ühesõidukiõnnetus,Valge aeg
2015-08-15 15:30:00,1,0,1,Võru maakond,0,Kokkupõrge,Valge aeg
2015-08-16 10:40:00,1,0,1,Valga maakond,1,Jalakäijaõnnetus,Valge aeg
2015-08-16 20:45:00,6,0,3,Võru maakond,0,Kokkupõrge,Valge aeg
2015-08-17 08:26:00,2,0,1,Harju maakond,0,Teadmata,Valge aeg
2015-08-17 13:28:00,1,0,1,Tartu maakond,0,Ühesõidukiõnnetus,Valge aeg
2015-08-17 13:35:00,1,0,1,Jõgeva maakond,0,Muu liiklusõnnetus,Valge aeg
2015-08-17 14:04:00,2,0,1,Tartu maakond,0,Kokkupõrge,Valge aeg
2015-08-18 12:40:00,2,0,1,Jõgeva maakond,0,Kokkupõrge,Valge aeg
2015-08-20 18:44:00,2,0,1,Tartu maakond,0,Muu liiklusõnnetus,Valge aeg
2015-08-21 13:06:00,2,0,1,Tartu maakond,1,Jalakäijaõnnetus,Valge aeg
2015-08-21 14:33:00,2,0,1,Harju maakond,1,Jalakäijaõnnetus,Valge aeg
2015-08-21 00:00:00,1,0,1,Põlva maakond,0,Ühesõidukiõnnetus,Valge aeg
2015-08-21 18:57:00,2,0,1,Tartu maakond,1,Jalakäijaõnnetus,Valge aeg
2015-08-22 00:00:00,1,0,1,Põlva maakond,0,Ühesõidukiõnnetus,Valge aeg
2015-08-23 01:50:00,1,0,1,Võru maakond,0,Ühesõidukiõnnetus,Pimeda aeg
2015-08-24 12:40:00,2,0,1,Viljandi maakond,0,Kokkupõrge,Valge aeg
2015-08-27 17:14:00,3,0,1,Tartu maakond,1,Jalakäijaõnnetus,Valge aeg
2015-08-29 18:40:00,1,0,1,Jõgeva maakond,0,Ühesõidukiõnnetus,Valge aeg
2015-08-30 16:50:00,3,0,2,Viljandi maakond,0,Kokkupõrge,Valge aeg
2015-08-30 11:30:00,1,0,2,Valga maakond,0,Ühesõidukiõnnetus,Valge aeg
2015-03-09 00:00:00,2,0,1,Tartu maakond,0,Kokkupõrge,Valge aeg
2015-04-09 00:00:00,3,0,2,Ida-Viru maakond,0,Ühesõidukiõnnetus,Pimeda aeg
2015-05-09 00:00:00,2,0,1,Tartu maakond,1,Jalakäijaõnnetus,Valge aeg
2015-08-09 00:00:00,1,0,1,Harju maakond,0,Teadmata,Valge aeg
2015-08-09 00:00:00,2,0,1,Võru maakond,1,Jalakäijaõnnetus,Valge aeg
2015-09-09 00:00:00,1,0,3,Põlva maakond,0,Ühesõidukiõnnetus,Pimeda aeg
2015-09-09 00:00:00,2,0,1,Tartu maakond,1,Jalakäijaõnnetus,Valge aeg
2015-10-09 00:00:00,3,0,1,Harju maakond,0,Kokkupõrge,Valge aeg
2015-11-09 00:00:00,2,0,1,Jõgeva maakond,1,Jalakäijaõnnetus,Valge aeg
2015-11-09 00:00:00,2,0,1,Tartu maakond,0,Kokkupõrge,Pimeda aeg
2015-09-14 12:29:00,2,0,1,Tartu maakond,0,Kokkupõrge,Valge aeg
2015-09-14 15:29:00,2,0,1,Tartu maakond,1,Jalakäijaõnnetus,Valge aeg
2015-09-16 12:30:00,2,0,1,Tartu maakond,0,Kokkupõrge,Valge aeg
2015-09-19 05:34:00,2,1,0,Võru maakond,0,Ühesõidukiõnnetus,Pimeda aeg
2015-09-19 14:30:00,2,0,1,Võru maakond,0,Kokkupõrge,Valge aeg
2015-09-21 18:03:00,2,0,1,Viljandi maakond,1,Jalakäijaõnnetus,Valge aeg
2015-09-22 15:25:00,1,0,1,Tartu maakond,0,Ühesõidukiõnnetus,Valge aeg
2015-09-23 09:40:00,2,0,1,Põlva maakond,1,Jalakäijaõnnetus,Valge aeg
2015-09-24 16:50:00,2,0,1,Tartu maakond,0,Muu liiklusõnnetus,Valge aeg
2015-09-25 11:03:00,2,0,2,Põlva maakond,0,Kokkupõrge,Valge aeg
2015-09-25 16:46:00,2,0,1,Harju maakond,0,Kokkupõrge,Valge aeg
2015-09-26 22:20:00,2,0,1,Viljandi maakond,0,Ühesõidukiõnnetus,Pimeda aeg
2015-09-27 02:03:00,1,0,1,Viljandi maakond,0,Ühesõidukiõnnetus,Pimeda aeg
2015-09-27 05:43:00,1,0,1,Jõgeva maakond,0,Ühesõidukiõnnetus,Pimeda aeg
2015-09-29 22:03:00,2,0,1,Tartu maakond,0,Ühesõidukiõnnetus,Pimeda aeg
2015-09-30 13:40:00,2,0,1,Tartu maakond,0,Kokkupõrge,Valge aeg
2015-02-10 00:00:00,2,0,1,Harju maakond,1,Jalakäijaõnnetus,Valge aeg
2015-02-10 00:00:00,2,0,1,Tartu maakond,1,Jalakäijaõnnetus,Valge aeg
2015-02-10 00:00:00,2,1,0,Viljandi maakond,0,Muu liiklusõnnetus,Valge aeg
2015-03-10 00:00:00,1,0,1,Ida-Viru maakond,1,Jalakäijaõnnetus,Pimeda aeg
2015-06-10 00:00:00,3,0,3,Harju maakond,0,Kokkupõrge,Valge aeg
2015-11-10 00:00:00,1,0,1,Viljandi maakond,0,Ühesõidukiõnnetus,Valge aeg
2015-10-13 12:50:00,1,0,1,Tartu maakond,0,Ühesõidukiõnnetus,Valge aeg
2015-10-13 20:50:00,1,0,1,Tartu maakond,0,Muu liiklusõnnetus,Pimeda aeg
2015-10-15 18:22:00,1,0,1,Tartu maakond,0,Ühesõidukiõnnetus,Valge aeg
2015-10-16 08:04:00,3,0,2,Harju maakond,1,Jalakäijaõnnetus,Valge aeg
2015-10-16 20:00:00,2,0,1,Põlva maakond,0,Kokkupõrge,Pimeda aeg
2015-10-17 11:08:00,2,0,1,Võru maakond,0,Ühesõidukiõnnetus,Valge aeg
2015-10-18 00:00:00,1,0,1,Tartu maakond,0,Ühesõidukiõnnetus,Pimeda aeg
2015-10-21 12:34:00,2,0,1,Tartu maakond,1,Jalakäijaõnnetus,Valge aeg
2015-10-24 11:07:00,5,0,4,Tartu maakond,0,Kokkupõrge,Valge aeg
2015-10-24 17:20:00,1,0,1,Viljandi maakond,0,Ühesõidukiõnnetus,Valge aeg
2015-10-28 09:04:00,2,0,1,Tartu maakond,0,Kokkupõrge,Valge aeg
2015-10-29 09:19:00,2,0,1,Tartu maakond,0,Muu liiklusõnnetus,Valge aeg
2015-10-30 17:41:00,2,0,2,Harju maakond,0,Muu liiklusõnnetus,Pimeda aeg
2015-03-11 00:00:00,1,0,1,Tartu maakond,0,Ühesõidukiõnnetus,Valge aeg
2015-06-11 00:00:00,2,0,1,Võru maakond,0,Kokkupõrge,Valge aeg
2015-07-11 00:00:00,2,0,1,Harju maakond,1,Jalakäijaõnnetus,Pimeda aeg
2015-09-11 00:00:00,2,1,0,Harju maakond,1,Jalakäijaõnnetus,Pimeda aeg
2015-10-11 00:00:00,2,0,1,Tartu maakond,1,Jalakäijaõnnetus,Pimeda aeg
2015-11-11 00:00:00,3,0,3,Jõgeva maakond,0,Ühesõidukiõnnetus,Pimeda aeg
2015-12-11 00:00:00,2,0,1,Harju maakond,0,Kokkupõrge,Valge aeg
2015-12-11 00:00:00,2,0,1,Tartu maakond,0,Muu liiklusõnnetus,Valge aeg
2015-12-11 00:00:00,2,0,1,Tartu maakond,0,Kokkupõrge,Pimeda aeg
2015-11-13 11:30:00,2,0,1,Harju maakond,1,Jalakäijaõnnetus,Valge aeg
2015-11-14 14:37:00,2,0,1,Tartu maakond,0,Ühesõidukiõnnetus,Valge aeg
2015-11-14 16:30:00,4,0,2,Rapla maakond,0,Ühesõidukiõnnetus,Pimeda aeg
2015-11-15 19:05:00,2,0,2,Võru maakond,0,Kokkupõrge,Pimeda aeg
2015-11-16 10:12:00,1,0,1,Viljandi maakond,0,Ühesõidukiõnnetus,Valge aeg
2015-11-16 13:01:00,2,0,1,Tartu maakond,0,Kokkupõrge,Valge aeg
2015-11-18 08:05:00,3,0,1,Harju maakond,0,Kokkupõrge,Valge aeg
2015-11-18 17:15:00,2,0,1,Tartu maakond,1,Jalakäijaõnnetus,Pimeda aeg
2015-11-20 13:12:00,2,0,1,Võru maakond,1,Jalakäijaõnnetus,Valge aeg
2015-11-21 04:51:00,2,0,1,Ida-Viru maakond,0,Ühesõidukiõnnetus,Pimeda aeg
2015-11-23 11:44:00,2,1,0,Tartu maakond,1,Jalakäijaõnnetus,Valge aeg
2015-11-24 14:45:00,2,0,1,Harju maakond,1,Jalakäijaõnnetus,Valge aeg
2015-11-26 10:28:00,2,0,1,Tartu maakond,0,Muu liiklusõnnetus,Valge aeg
2015-11-29 15:20:00,4,0,3,Valga maakond,0,Kokkupõrge,Valge aeg
2015-11-30 08:34:00,2,0,1,Harju maakond,1,Jalakäijaõnnetus,Valge aeg
2015-11-30 21:10:00,4,0,3,Viljandi maakond,0,Ühesõidukiõnnetus,Pimeda aeg
2015-03-12 00:00:00,1,0,1,Viljandi maakond,0,Ühesõidukiõnnetus,Valge aeg
2015-03-12 00:00:00,2,0,1,Võru maakond,1,Jalakäijaõnnetus,Pimeda aeg
2015-05-12 00:00:00,4,0,1,Võru maakond,0,Kokkupõrge,Pimeda aeg
2015-05-12 00:00:00,2,0,1,Ida-Viru maakond,1,Jalakäijaõnnetus,Pimeda aeg
2015-08-12 00:00:00,3,0,2,Tartu maakond,0,Kokkupõrge,Valge aeg
2015-08-12 00:00:00,2,0,1,Tartu maakond,1,Jalakäijaõnnetus,Valge aeg
2015-08-12 00:00:00,3,1,1,Jõgeva maakond,0,Kokkupõrge,Pimeda aeg
2015-09-12 00:00:00,3,0,3,Harju maakond,0,Kokkupõrge,Pimeda aeg
2015-10-12 00:00:00,2,0,1,Põlva maakond,0,Ühesõidukiõnnetus,Pimeda aeg
2015-10-12 00:00:00,2,0,1,Ida-Viru maakond,1,Jalakäijaõnnetus,Pimeda aeg
2015-11-12 00:00:00,2,0,1,Harju maakond,1,Jalakäijaõnnetus,Valge aeg
2015-11-12 00:00:00,2,0,1,Harju maakond,1,Ühesõidukiõnnetus,Pimeda aeg
2015-12-12 00:00:00,2,1,0,Tartu maakond,1,Jalakäijaõnnetus,Pimeda aeg
2015-12-14 18:27:00,3,0,2,Põlva maakond,1,Jalakäijaõnnetus,Pimeda aeg
2015-12-15 07:35:00,2,0,2,Võru maakond,0,Ühesõidukiõnnetus,Pimeda aeg
2015-12-16 08:04:00,2,0,1,Tartu maakond,1,Jalakäijaõnnetus,Pimeda aeg
2015-12-16 10:15:00,2,0,1,Harju maakond,0,Muu liiklusõnnetus,Valge aeg