date,persons_involved,killed,injured,county,pedestrian_involved,accident_type,light_conditions
2015-12-17 01:10:00,2,0,1,Tartu maakond,0,Kokkupõrge,Pimeda aeg
2015-12-18 16:20:00,2,0,1,Harju maakond,1,Jalakäijaõnnetus,Pimeda aeg
2015-12-21 15:41:00,3,0,2,Rapla maakond,0,Kokkupõrge,Valge aeg
2015-12-21 16:41:00,2,0,1,Tartu maakond,1,Jalakäijaõnnetus,Valge aeg
2015-12-22 16:47:00,3,0,1,Tartu maakond,1,Kokkupõrge,Pimeda aeg
2015-12-22 18:43:00,2,0,1,Tartu maakond,0,Kokkupõrge,Pimeda aeg
2015-12-23 16:53:00,3,0,2,Tartu maakond,0,Kokkupõrge,Pimeda aeg
2015-12-25 04:30:00,2,0,1,Võru maakond,0,Ühesõidukiõnnetus,Pimeda aeg
2015-12-27 12:02:00,2,0,1,Tartu maakond,0,Kokkupõrge,Valge aeg
2015-12-30 13:59:00,2,0,1,Tartu maakond,0,Kokkupõrge,Valge aeg
2016-03-01 00:00:00,1,0,1,Jõgeva maakond,0,Ühesõidukiõnnetus,Valge aeg
2016-05-01 00:00:00,2,0,1,Tartu maakond,0,Kokkupõrge,Valge aeg
2016-06-01 00:00:00,2,0,1,Võru maakond,0,Kokkupõrge,Valge aeg
2016-06-01 00:00:00,2,0,1,Valga maakond,0,Kokkupõrge,Valge aeg
2016-10-01 00:00:00,10,0,5,Viljandi maakond,0,Kokkupõrge,Pimeda aeg
2016-12-01 00:00:00,3,0,1,Tartu maakond,1,Jalakäijaõnnetus,Pimeda aeg
2016-12-01 00:00:00,2,0,1,Tartu maakond,1,Jalakäijaõnnetus,Pimeda aeg
2016-12-01 00:00:00,2,0,1,Tartu maakond,1,Jalakäijaõnnetus,Pimeda aeg
2016-01-13 07:55:00,2,0,1,Valga maakond,1,Jalakäijaõnnetus,Pimeda aeg
2016-01-13 16:20:00,2,0,1,Võru maakond,1,Jalakäijaõnnetus,Pimeda aeg
2016-01-14 02:00:00,2,0,1,Võru maakond,0,Ühesõidukiõnnetus,Pimeda aeg
2016-01-15 10:55:00,5,0,4,Tartu maakond,0,Muu liiklusõnnetus,Valge aeg
2016-01-15 19:30:00,3,0,1,Järva maakond,0,Kokkupõrge,Pimeda aeg
2016-01-16 14:30:00,1,0,1,Võru maakond,0,Ühesõidukiõnnetus,Valge aeg
2016-01-17 17:01:00,2,0,1,Võru maakond,0,Ühesõidukiõnnetus,Pimeda aeg
2016-01-18 06:15:00,2,1,1,Jõgeva maakond,0,Kokkupõrge,Pimeda aeg
2016-01-18 14:44:00,6,0,3,Tartu maakond,0,Kokkupõrge,Valge aeg
2016-01-24 17:23:00,3,0,1,Valga maakond,0,Kokkupõrge,Pimeda aeg
2016-01-26 08:03:00,2,0,1,Tartu maakond,0,Kokkupõrge,Valge aeg
2016-01-26 13:20:00,1,0,1,Põlva maakond,0,Ühesõidukiõnnetus,Valge aeg
2016-01-27 17:45:00,2,0,1,Harju maakond,1,Jalakäijaõnnetus,Pimeda aeg
2016-01-28 09:57:00,1,0,1,Viljandi maakond,0,Ühesõidukiõnnetus,Valge aeg
2016-01-30 07:20:00,4,1,2,Tartu maakond,0,Kokkupõrge,Valge aeg
2016-01-30 08:22:00,1,0,1,Tartu maakond,0,Ühesõidukiõnnetus,Valge aeg
2016-01-30 19:04:00,2,0,1,Harju maakond,1,Jalakäijaõnnetus,Pimeda aeg
2016-01-31 14:13:00,1,0,1,Põlva maakond,0,Ühesõidukiõnnetus,Valge aeg
2016-02-02 00:00:00,1,0,1,Jõgeva maakond,0,Ühesõidukiõnnetus,Pimeda aeg
2016-03-02 00:00:00,2,0,1,Ida-Viru maakond,1,Jalakäijaõnnetus,Pimeda aeg
2016-05-02 00:00:00,7,1,4,Tartu maakond,0,Kokkupõrge,Pimeda aeg
2016-07-02 00:00:00,1,0,1,Harju maakond,1,Jalakäijaõnnetus,Valge aeg
2016-07-02 00:00:00,2,0,1,Tartu maakond,0,Ühesõidukiõnnetus,Valge aeg
2016-09-02 00:00:00,2,0,1,Tartu maakond,0,Muu liiklusõnnetus,Valge aeg
2016-10-02 00:00:00,2,0,1,Harju maakond,1,Jalakäijaõnnetus,Pimeda aeg
2016-10-02 00:00:00,2,0,1,Jõgeva maakond,1,Jalakäijaõnnetus,Pimeda aeg
2016-11-02 00:00:00,2,0,1,Võru maakond,1,Jalakäijaõnnetus,Pimeda aeg
2016-02-13 20:07:00,1,0,1,Tartu maakond,0,Ühesõidukiõnnetus,Pimeda aeg
2016-02-13 23:25:00,2,0,1,Jõgeva maakond,0,Ühesõidukiõnnetus,Pimeda aeg
2016-02-15 07:30:00,2,0,1,Valga maakond,1,Jalakäijaõnnetus,Valge aeg
2016-02-15 08:23:00,1,0,1,Tartu maakond,0,Ühesõidukiõnnetus,Valge aeg
2016-02-17 16:28:00,3,0,3,Tartu maakond,0,Ühesõidukiõnnetus,Valge aeg
2016-02-19 13:37:00,1,0,1,Jõgeva maakond,0,Ühesõidukiõnnetus,Valge aeg
2016-02-20 19:40:00,4,0,1,Viljandi maakond,0,Kokkupõrge,Pimeda aeg
2016-02-28 11:20:00,2,0,1,Tartu maakond,0,Kokkupõrge,Valge aeg
2016-02-29 07:41:00,5,0,3,Tartu maakond,1,Kokkupõrge,Valge aeg
2016-02-29 16:57:00,2,0,1,Tartu maakond,0,Kokkupõrge,Valge aeg
2016-01-03 00:00:00,2,1,0,Tartu maakond,1,Jalakäijaõnnetus,Pimeda aeg
2016-12-03 00:00:00,2,0,1,Jõgeva maakond,1,Jalakäijaõnnetus,Valge aeg
2016-03-16 16:25:00,2,0,1,Harju maakond,0,Muu liiklusõnnetus,Valge aeg
2016-03-18 21:10:00,2,0,1,Jõgeva maakond,0,Kokkupõrge,Pimeda aeg
2016-03-20 06:19:00,1,0,1,Põlva maakond,0,Ühesõidukiõnnetus,Valge aeg
2016-03-21 09:46:00,3,0,1,Tartu maakond,1,Jalakäijaõnnetus,Valge aeg
2016-03-21 19:35:00,2,0,1,Jõgeva maakond,0,Muu liiklusõnnetus,Pimeda aeg
2016-03-23 13:14:00,2,0,1,Tartu maakond,1,Jalakäijaõnnetus,Valge aeg
2016-03-24 23:15:00,2,0,1,Harju maakond,0,Kokkupõrge,Pimeda aeg
2016-03-28 17:13:00,3,0,1,Harju maakond,0,Kokkupõrge,Valge aeg
2016-03-28 23:51:00,3,0,2,Tartu maakond,0,Kokkupõrge,Pimeda aeg
2016-03-29 17:30:00,1,0,1,Tartu maakond,0,Ühesõidukiõnnetus,Valge aeg
2016-03-29 23:12:00,2,0,1,Võru maakond,1,Jalakäijaõnnetus,Pimeda aeg
2016-03-31 14:50:00,2,0,1,Tartu maakond,1,Jalakäijaõnnetus,Valge aeg
2016-02-04 00:00:00,4,0,4,Valga maakond,0,Ühesõidukiõnnetus,Valge aeg
2016-02-04 00:00:00,1,0,1,Tartu maakond,0,Ühesõidukiõnnetus,Valge aeg
2016-03-04 00:00:00,3,0,2,Tartu maakond,0,Ühesõidukiõnnetus,Pimeda aeg
2016-04-04 00:00:00,2,0,1,Tartu maakond,1,Jalakäijaõnnetus,Valge aeg
2016-04-04 00:00:00,3,0,1,Tartu maakond,0,Muu liiklusõnnetus,Valge aeg
2016-06-04 00:00:00,2,0,1,Harju maakond,0,Ühesõidukiõnnetus,Valge aeg
2016-08-04 00:00:00,2,0,1,Viljandi maakond,0,Ühesõidukiõnnetus,Pimeda aeg
2016-08-04 00:00:00,2,0,1,Tartu maakond,0,Kokkupõrge,Valge aeg
2016-08-04 00:00:00,2,0,1,Tartu maakond,0,Kokkupõrge,Valge aeg
2016-08-04 00:00:00,3,0,1,Valga maakond,0,Kokkupõrge,Valge aeg
2016-09-04 00:00:00,2,0,1,Tartu maakond,0,Kokkupõrge,Valge aeg
2016-10-04 00:00:00,2,0,1,Harju maakond,1,Jalakäijaõnnetus,Valge aeg
2016-11-04 00:00:00,2,0,1,Tartu maakond,0,Muu liiklusõnnetus,Valge aeg
2016-12-04 00:00:00,2,0,1,Harju maakond,1,Jalakäijaõnnetus,Valge aeg
2016-12-04 00:00:00,2,0,1,Viljandi maakond,1,Jalakäijaõnnetus,Valge aeg
2016-04-14 16:05:00,2,0,1,Ida-Viru maakond,1,Jalakäijaõnnetus,Valge aeg
2016-04-18 12:28:00,2,0,1,Ida-Viru maakond,1,Jalakäijaõnnetus,Valge aeg
2016-04-19 16:10:00,1,0,1,Ida-Viru maakond,0,Ühesõidukiõnnetus,Valge aeg
2016-04-20 15:00:00,4,0,4,Harju maakond,0,Ühesõidukiõnnetus,Valge aeg
2016-04-21 16:21:00,3,0,1,Tartu maakond,0,Kokkupõrge,Valge aeg
2016-04-24 13:40:00,2,0,1,Lääne-Viru maakond,0,Kokkupõrge,Valge aeg
2016-04-26 18:19:00,2,0,1,Tartu maakond,0,Muu liiklusõnnetus,Valge aeg
2016-04-29 11:30:00,1,0,1,Valga maakond,0,Ühesõidukiõnnetus,Valge aeg
2016-01-05 00:00:00,1,0,1,Tartu maakond,0,Ühesõidukiõnnetus,Valge aeg
2016-03-05 00:00:00,2,0,1,Ida-Viru maakond,1,Jalakäijaõnnetus,Valge aeg
2016-03-05 00:00:00,2,0,1,Harju maakond,1,Jalakäijaõnnetus,Valge aeg
2016-04-05 00:00:00,3,0,3,Põlva maakond,0,Kokkupõrge,Valge aeg
2016-05-05 00:00:00,1,0,1,Põlva maakond,0,Ühesõidukiõnnetus,Valge aeg
2016-07-05 00:00:00,1,0,1,Võru maakond,0,Ühesõidukiõnnetus,Valge aeg
2016-07-05 00:00:00,2,0,1,Harju maakond,0,Muu liiklusõnnetus,Valge aeg
2016-07-05 00:00:00,2,0,1,Viljandi maakond,0,Ühesõidukiõnnetus,Pimeda aeg
2016-08-05 00:00:00,2,0,1,Tartu maakond,0,Kokkupõrge,Pimeda aeg
2016-09-05 00:00:00,2,0,2,Võru maakond,0,Ühesõidukiõnnetus,Valge aeg
2016-10-05 00:00:00,2,0,1,Viljandi maakond,0,Muu liiklusõnnetus,Valge aeg
2016-10-05 00:00:00,2,0,1,Harju maakond,1,Jalakäijaõnnetus,Valge aeg
2016-11-05 00:00:00,2,0,1,Harju maakond,1,Jalakäijaõnnetus,Pimeda aeg
2016-12-05 00:00:00,2,0,1,Harju maakond,1,Jalakäijaõnnetus,Valge aeg
2016-12-05 00:00:00,3,1,0,Valga maakond,0,Kokkupõrge,Valge aeg
2016-12-05 00:00:00,2,0,1,Tartu maakond,0,Kokkupõrge,Valge aeg
2016-05-13 01:08:00,2,0,1,Tartu maakond,0,Kokkupõrge,Pimeda aeg
2016-05-13 08:57:00,3,0,2,Harju maakond,0,Kokkupõrge,Valge aeg
2016-05-13 17:39:00,2,0,1,Tartu maakond,1,Jalakäijaõnnetus,Valge aeg
2016-05-17 07:40:00,2,0,1,Tartu maakond,0,Kokkupõrge,Valge aeg
2016-05-17 17:20:00,4,0,3,Põlva maakond,0,Kokkupõrge,Valge aeg
2016-05-19 18:10:00,2,0,1,Võru maakond,1,Jalakäijaõnnetus,Valge aeg
2016-05-20 07:05:00,3,0,1,Harju maakond,0,Kokkupõrge,Valge aeg
2016-05-20 09:10:00,1,0,1,Valga maakond,0,Ühesõidukiõnnetus,Valge aeg
2016-05-20 18:25:00,3,0,2,Põlva maakond,0,Kokkupõrge,Valge aeg
2016-05-21 23:11:00,2,0,1,Harju maakond,1,Jalakäijaõnnetus,Pimeda aeg
2016-05-24 07:53:00,2,0,1,Valga maakond,0,Kokkupõrge,Valge aeg
2016-05-24 15:27:00,2,0,2,Võru maakond,0,Kokkupõrge,Valge aeg
2016-05-24 16:51:00,2,0,1,Harju maakond,0,Kokkupõrge,Valge aeg
2016-05-25 10:25:00,2,0,2,Jõgeva maakond,0,Ühesõidukiõnnetus,Valge aeg
2016-05-26 17:17:00,1,0,1,Tartu maakond,0,Ühesõidukiõnnetus,Valge aeg
2016-05-27 08:04:00,2,0,1,Tartu maakond,0,Kokkupõrge,Valge aeg
2016-05-27 15:16:00,2,0,1,Tartu maakond,0,Muu liiklusõnnetus,Valge aeg
2016-05-27 18:41:00,2,0,1,Tartu maakond,0,Ühesõidukiõnnetus,Valge aeg
2016-05-27 19:50:00,2,0,1,Ida-Viru maakond,0,Kokkupõrge,Valge aeg
2016-05-28 18:51:00,1,0,1,Tartu maakond,0,Muu liiklusõnnetus,Valge aeg
2016-05-31 12:18:00,2,0,1,Tartu maakond,0,Kokkupõrge,Valge aeg
2016-01-06 00:00:00,3,0,1,Harju maakond,0,Kokkupõrge,Valge aeg
2016-01-06 00:00:00,1,0,1,Põlva maakond,0,Ühesõidukiõnnetus,Valge aeg
2016-01-06 00:00:00,3,0,2,Valga maakond,0,Kokkupõrge,Valge aeg
2016-02-06 00:00:00,2,0,1,Harju maakond,1,Jalakäijaõnnetus,Valge aeg
2016-02-06 00:00:00,2,0,1,Tartu maakond,0,Kokkupõrge,Valge aeg
2016-02-06 00:00:00,5,0,3,Tartu maakond,0,Kokkupõrge,Valge aeg
2016-03-06 00:00:00,2,0,1,Valga maakond,1,Jalakäijaõnnetus,Valge aeg
2016-03-06 00:00:00,2,0,1,Ida-Viru maakond,1,Jalakäijaõnnetus,Valge aeg
2016-04-06 00:00:00,2,0,2,Tartu maakond,0,Kokkupõrge,Valge aeg
2016-04-06 00:00:00,1,0,1,Põlva maakond,0,Ühesõidukiõnnetus,Valge aeg
2016-07-06 00:00:00,2,0,1,Viljandi maakond,0,Muu liiklusõnnetus,Valge aeg
2016-07-06 00:00:00,3,0,2,Harju maakond,1,Jalakäijaõnnetus,Valge aeg
2016-07-06 00:00:00,3,0,1,Tartu maakond,0,Muu liiklusõnnetus,Valge aeg
2016-08-06 00:00:00,2,0,1,Põlva maakond,0,Kokkupõrge,Valge aeg
2016-09-06 00:00:00,1,0,1,Valga maakond,0,Ühesõidukiõnnetus,Valge aeg
2016-10-06 00:00:00,3,0,1,Tartu maakond,0,Kokkupõrge,Valge aeg
2016-12-06 00:00:00,1,1,0,Põlva maakond,0,Ühesõidukiõnnetus,Valge aeg
2016-12-06 00:00:00,2,0,1,Valga maakond,0,Ühesõidukiõnnetus,Valge aeg
2016-06-15 19:58:00,3,0,2,Ida-Viru maakond,0,Kokkupõrge,Valge aeg
2016-06-16 21:40:00,3,0,1,Ida-Viru maakond,1,Jalakäijaõnnetus,Valge aeg
2016-06-17 10:20:00,2,0,1,Valga maakond,1,Jalakäijaõnnetus,Valge aeg
2016-06-20 08:37:00,2,0,1,Tartu maakond,1,Jalakäijaõnnetus,Valge aeg
2016-06-20 11:11:00,2,0,1,Tartu maakond,0,Kokkupõrge,Valge aeg
2016-06-21 15:09:00,2,0,1,Tartu maakond,0,Kokkupõrge,Valge aeg
2016-06-22 03:40:00,2,0,1,Valga maakond,0,Ühesõidukiõnnetus,Valge aeg
2016-06-22 13:24:00,3,0,1,Tartu maakond,0,Kokkupõrge,Valge aeg
2016-06-23 10:59:00,1,0,1,Harju maakond,0,Ühesõidukiõnnetus,Valge aeg
2016-06-23 11:51:00,4,0,1,Jõgeva maakond,0,Kokkupõrge,Valge aeg
2016-06-23 17:12:00,3,0,2,Põlva maakond,0,Muu liiklusõnnetus,Valge aeg
2016-06-23 17:34:00,3,0,1,Valga maakond,0,Kokkupõrge,Valge aeg
2016-06-23 17:55:00,3,0,1,Tartu maakond,0,Kokkupõrge,Valge aeg
2016-06-24 12:20:00,2,0,1,Võru maakond,0,Kokkupõrge,Valge aeg
2016-06-24 23:25:00,1,0,1,Harju maakond,1,Jalakäijaõnnetus,Pimeda aeg
2016-06-25 04:03:00,3,0,2,Viljandi maakond,0,Ühesõidukiõnnetus,Valge aeg
2016-06-25 20:05:00,1,0,1,Põlva maakond,0,Muu liiklusõnnetus,Valge aeg
2016-06-26 04:41:00,1,0,1,Võru maakond,0,Ühesõidukiõnnetus,Valge aeg
2016-06-26 13:23:00,2,0,2,Tartu maakond,0,Ühesõidukiõnnetus,Valge aeg
2016-06-28 17:30:00,2,0,1,Lääne-Viru maakond,0,Kokkupõrge,Valge aeg
2016-06-28 19:35:00,3,0,1,Tartu maakond,0,Kokkupõrge,Valge aeg
2016-06-30 14:31:00,2,0,1,Viljandi maakond,1,Jalakäijaõnnetus,Valge aeg
2016-01-07 00:00:00,2,1,1,Võru maakond,0,Kokkupõrge,Valge aeg
2016-02-07 00:00:00,2,0,1,Põlva maakond,0,Muu liiklusõnnetus,Valge aeg
2016-02-07 00:00:00,2,0,1,Tartu maakond,0,Kokkupõrge,Valge aeg
2016-02-07 00:00:00,2,0,1,Võru maakond,1,Jalakäijaõnnetus,Valge aeg
2016-02-07 00:00:00,2,0,1,Tartu maakond,0,Kokkupõrge,Pimeda aeg
2016-05-07 00:00:00,2,0,2,Tartu maakond,0,Kokkupõrge,Valge aeg
2016-06-07 00:00:00,1,0,1,Tartu maakond,0,Ühesõidukiõnnetus,Valge aeg
2016-06-07 00:00:00,4,0,2,Ida-Viru maakond,0,Kokkupõrge,Valge aeg
2016-07-07 00:00:00,2,0,1,Viljandi maakond,1,Jalakäijaõnnetus,Valge aeg
2016-08-07 00:00:00,3,0,2,Tartu maakond,0,Kokkupõrge,Valge aeg
2016-09-07 00:00:00,2,0,2,Jõgeva maakond,0,Ühesõidukiõnnetus,Valge aeg
2016-10-07 00:00:00,2,0,1,Võru maakond,0,Ühesõidukiõnnetus,Valge aeg
2016-10-07 00:00:00,2,0,1,Valga maakond,0,Kokkupõrge,Valge aeg
2016-11-07 00:00:00,3,0,2,Viljandi maakond,1,Jalakäijaõnnetus,Valge aeg
2016-07-13 18:55:00,1,0,1,Valga maakond,0,Ühesõidukiõnnetus,Valge aeg
2016-07-14 15:18:00,3,1,2,Jõgeva maakond,0,Kokkupõrge,Valge aeg
2016-07-15 00:55:00,1,1,0,Tartu maakond,0,Ühesõidukiõnnetus,Pimeda aeg
2016-07-15 18:08:00,3,0,2,Tartu maakond,0,Ühesõidukiõnnetus,Valge aeg
2016-07-17 18:05:00,2,0,2,Võru maakond,0,Ühesõidukiõnnetus,Valge aeg
2016-07-18 17:31:00,2,0,1,Võru maakond,1,Jalakäijaõnnetus,Valge aeg
2016-07-19 00:00:00,1,1,0,Võru maakond,0,Ühesõidukiõnnetus,Valge aeg
2016-07-20 22:14:00,1,0,1,Valga maakond,0,Muu liiklusõnnetus,Valge aeg
2016-07-21 15:09:00,1,0,1,Tartu maakond,0,Ühesõidukiõnnetus,Valge aeg
2016-07-22 12:36:00,1,0,1,Valga maakond,0,Ühesõidukiõnnetus,Valge aeg
2016-07-25 12:29:00,3,0,2,Tartu maakond,0,Kokkupõrge,Valge aeg
2016-07-25 12:34:00,4,0,3,Tartu maakond,0,Kokkupõrge,Valge aeg
2016-07-25 17:18:00,3,0,1,Valga maakond,0,Kokkupõrge,Valge aeg
2016-07-25 21:30:00,2,0,2,Tartu maakond,0,Muu liiklusõnnetus,Valge aeg
2016-07-26 12:45:00,1,0,1,Tartu maakond,0,Ühesõidukiõnnetus,Valge aeg
2016-07-27 17:28:00,3,0,1,Tartu maakond,0,Kokkupõrge,Valge aeg
2016-07-29 20:33:00,5,0,2,Tartu maakond,0,Kokkupõrge,Valge aeg
2016-07-30 07:49:00,4,0,3,Valga maakond,0,Kokkupõrge,Valge aeg
2016-07-30 19:00:00,1,0,1,Jõgeva maakond,0,Ühesõidukiõnnetus,Valge aeg
2016-07-31 13:43:00,1,0,1,Tartu maakond,0,Ühesõidukiõnnetus,Valge aeg
2016-07-31 15:28:00,3,0,2,Viljandi maakond,0,Kokkupõrge,Valge aeg
2016-04-08 00:00:00,2,0,1,Tartu maakond,0,Kokkupõrge,Valge aeg
2016-06-08 00:00:00,1,0,1,Valga maakond,0,Ühesõidukiõnnetus,Valge aeg
2016-08-08 00:00:00,2,0,1,Tartu maakond,0,Kokkupõrge,Valge aeg
2016-08-08 00:00:00,3,0,3,Võru maakond,0,Kokkupõrge,Valge aeg
2016-08-08 00:00:00,1,0,1,Võru maakond,0,Ühesõidukiõnnetus,Valge aeg
2016-09-08 00:00:00,2,0,2,Põlva maakond,0,Ühesõidukiõnnetus,Valge aeg
2016-10-08 00:00:00,2,0,1,Valga maakond,1,Jalakäijaõnnetus,Valge aeg
2016-11-08 00:00:00,2,0,1,Jõgeva maakond,0,Kokkupõrge,Valge aeg
2016-12-08 00:00:00,1,0,1,Jõgeva maakond,0,Ühesõidukiõnnetus,Valge aeg
2016-12-08 00:00:00,2,0,1,Tartu maakond,0,Muu liiklusõnnetus,Valge aeg
2016-12-08 00:00:00,2,0,1,Tartu maakond,0,Kokkupõrge,Valge aeg
2016-12-08 00:00:00,2,0,1,Võru maakond,0,Kokkupõrge,Valge aeg
2016-08-16 01:42:00,2,0,1,Jõgeva maakond,0,Kokkupõrge,Pimeda aeg
2016-08-16 01:42:00,1,0,1,Valga maakond,0,Ühesõidukiõnnetus,Pimeda aeg
2016-08-17 12:47:00,2,0,1,Tartu maakond,0,Kokkupõrge,Valge aeg
2016-08-17 15:53:00,3,0,1,Tartu maakond,0,Kokkupõrge,Valge aeg
2016-08-19 19:45:00,2,0,1,Tartu maakond,0,Kokkupõrge,Valge aeg
2016-08-20 13:28:00,5,0,2,Tartu maakond,0,Ühesõidukiõnnetus,Valge aeg
2016-08-23 10:31:00,2,0,1,Valga maakond,0,Kokkupõrge,Valge aeg
2016-08-25 11:48:00,2,0,1,Tartu maakond,0,Kokkupõrge,Valge aeg
2016-08-27 23:10:00,2,0,1,Võru maakond,0,Kokkupõrge,Pimeda aeg
2016-08-29 18:33:00,2,0,1,Tartu maakond,0,Muu liiklusõnnetus,Valge aeg
2016-08-29 19:20:00,1,0,1,Viljandi maakond,0,Ühesõidukiõnnetus,Valge aeg
2016-08-31 09:20:00,2,0,1,Ida-Viru maakond,1,Jalakäijaõnnetus,Valge aeg
2016-08-31 09:30:00,2,0,1,Tartu maakond,0,Kokkupõrge,Valge aeg
2016-05-31 16:38:00,2,0,1,Võru maakond,0,Kokkupõrge,Valge aeg
2016-03-09 00:00:00,1,0,1,Viljandi maakond,0,Ühesõidukiõnnetus,Pimeda aeg
2016-06-09 00:00:00,2,0,1,Tartu maakond,0,Kokkupõrge,Valge aeg
2016-06-09 00:00:00,1,0,1,Tartu maakond,0,Ühesõidukiõnnetus,Valge aeg
2016-07-09 00:00:00,3,0,1,Viljandi maakond,0,Muu liiklusõnnetus,Valge aeg
2016-09-09 00:00:00,2,0,1,Tartu maakond,0,Ühesõidukiõnnetus,Valge aeg
2016-09-09 00:00:00,2,0,1,Valga maakond,0,Kokkupõrge,Pimeda aeg
2016-08-09 00:00:00,1,0,1,Tartu maakond,1,Jalakäijaõnnetus,Valge aeg
2016-10-09 00:00:00,1,0,1,Jõgeva maakond,0,Ühesõidukiõnnetus,Pimeda aeg
2016-11-09 00:00:00,2,0,1,Tartu maakond,0,Kokkupõrge,Valge aeg
2016-09-13 08:18:00,2,0,1,Tartu maakond,0,Kokkupõrge,Valge aeg
2016-09-13 16:16:00,2,0,1,Tartu maakond,0,Ühesõidukiõnnetus,Valge aeg
2016-09-13 18:35:00,1,0,1,Tartu maakond,1,Jalakäijaõnnetus,Valge aeg
2016-09-14 19:18:00,2,0,1,Tartu maakond,0,Kokkupõrge,Valge aeg
2016-09-15 00:00:00,2,0,2,Võru maakond,0,Ühesõidukiõnnetus,Valge aeg
2016-09-15 11:55:00,2,0,1,Tartu maakond,0,Kokkupõrge,Valge aeg
2016-09-15 14:49:00,2,0,1,Tartu maakond,0,Kokkupõrge,Valge aeg
2016-09-17 16:18:00,3,0,1,Võru maakond,0,Kokkupõrge,Valge aeg
2016-09-19 10:09:00,1,0,1,Tartu maakond,1,Jalakäijaõnnetus,Valge aeg
2016-09-21 07:49:00,2,0,1,Võru maakond,0,Kokkupõrge,Valge aeg
2016-09-21 12:31:00,1,0,1,Põlva maakond,0,Muu liiklusõnnetus,Valge aeg
2016-09-23 19:29:00,1,0,1,Põlva maakond,0,Ühesõidukiõnnetus,Pimeda aeg
2016-09-24 19:35:00,1,0,1,Võru maakond,1,Jalakäijaõnnetus,Pimeda aeg
2016-09-25 14:58:00,2,0,1,Tartu maakond,0,Kokkupõrge,Valge aeg
2016-09-25 15:00:00,1,0,1,Võru maakond,0,Ühesõidukiõnnetus,Valge aeg
2016-09-25 18:10:00,1,0,1,Valga maakond,0,Ühesõidukiõnnetus,Valge aeg
2016-09-26 08:47:00,2,0,1,Tartu maakond,0,Kokkupõrge,Valge aeg
2016-09-30 15:49:00,2,0,1,Tartu maakond,0,Kokkupõrge,Valge aeg
2016-09-30 21:27:00,2,0,1,Põlva maakond,0,Kokkupõrge,Pimeda aeg
2016-03-10 00:00:00,2,0,2,Tartu maakond,0,Kokkupõrge,Valge aeg
2016-04-10 00:00:00,1,0,1,Tartu maakond,0,Ühesõidukiõnnetus,Valge aeg
2016-04-10 00:00:00,1,0,1,Võru maakond,0,Ühesõidukiõnnetus,Valge aeg
2016-04-10 00:00:00,1,0,1,Jõgeva maakond,0,Ühesõidukiõnnetus,Pimeda aeg
2016-06-10 00:00:00,2,0,1,Tartu maakond,0,Ühesõidukiõnnetus,Valge aeg
2016-06-10 00:00:00,2,0,1,Tartu maakond,1,Jalakäijaõnnetus,Valge aeg
2016-06-10 00:00:00,2,1,0,Tartu maakond,1,Jalakäijaõnnetus,Pimeda aeg
2016-08-10 00:00:00,3,0,2,Valga maakond,1,Jalakäijaõnnetus,Pimeda aeg
2016-09-10 00:00:00,1,0,1,Tartu maakond,0,Ühesõidukiõnnetus,Pimeda aeg
2016-09-10 00:00:00,2,0,1,Viljandi maakond,0,Kokkupõrge,Valge aeg
2016-09-10 00:00:00,2,1,1,Viljandi maakond,0,Ühesõidukiõnnetus,Pimeda aeg
2016-11-10 00:00:00,3,0,1,Tartu maakond,0,Kokkupõrge,Valge aeg
2016-12-10 00:00:00,2,0,1,Viljandi maakond,0,Ühesõidukiõnnetus,Valge aeg
2016-10-15 05:08:00,3,0,2,Võru maakond,0,Ühesõidukiõnnetus,Pimeda aeg
2016-10-15 05:00:00,1,0,1,Põlva maakond,0,Ühesõidukiõnnetus,Pimeda aeg
2016-10-15 23:11:00,2,0,2,Valga maakond,0,Ühesõidukiõnnetus,Pimeda aeg
2016-10-16 16:10:00,1,0,1,Põlva maakond,0,Ühesõidukiõnnetus,Valge aeg
2016-10-20 18:29:00,2,1,0,Tartu maakond,0,Kokkupõrge,Pimeda aeg
2016-10-21 05:52:00,2,0,1,Tartu maakond,0,Kokkupõrge,Pimeda aeg
2016-10-22 02:36:00,1,1,0,Võru maakond,0,Ühesõidukiõnnetus,Pimeda aeg
2016-10-25 08:05:00,1,0,1,Valga maakond,0,Ühesõidukiõnnetus,Valge aeg
2016-10-27 12:44:00,2,0,1,Valga maakond,1,Jalakäijaõnnetus,Valge aeg
2016-10-28 06:06:00,2,0,1,Tartu maakond,0,Kokkupõrge,Pimeda aeg
2016-10-30 14:37:00,3,0,3,Tartu maakond,0,Kokkupõrge,Valge aeg
2016-10-30 19:20:00,1,0,1,Valga maakond,0,Ühesõidukiõnnetus,Pimeda aeg
2016-10-31 20:40:00,4,0,3,Lääne-Viru maakond,0,Kokkupõrge,Pimeda aeg
2016-01-11 00:00:00,2,0,1,Tartu maakond,1,Jalakäijaõnnetus,Pimeda aeg
2016-02-11 00:00:00,1,0,1,Valga maakond,0,Ühesõidukiõnnetus,Pimeda aeg