date,persons_involved,killed,injured,county,pedestrian_involved,accident_type,light_conditions
2016-03-11 00:00:00,3,0,1,Viljandi maakond,0,Kokkupõrge,Valge aeg
2016-05-11 00:00:00,2,0,1,Tartu maakond,1,Jalakäijaõnnetus,Pimeda aeg
2016-05-11 00:00:00,2,0,1,Ida-Viru maakond,1,Jalakäijaõnnetus,Pimeda aeg
2016-06-11 00:00:00,1,0,1,Jõgeva maakond,0,Ühesõidukiõnnetus,Pimeda aeg
2016-06-11 00:00:00,1,0,1,Tartu maakond,0,Ühesõidukiõnnetus,Pimeda aeg
2016-07-11 00:00:00,2,0,1,Tartu maakond,0,Ühesõidukiõnnetus,Valge aeg
2016-07-11 00:00:00,2,0,1,Põlva maakond,0,Kokkupõrge,Valge aeg
2016-08-11 00:00:00,2,1,0,Viljandi maakond,1,Jalakäijaõnnetus,Valge aeg
2016-10-11 00:00:00,3,0,1,Valga maakond,0,Kokkupõrge,Valge aeg
2016-11-13 11:38:00,4,0,4,Võru maakond,0,Kokkupõrge,Valge aeg
2016-11-16 08:41:00,3,0,1,Tartu maakond,0,Kokkupõrge,Valge aeg
2016-11-20 00:41:00,3,0,1,Tartu maakond,0,Kokkupõrge,Pimeda aeg
2016-11-23 20:58:00,2,0,1,Tartu maakond,1,Jalakäijaõnnetus,Pimeda aeg
2016-11-25 16:50:00,2,0,1,Võru maakond,0,Kokkupõrge,Pimeda aeg
2016-11-28 16:42:00,2,0,1,Tartu maakond,0,Kokkupõrge,Pimeda aeg
2016-11-30 13:22:00,2,0,1,Valga maakond,0,Kokkupõrge,Valge aeg
2016-01-12 00:00:00,2,0,1,Tartu maakond,1,Jalakäijaõnnetus,Valge aeg
2016-02-12 00:00:00,2,0,1,Jõgeva maakond,0,Ühesõidukiõnnetus,Valge aeg
2016-03-12 00:00:00,1,0,1,Valga maakond,0,Ühesõidukiõnnetus,Pimeda aeg
2016-04-12 00:00:00,1,0,1,Võru maakond,0,Muu liiklusõnnetus,Pimeda aeg
2016-06-12 00:00:00,2,0,1,Valga maakond,0,Kokkupõrge,Pimeda aeg
2016-07-12 00:00:00,3,0,1,Tartu maakond,0,Kokkupõrge,Valge aeg
2016-09-12 00:00:00,2,0,1,Jõgeva maakond,0,Kokkupõrge,Valge aeg
2016-09-12 00:00:00,2,0,1,Viljandi maakond,1,Jalakäijaõnnetus,Pimeda aeg
2016-12-12 00:00:00,2,0,1,Valga maakond,1,Jalakäijaõnnetus,Valge aeg
2016-12-12 00:00:00,1,0,1,Võru maakond,0,Ühesõidukiõnnetus,Pimeda aeg
2016-12-13 08:15:00,3,0,1,Võru maakond,0,Muu liiklusõnnetus,Valge aeg
2016-12-14 17:33:00,2,0,1,Tartu maakond,1,Jalakäijaõnnetus,Pimeda aeg
2016-12-18 11:22:00,2,0,1,Tartu maakond,0,Muu liiklusõnnetus,Valge aeg
2016-12-20 13:15:00,2,0,1,Võru maakond,1,Jalakäijaõnnetus,Valge aeg
2016-12-22 16:27:00,2,0,1,Tartu maakond,1,Jalakäijaõnnetus,Pimeda aeg
2016-12-23 07:00:00,2,0,1,Ida-Viru maakond,1,Jalakäijaõnnetus,Pimeda aeg
2016-12-23 18:38:00,2,0,1,Võru maakond,1,Jalakäijaõnnetus,Pimeda aeg
2016-12-24 16:46:00,2,0,1,Tartu maakond,0,Kokkupõrge,Pimeda aeg
2016-12-29 14:50:00,2,0,1,Jõgeva maakond,0,Kokkupõrge,Valge aeg
2016-12-31 16:20:00,2,0,1,Tartu maakond,0,Muu liiklusõnnetus,Pimeda aeg
2017-05-01 00:00:00,2,0,1,Tartu maakond,1,Jalakäijaõnnetus,Pimeda aeg
2017-05-01 00:00:00,1,0,1,Võru maakond,0,Ühesõidukiõnnetus,Pimeda aeg
2017-06-01 00:00:00,2,0,1,Tartu maakond,0,Kokkupõrge,Pimeda aeg
2017-08-01 00:00:00,2,1,0,Viljandi maakond,0,Kokkupõrge,Valge aeg
2017-08-01 00:00:00,3,0,2,Valga maakond,0,Kokkupõrge,Pimeda aeg
2017-09-01 00:00:00,2,0,1,Tartu maakond,0,Ühesõidukiõnnetus,Valge aeg
2017-10-01 00:00:00,1,0,1,Tartu maakond,0,Ühesõidukiõnnetus,Valge aeg
2017-12-01 00:00:00,2,0,1,Tartu maakond,0,Kokkupõrge,Valge aeg
2017-01-13 09:50:00,3,0,1,Tartu maakond,0,Kokkupõrge,Valge aeg
2017-01-13 15:22:00,2,0,1,Tartu maakond,1,Jalakäijaõnnetus,Valge aeg
2017-01-13 16:54:00,2,0,1,Tartu maakond,0,Kokkupõrge,Pimeda aeg
2017-01-13 18:51:00,3,0,1,Viljandi maakond,0,Kokkupõrge,Pimeda aeg
2017-01-21 10:41:00,2,0,1,Tartu maakond,1,Jalakäijaõnnetus,Valge aeg
2017-01-25 13:50:00,3,0,2,Valga maakond,0,Ühesõidukiõnnetus,Valge aeg
2017-01-25 14:35:00,3,0,2,Tartu maakond,1,Jalakäijaõnnetus,Valge aeg
2017-01-25 17:09:00,2,0,1,Tartu maakond,1,Jalakäijaõnnetus,Pimeda aeg
2017-01-27 23:45:00,1,0,1,Pärnu maakond,0,Ühesõidukiõnnetus,Pimeda aeg
2017-04-02 00:00:00,5,0,4,Võru maakond,0,Kokkupõrge,Pimeda aeg
2017-05-02 00:00:00,3,0,2,Jõgeva maakond,0,Kokkupõrge,Valge aeg
2017-06-02 00:00:00,1,0,1,Tartu maakond,0,Ühesõidukiõnnetus,Valge aeg
2017-08-02 00:00:00,2,0,1,Tartu maakond,1,Jalakäijaõnnetus,Valge aeg
2017-02-13 07:56:00,1,0,1,Tartu maakond,0,Ühesõidukiõnnetus,Valge aeg
2017-02-14 15:20:00,2,0,1,Valga maakond,0,Kokkupõrge,Valge aeg
2017-02-14 15:00:00,2,0,1,Võru maakond,1,Jalakäijaõnnetus,Valge aeg
2017-02-16 00:00:00,2,0,1,Tartu maakond,0,Muu liiklusõnnetus,Pimeda aeg
2017-02-17 22:48:00,2,0,2,Põlva maakond,0,Ühesõidukiõnnetus,Pimeda aeg
2017-02-19 04:55:00,2,0,1,Võru maakond,0,Ühesõidukiõnnetus,Pimeda aeg
2017-02-21 11:16:00,3,0,1,Tartu maakond,0,Kokkupõrge,Valge aeg
2017-02-21 17:25:00,1,0,1,Valga maakond,0,Ühesõidukiõnnetus,Valge aeg
2017-02-23 20:10:00,2,0,2,Ida-Viru maakond,0,Kokkupõrge,Pimeda aeg
2017-02-24 17:27:00,2,1,0,Valga maakond,1,Jalakäijaõnnetus,Valge aeg
2017-03-03 00:00:00,2,0,2,Võru maakond,0,Ühesõidukiõnnetus,Valge aeg
2017-04-03 00:00:00,2,0,1,Võru maakond,0,Kokkupõrge,Pimeda aeg
2017-07-03 00:00:00,1,0,1,Viljandi maakond,0,Ühesõidukiõnnetus,Pimeda aeg
2017-08-03 00:00:00,2,0,1,Tartu maakond,1,Jalakäijaõnnetus,Valge aeg
2017-08-03 00:00:00,2,0,1,Viljandi maakond,0,Kokkupõrge,Valge aeg
2017-09-03 00:00:00,6,0,2,Tartu maakond,0,Kokkupõrge,Valge aeg
2017-03-13 12:09:00,2,0,1,Viljandi maakond,1,Jalakäijaõnnetus,Valge aeg
2017-03-13 13:17:00,2,0,1,Tartu maakond,0,Muu liiklusõnnetus,Valge aeg
2017-03-14 16:00:00,1,0,1,Saare maakond,0,Ühesõidukiõnnetus,Valge aeg
2017-03-16 07:18:00,1,0,1,Valga maakond,0,Ühesõidukiõnnetus,Valge aeg
2016-03-16 09:38:00,3,0,1,Võru maakond,0,Ühesõidukiõnnetus,Valge aeg
2017-03-17 14:53:00,3,0,3,Tartu maakond,0,Kokkupõrge,Valge aeg
2017-03-17 16:15:00,2,0,1,Tartu maakond,0,Kokkupõrge,Valge aeg
2017-03-19 19:48:00,3,0,2,Jõgeva maakond,0,Ühesõidukiõnnetus,Pimeda aeg
2017-03-19 20:11:00,5,0,2,Viljandi maakond,0,Kokkupõrge,Pimeda aeg
2017-03-23 19:20:00,2,0,1,Tartu maakond,0,Kokkupõrge,Pimeda aeg
2017-03-26 18:32:00,2,0,1,Tartu maakond,0,Ühesõidukiõnnetus,Valge aeg
2017-03-27 08:04:00,2,0,1,Tartu maakond,1,Jalakäijaõnnetus,Valge aeg
2017-03-31 22:12:00,4,0,2,Tartu maakond,1,Muu liiklusõnnetus,Pimeda aeg
2017-04-04 00:00:00,2,0,1,Tartu maakond,1,Jalakäijaõnnetus,Valge aeg
2017-05-04 00:00:00,2,0,1,Tartu maakond,1,Jalakäijaõnnetus,Valge aeg
2017-08-04 00:00:00,1,0,1,Tartu maakond,0,Ühesõidukiõnnetus,Valge aeg
2017-08-04 00:00:00,1,0,1,Põlva maakond,0,Ühesõidukiõnnetus,Valge aeg
2017-09-04 00:00:00,2,0,2,Põlva maakond,0,Ühesõidukiõnnetus,Pimeda aeg
2017-10-04 00:00:00,2,0,1,Tartu maakond,0,Kokkupõrge,Valge aeg
2017-10-04 00:00:00,2,0,2,Põlva maakond,1,Jalakäijaõnnetus,Valge aeg
2017-12-04 00:00:00,2,0,1,Tartu maakond,0,Kokkupõrge,Valge aeg
2017-04-15 16:24:00,1,0,1,Tartu maakond,0,Muu liiklusõnnetus,Valge aeg
2017-04-17 09:05:00,2,0,1,Tartu maakond,0,Kokkupõrge,Valge aeg
2017-04-18 08:32:00,2,0,2,Põlva maakond,0,Kokkupõrge,Valge aeg
2017-04-19 03:10:00,1,0,1,Tartu maakond,0,Ühesõidukiõnnetus,Pimeda aeg
2017-04-21 07:50:00,2,0,1,Jõgeva maakond,0,Muu liiklusõnnetus,Valge aeg
2017-04-22 16:11:00,2,0,1,Tartu maakond,0,Kokkupõrge,Valge aeg
2017-04-23 21:18:00,2,0,1,Valga maakond,0,Muu liiklusõnnetus,Pimeda aeg
2017-04-24 13:30:00,2,0,1,Tartu maakond,1,Jalakäijaõnnetus,Valge aeg
2017-04-25 12:11:00,2,0,2,Tartu maakond,0,Kokkupõrge,Valge aeg
2017-04-27 08:10:00,5,0,1,Jõgeva maakond,0,Kokkupõrge,Valge aeg
2017-04-29 17:40:00,1,0,1,Võru maakond,0,Ühesõidukiõnnetus,Valge aeg
2017-04-28 21:30:00,1,0,1,Võru maakond,0,Muu liiklusõnnetus,Pimeda aeg
2017-01-05 00:00:00,2,0,1,Jõgeva maakond,0,Kokkupõrge,Valge aeg
2017-01-05 00:00:00,1,0,1,Valga maakond,0,Ühesõidukiõnnetus,Valge aeg
2017-03-05 00:00:00,2,0,2,Võru maakond,0,Muu liiklusõnnetus,Pimeda aeg
2017-04-05 00:00:00,2,1,0,Võru maakond,0,Kokkupõrge,Valge aeg
2017-05-05 00:00:00,2,0,1,Tartu maakond,1,Jalakäijaõnnetus,Valge aeg
2017-06-05 00:00:00,1,0,1,Tartu maakond,0,Muu liiklusõnnetus,Valge aeg
2017-09-05 00:00:00,3,0,1,Viljandi maakond,0,Kokkupõrge,Valge aeg
2017-05-13 22:16:00,4,0,3,Lääne maakond,0,Ühesõidukiõnnetus,Valge aeg
2017-05-15 10:32:00,2,0,1,Tartu maakond,1,Jalakäijaõnnetus,Valge aeg
2017-05-15 18:30:00,1,0,1,Viljandi maakond,0,Muu liiklusõnnetus,Valge aeg
2017-05-17 14:50:00,1,0,1,Tartu maakond,0,Ühesõidukiõnnetus,Valge aeg
2017-05-17 19:59:00,2,0,1,Tartu maakond,0,Kokkupõrge,Valge aeg
2017-05-20 14:00:00,1,0,1,Põlva maakond,0,Ühesõidukiõnnetus,Valge aeg
2017-05-22 07:38:00,3,0,1,Jõgeva maakond,0,Kokkupõrge,Valge aeg
2017-05-22 15:43:00,3,0,1,Tartu maakond,0,Kokkupõrge,Valge aeg
2013-07-06 00:00:00,2,0,1,Lääne-Viru maakond,0,Kokkupõrge,Valge aeg
2013-11-06 00:00:00,5,1,3,Lääne-Viru maakond,0,Kokkupõrge,Valge aeg
2013-12-06 00:00:00,1,0,1,Lääne-Viru maakond,0,Ühesõidukiõnnetus,Pimeda aeg
2013-12-06 00:00:00,1,0,1,Ida-Viru maakond,1,Jalakäijaõnnetus,Valge aeg
2013-06-16 03:15:00,1,0,1,Lääne-Viru maakond,0,Ühesõidukiõnnetus,Valge aeg
2013-06-17 05:30:00,1,0,1,Lääne-Viru maakond,0,Ühesõidukiõnnetus,Valge aeg
2013-06-18 16:05:00,2,0,1,Ida-Viru maakond,1,Jalakäijaõnnetus,Valge aeg
2013-06-24 21:00:00,1,0,1,Lääne-Viru maakond,0,Kokkupõrge,Valge aeg
2013-06-25 19:10:00,2,0,1,Ida-Viru maakond,1,Jalakäijaõnnetus,Valge aeg
2013-05-07 00:00:00,4,0,2,Ida-Viru maakond,0,Kokkupõrge,Valge aeg
2013-10-07 00:00:00,2,0,1,Ida-Viru maakond,0,Kokkupõrge,Valge aeg
2013-07-13 18:12:00,3,0,2,Ida-Viru maakond,1,Jalakäijaõnnetus,Valge aeg
2013-07-14 02:00:00,1,0,1,Lääne-Viru maakond,0,Ühesõidukiõnnetus,Pimeda aeg
2013-07-16 14:20:00,1,0,1,Lääne-Viru maakond,0,Ühesõidukiõnnetus,Valge aeg
2013-07-21 01:10:00,2,0,1,Ida-Viru maakond,1,Jalakäijaõnnetus,Pimeda aeg
2013-07-22 14:55:00,1,1,0,Lääne-Viru maakond,0,Ühesõidukiõnnetus,Valge aeg
2013-07-22 15:00:00,1,0,1,Lääne-Viru maakond,0,Ühesõidukiõnnetus,Valge aeg
2013-02-08 00:00:00,1,0,1,Lääne-Viru maakond,0,Ühesõidukiõnnetus,Valge aeg
2013-04-08 00:00:00,1,0,2,Ida-Viru maakond,0,Ühesõidukiõnnetus,Pimeda aeg
2013-06-08 00:00:00,2,0,1,Lääne-Viru maakond,0,Kokkupõrge,Valge aeg
2013-08-08 00:00:00,1,0,1,Lääne-Viru maakond,0,Ühesõidukiõnnetus,Valge aeg
2013-10-08 00:00:00,1,0,1,Lääne-Viru maakond,0,Ühesõidukiõnnetus,Valge aeg
2013-11-08 00:00:00,1,0,1,Ida-Viru maakond,0,Kokkupõrge,Pimeda aeg
2013-11-08 00:00:00,1,0,1,Lääne-Viru maakond,0,Kokkupõrge,Valge aeg
2013-12-08 00:00:00,1,0,1,Ida-Viru maakond,1,Jalakäijaõnnetus,Valge aeg
2013-08-16 10:55:00,2,0,1,Ida-Viru maakond,0,Kokkupõrge,Valge aeg
2013-08-17 16:40:00,2,0,1,Lääne-Viru maakond,0,Kokkupõrge,Valge aeg
2013-08-17 19:25:00,1,0,1,Lääne-Viru maakond,0,Ühesõidukiõnnetus,Valge aeg
2013-08-18 18:20:00,1,0,2,Ida-Viru maakond,0,Ühesõidukiõnnetus,Valge aeg
2013-08-21 17:21:00,2,0,1,Ida-Viru maakond,0,Kokkupõrge,Valge aeg
2013-08-25 17:30:00,2,0,1,Ida-Viru maakond,1,Jalakäijaõnnetus,Valge aeg
2013-08-25 22:30:00,4,1,1,Ida-Viru maakond,1,Jalakäijaõnnetus,Pimeda aeg
2013-08-26 12:50:00,1,0,1,Ida-Viru maakond,0,Kokkupõrge,Valge aeg
2013-08-30 14:15:00,1,0,1,Lääne-Viru maakond,0,Ühesõidukiõnnetus,Valge aeg
2013-04-09 00:00:00,2,1,0,Ida-Viru maakond,1,Jalakäijaõnnetus,Valge aeg
2013-06-09 00:00:00,3,0,1,Lääne-Viru maakond,0,Kokkupõrge,Valge aeg
2013-08-09 00:00:00,2,0,1,Ida-Viru maakond,0,Kokkupõrge,Valge aeg
2013-09-14 09:00:00,2,0,1,Lääne-Viru maakond,0,Kokkupõrge,Valge aeg
2013-09-14 21:45:00,5,0,5,Ida-Viru maakond,0,Kokkupõrge,Pimeda aeg
2013-09-18 16:00:00,1,0,1,Lääne-Viru maakond,0,Ühesõidukiõnnetus,Valge aeg
2013-09-21 11:10:00,3,0,1,Ida-Viru maakond,0,Kokkupõrge,Valge aeg
2013-09-22 15:25:00,1,0,1,Lääne-Viru maakond,0,Ühesõidukiõnnetus,Valge aeg
2013-09-23 20:15:00,2,0,1,Ida-Viru maakond,1,Jalakäijaõnnetus,Pimeda aeg
2013-09-24 14:58:00,2,0,1,Lääne-Viru maakond,1,Jalakäijaõnnetus,Valge aeg
2013-09-29 22:07:00,2,1,0,Lääne-Viru maakond,1,Jalakäijaõnnetus,Pimeda aeg
2013-01-10 00:00:00,2,0,1,Ida-Viru maakond,0,Kokkupõrge,Pimeda aeg
2013-02-10 00:00:00,2,0,1,Ida-Viru maakond,1,Jalakäijaõnnetus,Valge aeg
2013-06-10 00:00:00,3,0,1,Ida-Viru maakond,0,Kokkupõrge,Valge aeg
2013-11-10 00:00:00,3,1,0,Ida-Viru maakond,1,Jalakäijaõnnetus,Pimeda aeg
2013-11-10 00:00:00,1,0,1,Lääne-Viru maakond,0,Ühesõidukiõnnetus,Pimeda aeg
2013-10-16 10:15:00,2,0,1,Ida-Viru maakond,1,Jalakäijaõnnetus,Valge aeg
2013-10-17 14:30:00,2,0,1,Ida-Viru maakond,1,Jalakäijaõnnetus,Valge aeg
2013-10-23 15:50:00,2,1,0,Ida-Viru maakond,1,Jalakäijaõnnetus,Valge aeg
2013-10-26 14:22:00,3,0,2,Ida-Viru maakond,0,Kokkupõrge,Valge aeg
2013-10-28 17:00:00,0,0,1,Ida-Viru maakond,1,Jalakäijaõnnetus,Pimeda aeg
2013-01-11 00:00:00,2,0,1,Ida-Viru maakond,1,Jalakäijaõnnetus,Pimeda aeg
2013-03-11 00:00:00,1,0,1,Lääne-Viru maakond,0,Ühesõidukiõnnetus,Valge aeg
2013-03-11 00:00:00,1,0,2,Lääne-Viru maakond,0,Ühesõidukiõnnetus,Pimeda aeg
2013-05-11 00:00:00,2,0,1,Lääne-Viru maakond,0,Kokkupõrge,Valge aeg
2013-05-11 00:00:00,2,0,1,Ida-Viru maakond,1,Jalakäijaõnnetus,Pimeda aeg
2013-07-11 00:00:00,3,0,1,Ida-Viru maakond,0,Kokkupõrge,Valge aeg
2013-07-11 00:00:00,2,0,1,Lääne-Viru maakond,0,Kokkupõrge,Valge aeg
2013-08-11 00:00:00,2,0,1,Lääne-Viru maakond,0,Kokkupõrge,Pimeda aeg
2013-08-11 00:00:00,2,0,1,Ida-Viru maakond,1,Jalakäijaõnnetus,Pimeda aeg
2013-09-11 00:00:00,2,0,1,Lääne-Viru maakond,0,Kokkupõrge,Pimeda aeg
2013-11-11 00:00:00,2,1,0,Ida-Viru maakond,1,Jalakäijaõnnetus,Valge aeg
2013-11-11 00:00:00,2,0,1,Lääne-Viru maakond,1,Jalakäijaõnnetus,Pimeda aeg
2013-11-13 20:45:00,1,0,1,Lääne-Viru maakond,0,Ühesõidukiõnnetus,Pimeda aeg
2013-11-21 08:25:00,1,0,1,Ida-Viru maakond,1,Jalakäijaõnnetus,Valge aeg
2013-11-22 16:05:00,2,0,1,Ida-Viru maakond,1,Jalakäijaõnnetus,Pimeda aeg
2013-11-23 18:45:00,1,0,1,Lääne-Viru maakond,0,Ühesõidukiõnnetus,Pimeda aeg
2013-11-27 16:55:00,2,1,0,Ida-Viru maakond,1,Jalakäijaõnnetus,Pimeda aeg
2013-01-12 00:00:00,1,0,1,Lääne-Viru maakond,0,Ühesõidukiõnnetus,Pimeda aeg
2013-02-12 00:00:00,2,0,1,Lääne-Viru maakond,1,Jalakäijaõnnetus,Pimeda aeg
2013-04-12 00:00:00,2,0,1,Ida-Viru maakond,0,Kokkupõrge,Valge aeg
2013-05-12 00:00:00,2,0,1,Lääne-Viru maakond,0,Muu liiklusõnnetus,Pimeda aeg
2013-06-12 00:00:00,2,0,1,Ida-Viru maakond,0,Kokkupõrge,Pimeda aeg
2013-08-12 00:00:00,2,0,1,Lääne-Viru maakond,0,Kokkupõrge,Pimeda aeg
2013-08-12 00:00:00,2,0,1,Lääne-Viru maakond,0,Kokkupõrge,Pimeda aeg
2013-12-12 00:00:00,2,0,1,Ida-Viru maakond,0,Kokkupõrge,Pimeda aeg
2013-12-14 11:10:00,2,0,1,Lääne-Viru maakond,0,Kokkupõrge,Valge aeg
2013-12-14 17:45:00,3,0,2,Ida-Viru maakond,0,Muu liiklusõnnetus,Pimeda aeg
2013-12-15 01:00:00,5,1,4,Lääne-Viru maakond,0,Ühesõidukiõnnetus,Pimeda aeg
2013-12-15 17:50:00,3,0,2,Ida-Viru maakond,1,Jalakäijaõnnetus,Pimeda aeg
2013-12-18 09:10:00,2,0,1,Ida-Viru maakond,0,Ühesõidukiõnnetus,Valge aeg
2013-12-18 10:00:00,2,0,1,Ida-Viru maakond,1,Jalakäijaõnnetus,Valge aeg
2013-12-20 19:00:00,1,1,0,Lääne-Viru maakond,0,Ühesõidukiõnnetus,Pimeda aeg
2014-01-01 05:40:00,2,1,1,Lääne-Viru maakond,0,Ühesõidukiõnnetus,Pimeda aeg
2014-04-01 00:00:00,2,0,1,Ida-Viru maakond,1,Jalakäijaõnnetus,Valge aeg
2014-09-01 00:00:00,1,1,0,Lääne-Viru maakond,1,Jalakäijaõnnetus,Pimeda aeg
2014-10-01 00:00:00,2,0,1,Ida-Viru maakond,1,Jalakäijaõnnetus,Valge aeg
2014-10-01 00:00:00,1,0,1,Lääne-Viru maakond,0,Ühesõidukiõnnetus,Valge aeg
2014-01-13 09:31:00,3,0,4,Ida-Viru maakond,0,Kokkupõrge,Valge aeg
2014-01-15 10:16:00,3,0,1,Lääne-Viru maakond,0,Kokkupõrge,Valge aeg
2014-01-16 11:43:00,2,0,1,Lääne-Viru maakond,0,Kokkupõrge,Valge aeg
2014-01-16 17:20:00,1,0,3,Lääne-Viru maakond,0,Ühesõidukiõnnetus,Pimeda aeg
2014-01-17 19:25:00,1,1,0,Ida-Viru maakond,1,Jalakäijaõnnetus,Pimeda aeg
2014-01-18 20:03:00,3,0,4,Ida-Viru maakond,0,Kokkupõrge,Pimeda aeg
2014-01-23 19:05:00,1,0,1,Lääne-Viru maakond,0,Ühesõidukiõnnetus,Pimeda aeg
2014-02-02 00:00:00,1,0,1,Ida-Viru maakond,0,Ühesõidukiõnnetus,Valge aeg
2014-03-02 00:00:00,1,0,1,Lääne-Viru maakond,0,Ühesõidukiõnnetus,Valge aeg
2014-03-02 00:00:00,2,0,1,Ida-Viru maakond,1,Jalakäijaõnnetus,Valge aeg
2014-05-02 00:00:00,1,1,0,Ida-Viru maakond,1,Jalakäijaõnnetus,Valge aeg
2014-09-02 00:00:00,2,0,1,Ida-Viru maakond,0,Ühesõidukiõnnetus,Pimeda aeg
2014-11-02 00:00:00,1,0,1,Lääne-Viru maakond,0,Ühesõidukiõnnetus,Valge aeg
2014-02-17 15:50:00,2,0,2,Ida-Viru maakond,0,Kokkupõrge,Valge aeg
2014-02-17 18:35:00,2,0,1,Lääne-Viru maakond,1,Jalakäijaõnnetus,Pimeda aeg
2014-02-19 10:00:00,2,0,1,Ida-Viru maakond,1,Jalakäijaõnnetus,Valge aeg
2014-02-27 18:40:00,2,0,1,Lääne-Viru maakond,0,Kokkupõrge,Pimeda aeg
2014-07-03 00:00:00,2,0,1,Ida-Viru maakond,1,Jalakäijaõnnetus,Valge aeg
2014-09-03 00:00:00,2,0,1,Ida-Viru maakond,0,Kokkupõrge,Pimeda aeg
2014-10-03 00:00:00,1,1,0,Lääne-Viru maakond,0,Ühesõidukiõnnetus,Pimeda aeg
2014-11-03 00:00:00,2,0,1,Ida-Viru maakond,0,Kokkupõrge,Valge aeg
2014-11-03 00:00:00,1,0,2,Ida-Viru maakond,0,Ühesõidukiõnnetus,Valge aeg
2014-03-15 18:05:00,2,0,1,Lääne-Viru maakond,0,Kokkupõrge,Valge aeg
2014-03-15 19:15:00,1,0,2,Lääne-Viru maakond,0,Ühesõidukiõnnetus,Pimeda aeg
2014-03-17 09:10:00,1,0,1,Ida-Viru maakond,0,Ühesõidukiõnnetus,Valge aeg
2014-03-19 09:55:00,2,0,1,Lääne-Viru maakond,1,Jalakäijaõnnetus,Valge aeg
2014-03-26 16:50:00,1,0,1,Lääne-Viru maakond,0,Ühesõidukiõnnetus,Valge aeg
2014-03-27 16:30:00,2,0,1,Ida-Viru maakond,1,Jalakäijaõnnetus,Valge aeg
2014-05-04 00:00:00,1,0,1,Ida-Viru maakond,1,Jalakäijaõnnetus,Valge aeg
2014-08-04 00:00:00,1,0,1,Lääne-Viru maakond,0,Muu liiklusõnnetus,Valge aeg
2014-09-04 00:00:00,2,0,1,Ida-Viru maakond,1,Jalakäijaõnnetus,Valge aeg
2014-04-16 08:19:00,1,0,1,Lääne-Viru maakond,0,Ühesõidukiõnnetus,Valge aeg
2014-04-16 13:25:00,2,0,1,Ida-Viru maakond,1,Jalakäijaõnnetus,Valge aeg
2014-04-19 16:30:00,2,0,1,Ida-Viru maakond,0,Kokkupõrge,Valge aeg
2014-04-23 07:40:00,2,0,2,Lääne-Viru maakond,0,Kokkupõrge,Valge aeg
2014-04-27 12:20:00,3,0,1,Ida-Viru maakond,0,Kokkupõrge,Valge aeg
2014-04-29 17:35:00,2,0,1,Lääne-Viru maakond,1,Jalakäijaõnnetus,Valge aeg
2014-04-30 05:40:00,1,0,1,Ida-Viru maakond,0,Ühesõidukiõnnetus,Valge aeg
2014-04-30 17:50:00,2,0,1,Ida-Viru maakond,1,Jalakäijaõnnetus,Valge aeg
2014-03-05 00:00:00,2,0,1,Ida-Viru maakond,0,Kokkupõrge,Valge aeg
2014-04-05 00:00:00,3,0,2,Lääne-Viru maakond,0,Kokkupõrge,Valge aeg
2014-08-05 00:00:00,1,1,0,Lääne-Viru maakond,0,Ühesõidukiõnnetus,Pimeda aeg
2014-10-05 00:00:00,2,0,1,Ida-Viru maakond,0,Kokkupõrge,Valge aeg
2014-05-25 17:40:00,3,0,2,Ida-Viru maakond,0,Kokkupõrge,Valge aeg
2014-05-26 21:00:00,1,0,1,Ida-Viru maakond,1,Jalakäijaõnnetus,Valge aeg
2014-04-06 00:00:00,1,0,1,Ida-Viru maakond,1,Jalakäijaõnnetus,Valge aeg
2014-05-06 00:00:00,3,0,1,Ida-Viru maakond,0,Kokkupõrge,Valge aeg
2014-05-06 00:00:00,3,0,3,Lääne-Viru maakond,0,Kokkupõrge,Valge aeg
2014-06-17 21:45:00,1,0,1,Lääne-Viru maakond,0,Ühesõidukiõnnetus,Valge aeg
2014-06-20 22:20:00,2,0,1,Ida-Viru maakond,1,Jalakäijaõnnetus,Valge aeg
2014-06-21 00:00:00,1,0,1,Järva maakond,0,Ühesõidukiõnnetus,Valge aeg
2014-06-24 06:00:00,2,0,2,Lääne-Viru maakond,0,Kokkupõrge,Valge aeg
2014-01-07 00:00:00,2,0,1,Ida-Viru maakond,0,Muu liiklusõnnetus,Valge aeg
2014-08-07 00:00:00,2,0,1,Ida-Viru maakond,1,Jalakäijaõnnetus,Valge aeg
2014-09-07 00:00:00,1,0,1,Lääne-Viru maakond,0,Ühesõidukiõnnetus,Valge aeg
2014-09-07 00:00:00,2,0,1,Ida-Viru maakond,1,Jalakäijaõnnetus,Valge aeg
2014-10-07 00:00:00,1,0,1,Lääne-Viru maakond,0,Ühesõidukiõnnetus,Valge aeg
2014-11-07 00:00:00,3,0,5,Lääne-Viru maakond,0,Kokkupõrge,Valge aeg
2014-07-13 20:20:00,2,0,1,Ida-Viru maakond,0,Kokkupõrge,Valge aeg
2014-07-20 19:40:00,1,0,1,Ida-Viru maakond,0,Kokkupõrge,Valge aeg
2014-07-21 16:15:00,0,0,1,Lääne-Viru maakond,1,Jalakäijaõnnetus,Valge aeg
2014-07-23 15:05:00,1,0,1,Lääne-Viru maakond,0,Ühesõidukiõnnetus,Valge aeg
2014-07-26 13:55:00,3,0,1,Ida-Viru maakond,0,Kokkupõrge,Valge aeg
2014-07-27 14:18:00,1,0,1,Lääne-Viru maakond,0,Ühesõidukiõnnetus,Valge aeg