date,persons_involved,killed,injured,county,pedestrian_involved,accident_type,light_conditions
2014-07-28 15:43:00,3,0,1,Ida-Viru maakond,1,Kokkupõrge,Valge aeg
2014-07-29 20:40:00,3,0,1,Ida-Viru maakond,0,Kokkupõrge,Valge aeg
2014-02-08 00:00:00,1,0,1,Ida-Viru maakond,0,Muu liiklusõnnetus,Valge aeg
2014-03-08 00:00:00,2,0,2,Lääne-Viru maakond,0,Kokkupõrge,Valge aeg
2014-05-08 00:00:00,2,0,1,Ida-Viru maakond,1,Jalakäijaõnnetus,Valge aeg
2014-06-08 00:00:00,2,0,1,Ida-Viru maakond,1,Jalakäijaõnnetus,Valge aeg
2014-07-08 00:00:00,2,0,1,Ida-Viru maakond,0,Kokkupõrge,Valge aeg
2014-08-08 00:00:00,2,0,1,Ida-Viru maakond,0,Kokkupõrge,Valge aeg
2014-09-08 00:00:00,1,0,1,Lääne-Viru maakond,0,Ühesõidukiõnnetus,Valge aeg
2014-11-08 00:00:00,2,0,1,Ida-Viru maakond,1,Jalakäijaõnnetus,Valge aeg
2014-08-14 14:10:00,2,0,1,Lääne-Viru maakond,0,Kokkupõrge,Valge aeg
2014-08-14 18:58:00,1,0,1,Lääne-Viru maakond,0,Ühesõidukiõnnetus,Valge aeg
2014-08-14 21:25:00,1,0,2,Ida-Viru maakond,0,Ühesõidukiõnnetus,Valge aeg
2014-08-15 09:00:00,2,0,3,Ida-Viru maakond,0,Kokkupõrge,Valge aeg
2014-08-15 17:15:00,2,0,2,Lääne-Viru maakond,0,Kokkupõrge,Valge aeg
2014-08-17 00:40:00,2,0,2,Lääne-Viru maakond,0,Kokkupõrge,Pimeda aeg
2014-08-17 10:45:00,2,0,1,Ida-Viru maakond,0,Kokkupõrge,Valge aeg
2014-08-17 11:40:00,2,0,1,Lääne-Viru maakond,0,Kokkupõrge,Valge aeg
2014-08-18 12:18:00,2,0,1,Ida-Viru maakond,0,Kokkupõrge,Valge aeg
2014-08-18 14:40:00,1,0,1,Lääne-Viru maakond,0,Kokkupõrge,Valge aeg
2014-08-25 19:26:00,2,0,1,Ida-Viru maakond,0,Kokkupõrge,Valge aeg
2014-08-27 05:40:00,1,0,1,Ida-Viru maakond,0,Ühesõidukiõnnetus,Valge aeg
2014-08-28 11:45:00,2,0,1,Lääne-Viru maakond,0,Kokkupõrge,Valge aeg
2014-08-30 07:35:00,1,0,1,Lääne-Viru maakond,1,Jalakäijaõnnetus,Valge aeg
2014-08-30 20:05:00,2,0,1,Ida-Viru maakond,1,Jalakäijaõnnetus,Valge aeg
2014-03-09 00:00:00,2,0,1,Ida-Viru maakond,1,Jalakäijaõnnetus,Valge aeg
2014-04-09 00:00:00,2,0,1,Lääne-Viru maakond,0,Kokkupõrge,Valge aeg
2014-07-09 00:00:00,1,0,1,Lääne-Viru maakond,0,Ühesõidukiõnnetus,Pimeda aeg
2014-08-09 00:00:00,1,0,4,Ida-Viru maakond,0,Ühesõidukiõnnetus,Valge aeg
2014-09-09 00:00:00,2,0,1,Ida-Viru maakond,1,Jalakäijaõnnetus,Valge aeg
2014-11-09 00:00:00,2,0,1,Ida-Viru maakond,0,Ühesõidukiõnnetus,Valge aeg
2014-09-16 03:23:00,1,0,1,Ida-Viru maakond,0,Ühesõidukiõnnetus,Pimeda aeg
2014-09-19 01:50:00,2,0,1,Lääne-Viru maakond,1,Jalakäijaõnnetus,Pimeda aeg
2014-09-21 00:50:00,1,0,5,Ida-Viru maakond,0,Ühesõidukiõnnetus,Pimeda aeg
2014-09-21 13:40:00,2,0,1,Ida-Viru maakond,0,Kokkupõrge,Valge aeg
2014-09-30 17:35:00,2,0,1,Lääne-Viru maakond,1,Jalakäijaõnnetus,Valge aeg
2014-09-30 16:30:00,2,0,1,Lääne-Viru maakond,0,Kokkupõrge,Valge aeg
2014-04-10 00:00:00,2,1,0,Ida-Viru maakond,1,Jalakäijaõnnetus,Pimeda aeg
2014-09-10 00:00:00,2,0,1,Lääne-Viru maakond,0,Kokkupõrge,Valge aeg
2014-10-23 12:30:00,1,0,1,Lääne-Viru maakond,0,Ühesõidukiõnnetus,Valge aeg
2014-10-25 13:50:00,3,0,2,Ida-Viru maakond,0,Kokkupõrge,Valge aeg
2014-10-25 18:50:00,2,0,2,Ida-Viru maakond,0,Kokkupõrge,Pimeda aeg
2014-10-28 10:55:00,2,1,0,Ida-Viru maakond,1,Jalakäijaõnnetus,Valge aeg
2014-10-29 09:51:00,0,0,1,Ida-Viru maakond,0,Jalakäijaõnnetus,Valge aeg
2014-08-11 00:00:00,1,0,1,Ida-Viru maakond,1,Jalakäijaõnnetus,Pimeda aeg
2014-08-11 00:00:00,2,0,1,Ida-Viru maakond,0,Ühesõidukiõnnetus,Pimeda aeg
2014-12-11 00:00:00,2,0,1,Ida-Viru maakond,1,Jalakäijaõnnetus,Pimeda aeg
2014-11-14 14:40:00,2,0,1,Lääne-Viru maakond,0,Kokkupõrge,Valge aeg
2014-11-14 19:03:00,2,1,0,Ida-Viru maakond,1,Jalakäijaõnnetus,Pimeda aeg
2014-11-20 16:50:00,4,0,3,Ida-Viru maakond,1,Jalakäijaõnnetus,Pimeda aeg
2014-11-22 12:50:00,2,0,1,Ida-Viru maakond,0,Kokkupõrge,Valge aeg
2014-11-28 13:22:00,2,0,2,Ida-Viru maakond,0,Kokkupõrge,Valge aeg
2014-01-12 00:00:00,2,0,1,Ida-Viru maakond,0,Muu liiklusõnnetus,Valge aeg
2014-02-12 00:00:00,2,0,1,Ida-Viru maakond,1,Jalakäijaõnnetus,Valge aeg
2014-04-12 00:00:00,2,0,1,Ida-Viru maakond,1,Jalakäijaõnnetus,Pimeda aeg
2014-10-12 00:00:00,1,0,1,Ida-Viru maakond,0,Ühesõidukiõnnetus,Pimeda aeg
2014-12-12 00:00:00,1,0,1,Lääne-Viru maakond,0,Ühesõidukiõnnetus,Pimeda aeg
2014-12-13 03:49:00,1,0,1,Ida-Viru maakond,0,Kokkupõrge,Pimeda aeg
2014-12-13 14:35:00,2,1,1,Lääne-Viru maakond,0,Ühesõidukiõnnetus,Valge aeg
2014-12-16 20:50:00,2,0,3,Lääne-Viru maakond,0,Kokkupõrge,Pimeda aeg
2014-12-18 14:02:00,1,1,0,Ida-Viru maakond,1,Jalakäijaõnnetus,Valge aeg
2014-12-19 16:30:00,1,0,1,Ida-Viru maakond,1,Jalakäijaõnnetus,Pimeda aeg
2014-12-20 07:03:00,1,0,1,Ida-Viru maakond,0,Ühesõidukiõnnetus,Pimeda aeg
2014-12-20 10:37:00,1,0,1,Ida-Viru maakond,1,Jalakäijaõnnetus,Valge aeg
2014-12-26 16:21:00,4,1,2,Ida-Viru maakond,0,Kokkupõrge,Pimeda aeg
2015-02-01 00:00:00,2,0,1,Ida-Viru maakond,1,Jalakäijaõnnetus,Pimeda aeg
2015-05-01 00:00:00,2,0,1,Ida-Viru maakond,0,Kokkupõrge,Valge aeg
2015-08-01 00:00:00,4,0,3,Ida-Viru maakond,0,Kokkupõrge,Pimeda aeg
2015-09-01 00:00:00,4,0,1,Ida-Viru maakond,0,Kokkupõrge,Pimeda aeg
2015-11-01 00:00:00,3,0,2,Ida-Viru maakond,1,Jalakäijaõnnetus,Pimeda aeg
2015-01-13 14:55:00,3,0,1,Ida-Viru maakond,1,Ühesõidukiõnnetus,Valge aeg
2015-01-16 09:05:00,3,0,2,Lääne-Viru maakond,0,Ühesõidukiõnnetus,Valge aeg
2015-01-18 19:30:00,1,0,1,Ida-Viru maakond,0,Ühesõidukiõnnetus,Pimeda aeg
2015-01-19 09:32:00,1,0,1,Ida-Viru maakond,0,Ühesõidukiõnnetus,Valge aeg
2015-01-23 16:58:00,2,0,1,Harju maakond,1,Jalakäijaõnnetus,Pimeda aeg
2015-01-29 12:03:00,2,0,1,Lääne-Viru maakond,1,Jalakäijaõnnetus,Valge aeg
2015-02-02 00:00:00,3,0,2,Jõgeva maakond,0,Kokkupõrge,Valge aeg
2015-06-02 00:00:00,3,0,1,Ida-Viru maakond,0,Kokkupõrge,Valge aeg
2015-07-02 00:00:00,3,0,1,Lääne-Viru maakond,0,Kokkupõrge,Pimeda aeg
2015-08-02 00:00:00,2,0,1,Lääne-Viru maakond,1,Jalakäijaõnnetus,Valge aeg
2015-10-02 00:00:00,3,0,3,Ida-Viru maakond,0,Kokkupõrge,Valge aeg
2015-02-14 20:25:00,2,0,1,Lääne-Viru maakond,1,Jalakäijaõnnetus,Pimeda aeg
2015-02-16 07:40:00,1,0,1,Lääne-Viru maakond,0,Ühesõidukiõnnetus,Valge aeg
2015-02-17 13:40:00,1,0,1,Lääne-Viru maakond,0,Ühesõidukiõnnetus,Valge aeg
2015-02-18 14:00:00,2,0,1,Ida-Viru maakond,1,Jalakäijaõnnetus,Valge aeg
2015-02-19 07:00:00,1,0,1,Lääne-Viru maakond,0,Ühesõidukiõnnetus,Valge aeg
2015-02-21 21:30:00,3,0,2,Lääne-Viru maakond,0,Ühesõidukiõnnetus,Pimeda aeg
2015-02-23 11:20:00,2,0,1,Ida-Viru maakond,0,Ühesõidukiõnnetus,Valge aeg
2015-02-23 12:40:00,2,0,1,Ida-Viru maakond,0,Kokkupõrge,Valge aeg
2015-02-24 12:05:00,2,0,1,Ida-Viru maakond,1,Jalakäijaõnnetus,Valge aeg
2015-02-26 17:50:00,2,0,1,Harju maakond,1,Jalakäijaõnnetus,Pimeda aeg
2015-02-26 18:05:00,2,0,1,Ida-Viru maakond,1,Jalakäijaõnnetus,Pimeda aeg
2015-01-03 00:00:00,1,0,1,Ida-Viru maakond,0,Ühesõidukiõnnetus,Valge aeg
2015-01-03 00:00:00,1,0,1,Ida-Viru maakond,1,Jalakäijaõnnetus,Pimeda aeg
2015-04-03 00:00:00,2,0,1,Lääne-Viru maakond,1,Jalakäijaõnnetus,Valge aeg
2015-11-03 00:00:00,2,0,1,Lääne-Viru maakond,0,Kokkupõrge,Valge aeg
2015-12-03 00:00:00,3,0,1,Harju maakond,0,Kokkupõrge,Valge aeg
2015-03-16 09:40:00,2,0,1,Ida-Viru maakond,1,Jalakäijaõnnetus,Valge aeg
2015-03-17 19:36:00,3,0,1,Tartu maakond,0,Kokkupõrge,Pimeda aeg
2015-03-27 16:10:00,2,0,1,Lääne-Viru maakond,1,Jalakäijaõnnetus,Valge aeg
2015-03-29 17:20:00,1,0,1,Lääne-Viru maakond,1,Jalakäijaõnnetus,Valge aeg
2015-01-04 00:00:00,2,0,1,Ida-Viru maakond,0,Kokkupõrge,Valge aeg
2015-02-04 00:00:00,2,0,1,Ida-Viru maakond,1,Jalakäijaõnnetus,Valge aeg
2015-04-04 00:00:00,2,0,3,Ida-Viru maakond,0,Kokkupõrge,Valge aeg
2015-06-04 00:00:00,1,0,1,Harju maakond,0,Ühesõidukiõnnetus,Valge aeg
2015-06-04 00:00:00,2,0,1,Ida-Viru maakond,0,Kokkupõrge,Valge aeg
2015-09-04 00:00:00,2,0,1,Lääne-Viru maakond,0,Kokkupõrge,Valge aeg
2015-12-04 00:00:00,2,0,1,Ida-Viru maakond,0,Kokkupõrge,Valge aeg
2015-04-27 09:21:00,2,0,1,Harju maakond,0,Kokkupõrge,Valge aeg
2015-04-27 11:49:00,2,0,1,Lääne-Viru maakond,0,Kokkupõrge,Valge aeg
2015-04-29 10:30:00,2,0,1,Lääne-Viru maakond,1,Jalakäijaõnnetus,Valge aeg
2015-04-30 13:30:00,2,0,1,Ida-Viru maakond,1,Jalakäijaõnnetus,Valge aeg
2015-04-30 19:20:00,2,0,1,Ida-Viru maakond,0,Kokkupõrge,Valge aeg
2015-06-05 00:00:00,2,0,1,Harju maakond,1,Jalakäijaõnnetus,Valge aeg
2015-08-05 00:00:00,5,1,0,Lääne-Viru maakond,1,Jalakäijaõnnetus,Valge aeg
2015-08-05 00:00:00,2,0,1,Järva maakond,0,Ühesõidukiõnnetus,Pimeda aeg
2015-05-13 08:25:00,2,0,1,Harju maakond,0,Kokkupõrge,Valge aeg
2015-05-16 14:40:00,2,0,1,Lääne-Viru maakond,0,Kokkupõrge,Valge aeg
2015-05-19 20:35:00,1,1,0,Lääne-Viru maakond,0,Ühesõidukiõnnetus,Valge aeg
2015-05-24 02:17:00,6,0,5,Ida-Viru maakond,0,Kokkupõrge,Pimeda aeg
2015-05-24 12:50:00,3,0,2,Ida-Viru maakond,1,Jalakäijaõnnetus,Valge aeg
2015-05-25 20:22:00,5,0,4,Ida-Viru maakond,0,Kokkupõrge,Valge aeg
2015-05-27 16:56:00,2,0,1,Harju maakond,1,Jalakäijaõnnetus,Valge aeg
2015-05-28 10:00:00,2,0,1,Harju maakond,0,Kokkupõrge,Valge aeg
2015-05-30 10:50:00,3,0,2,Lääne-Viru maakond,0,Kokkupõrge,Valge aeg
2015-05-30 13:55:00,2,0,1,Ida-Viru maakond,0,Muu liiklusõnnetus,Valge aeg
2015-05-06 00:00:00,1,0,1,Ida-Viru maakond,0,Kokkupõrge,Valge aeg
2015-06-06 00:00:00,2,0,1,Viljandi maakond,1,Jalakäijaõnnetus,Valge aeg
2015-06-06 00:00:00,2,0,1,Lääne-Viru maakond,0,Ühesõidukiõnnetus,Valge aeg
2015-07-06 00:00:00,2,0,1,Ida-Viru maakond,1,Jalakäijaõnnetus,Valge aeg
2015-08-06 00:00:00,2,0,1,Ida-Viru maakond,0,Muu liiklusõnnetus,Valge aeg
2015-09-06 00:00:00,3,0,1,Lääne-Viru maakond,0,Kokkupõrge,Valge aeg
2015-10-06 00:00:00,2,0,1,Lääne-Viru maakond,0,Kokkupõrge,Valge aeg
2015-12-06 00:00:00,2,0,1,Harju maakond,0,Kokkupõrge,Valge aeg
2015-06-15 15:50:00,1,1,0,Ida-Viru maakond,0,Ühesõidukiõnnetus,Valge aeg
2015-06-14 01:30:00,1,0,1,Lääne-Viru maakond,0,Ühesõidukiõnnetus,Pimeda aeg
2015-06-16 11:50:00,2,0,1,Ida-Viru maakond,1,Jalakäijaõnnetus,Valge aeg
2015-06-20 18:30:00,1,0,1,Lääne-Viru maakond,0,Ühesõidukiõnnetus,Valge aeg
2015-06-23 22:15:00,2,0,1,Ida-Viru maakond,1,Jalakäijaõnnetus,Valge aeg
2015-06-24 10:40:00,1,0,1,Lääne-Viru maakond,0,Ühesõidukiõnnetus,Valge aeg
2015-06-28 22:35:00,1,0,1,Lääne-Viru maakond,0,Ühesõidukiõnnetus,Valge aeg
2015-06-29 17:54:00,2,0,1,Harju maakond,0,Kokkupõrge,Valge aeg
2015-02-07 00:00:00,2,0,2,Ida-Viru maakond,0,Ühesõidukiõnnetus,Valge aeg
2015-02-07 00:00:00,3,0,2,Ida-Viru maakond,0,Muu liiklusõnnetus,Valge aeg
2015-03-07 00:00:00,1,0,1,Ida-Viru maakond,0,Muu liiklusõnnetus,Valge aeg
2015-05-07 00:00:00,1,0,1,Lääne-Viru maakond,0,Ühesõidukiõnnetus,Valge aeg
2015-05-07 00:00:00,2,0,1,Ida-Viru maakond,0,Muu liiklusõnnetus,Valge aeg
2015-08-07 00:00:00,2,0,1,Ida-Viru maakond,1,Jalakäijaõnnetus,Valge aeg
2015-10-07 00:00:00,2,0,1,Harju maakond,0,Muu liiklusõnnetus,Valge aeg
2015-11-07 00:00:00,2,0,1,Lääne-Viru maakond,1,Jalakäijaõnnetus,Pimeda aeg
2015-07-15 11:15:00,2,0,1,Lääne-Viru maakond,0,Kokkupõrge,Valge aeg
2015-07-18 12:30:00,1,0,1,Ida-Viru maakond,1,Jalakäijaõnnetus,Valge aeg
2015-07-19 11:10:00,1,0,1,Ida-Viru maakond,1,Jalakäijaõnnetus,Valge aeg
2015-07-20 10:20:00,2,0,1,Ida-Viru maakond,1,Jalakäijaõnnetus,Valge aeg
2015-07-21 20:10:00,2,0,1,Lääne-Viru maakond,0,Kokkupõrge,Valge aeg
2015-07-21 20:31:00,2,0,1,Ida-Viru maakond,0,Kokkupõrge,Valge aeg
2015-07-25 21:30:00,1,0,1,Ida-Viru maakond,0,Ühesõidukiõnnetus,Valge aeg
2015-07-27 08:35:00,3,0,1,Ida-Viru maakond,0,Kokkupõrge,Valge aeg
2015-07-27 16:10:00,2,0,1,Ida-Viru maakond,0,Kokkupõrge,Valge aeg
2015-07-28 12:05:00,2,0,1,Ida-Viru maakond,0,Kokkupõrge,Valge aeg
2015-07-30 10:45:00,1,0,1,Ida-Viru maakond,1,Jalakäijaõnnetus,Valge aeg
2015-07-31 22:50:00,1,0,1,Lääne-Viru maakond,0,Ühesõidukiõnnetus,Pimeda aeg
2015-02-08 00:00:00,2,0,1,Valga maakond,0,Ühesõidukiõnnetus,Pimeda aeg
2015-03-08 00:00:00,1,0,1,Lääne-Viru maakond,0,Ühesõidukiõnnetus,Valge aeg
2015-05-08 00:00:00,2,0,1,Ida-Viru maakond,0,Kokkupõrge,Valge aeg
2015-04-08 00:00:00,2,0,1,Ida-Viru maakond,1,Jalakäijaõnnetus,Valge aeg
2015-08-08 00:00:00,2,0,1,Pärnu maakond,1,Jalakäijaõnnetus,Pimeda aeg
2015-08-08 00:00:00,1,0,3,Ida-Viru maakond,0,Ühesõidukiõnnetus,Valge aeg
2015-10-08 00:00:00,1,0,1,Lääne-Viru maakond,0,Ühesõidukiõnnetus,Pimeda aeg
2015-11-08 00:00:00,2,1,1,Ida-Viru maakond,0,Ühesõidukiõnnetus,Valge aeg
2015-11-08 00:00:00,2,0,1,Lääne-Viru maakond,0,Kokkupõrge,Valge aeg
2015-08-13 18:50:00,2,0,1,Pärnu maakond,0,Muu liiklusõnnetus,Valge aeg
2015-08-13 22:00:00,1,0,1,Lääne-Viru maakond,1,Jalakäijaõnnetus,Pimeda aeg
2015-08-14 04:50:00,2,0,1,Lääne-Viru maakond,0,Ühesõidukiõnnetus,Pimeda aeg
2015-08-17 17:03:00,2,0,2,Lääne-Viru maakond,0,Kokkupõrge,Valge aeg
2015-08-17 21:32:00,2,0,2,Saare maakond,0,Ühesõidukiõnnetus,Valge aeg
2015-08-23 11:18:00,2,0,1,Harju maakond,0,Kokkupõrge,Valge aeg
2015-08-25 11:15:00,3,0,1,Harju maakond,0,Kokkupõrge,Valge aeg
2015-08-26 15:55:00,2,0,1,Ida-Viru maakond,0,Kokkupõrge,Valge aeg
2015-08-29 12:15:00,2,0,1,Ida-Viru maakond,1,Jalakäijaõnnetus,Valge aeg
2015-08-29 20:20:00,3,0,1,Harju maakond,0,Kokkupõrge,Pimeda aeg
2015-08-30 10:45:00,2,0,1,Lääne-Viru maakond,0,Kokkupõrge,Valge aeg
2015-08-30 16:40:00,1,0,1,Lääne-Viru maakond,0,Ühesõidukiõnnetus,Valge aeg
2015-08-31 15:40:00,2,0,2,Ida-Viru maakond,0,Kokkupõrge,Valge aeg
2015-01-09 00:00:00,1,0,1,Lääne-Viru maakond,0,Ühesõidukiõnnetus,Valge aeg
2015-04-09 00:00:00,3,0,1,Ida-Viru maakond,0,Kokkupõrge,Valge aeg
2015-12-09 00:00:00,2,0,1,Ida-Viru maakond,0,Kokkupõrge,Valge aeg
2015-09-13 19:55:00,1,0,1,Ida-Viru maakond,0,Muu liiklusõnnetus,Pimeda aeg
2015-09-17 10:32:00,5,0,5,Harju maakond,0,Kokkupõrge,Valge aeg
2015-09-18 10:34:00,2,0,2,Ida-Viru maakond,0,Kokkupõrge,Valge aeg
2015-09-18 11:31:00,1,0,1,Harju maakond,0,Ühesõidukiõnnetus,Valge aeg
2015-09-19 14:00:00,1,0,1,Ida-Viru maakond,1,Jalakäijaõnnetus,Valge aeg
2015-09-20 19:50:00,2,0,1,Ida-Viru maakond,1,Jalakäijaõnnetus,Pimeda aeg
2015-09-22 09:59:00,2,0,1,Harju maakond,1,Jalakäijaõnnetus,Valge aeg
2015-09-23 07:45:00,3,0,1,Lääne-Viru maakond,0,Kokkupõrge,Valge aeg
2015-09-25 06:45:00,2,0,1,Ida-Viru maakond,0,Kokkupõrge,Valge aeg
2015-09-25 21:57:00,2,0,1,Ida-Viru maakond,1,Jalakäijaõnnetus,Pimeda aeg
2015-09-26 01:12:00,3,1,0,Ida-Viru maakond,1,Jalakäijaõnnetus,Pimeda aeg
2015-09-27 16:45:00,3,0,1,Ida-Viru maakond,0,Kokkupõrge,Valge aeg
2015-09-30 08:40:00,2,0,1,Lääne-Viru maakond,0,Kokkupõrge,Valge aeg
2015-05-10 00:00:00,1,0,1,Ida-Viru maakond,1,Jalakäijaõnnetus,Valge aeg
2015-08-10 00:00:00,2,0,1,Tartu maakond,1,Jalakäijaõnnetus,Valge aeg
2015-09-10 00:00:00,2,0,1,Ida-Viru maakond,1,Jalakäijaõnnetus,Pimeda aeg
2015-11-10 00:00:00,2,0,1,Ida-Viru maakond,0,Kokkupõrge,Valge aeg
2015-12-10 00:00:00,1,0,1,Ida-Viru maakond,0,Ühesõidukiõnnetus,Pimeda aeg
2015-10-14 14:38:00,2,0,1,Harju maakond,0,Kokkupõrge,Valge aeg
2015-10-17 23:40:00,2,0,1,Ida-Viru maakond,1,Jalakäijaõnnetus,Pimeda aeg
2015-10-18 11:30:00,3,0,2,Harju maakond,0,Kokkupõrge,Valge aeg
2015-10-19 13:34:00,2,0,1,Harju maakond,0,Muu liiklusõnnetus,Valge aeg
2015-10-21 17:10:00,2,0,1,Ida-Viru maakond,0,Kokkupõrge,Valge aeg
2015-10-27 19:40:00,2,0,1,Ida-Viru maakond,1,Jalakäijaõnnetus,Pimeda aeg
2015-02-11 00:00:00,2,1,0,Lääne-Viru maakond,0,Kokkupõrge,Valge aeg
2015-03-11 00:00:00,4,0,1,Harju maakond,0,Kokkupõrge,Valge aeg
2015-04-11 00:00:00,3,0,2,Lääne-Viru maakond,0,Ühesõidukiõnnetus,Valge aeg
2015-05-11 00:00:00,2,1,0,Ida-Viru maakond,1,Jalakäijaõnnetus,Pimeda aeg
2015-08-11 00:00:00,2,0,2,Harju maakond,0,Kokkupõrge,Valge aeg
2015-10-11 00:00:00,3,0,2,Harju maakond,0,Kokkupõrge,Pimeda aeg
2015-12-11 00:00:00,2,0,1,Ida-Viru maakond,1,Jalakäijaõnnetus,Valge aeg
2015-11-15 10:18:00,3,0,1,Harju maakond,0,Kokkupõrge,Valge aeg
2015-11-19 17:27:00,1,1,0,Ida-Viru maakond,1,Jalakäijaõnnetus,Pimeda aeg
2015-11-20 07:20:00,2,0,1,Ida-Viru maakond,0,Kokkupõrge,Valge aeg
2015-11-20 16:35:00,2,0,1,Ida-Viru maakond,1,Jalakäijaõnnetus,Pimeda aeg
2015-11-21 12:20:00,1,0,1,Lääne-Viru maakond,0,Ühesõidukiõnnetus,Valge aeg
2015-11-23 08:35:00,5,0,4,Lääne-Viru maakond,0,Kokkupõrge,Valge aeg
2015-11-26 18:20:00,2,0,1,Pärnu maakond,1,Jalakäijaõnnetus,Pimeda aeg
2015-11-29 21:09:00,2,0,1,Harju maakond,0,Teadmata,Valge aeg
2015-01-12 00:00:00,3,0,3,Ida-Viru maakond,0,Kokkupõrge,Pimeda aeg
2015-01-12 00:00:00,1,1,0,Lääne-Viru maakond,0,Ühesõidukiõnnetus,Pimeda aeg
2015-01-12 00:00:00,3,0,3,Ida-Viru maakond,0,Ühesõidukiõnnetus,Pimeda aeg
2015-02-12 00:00:00,2,0,2,Harju maakond,0,Ühesõidukiõnnetus,Valge aeg
2015-02-12 00:00:00,2,0,1,Harju maakond,1,Jalakäijaõnnetus,Pimeda aeg
2015-02-12 00:00:00,2,0,1,Ida-Viru maakond,1,Jalakäijaõnnetus,Pimeda aeg
2015-02-12 00:00:00,3,0,3,Lääne-Viru maakond,0,Ühesõidukiõnnetus,Pimeda aeg
2015-03-12 00:00:00,2,1,0,Lääne-Viru maakond,1,Jalakäijaõnnetus,Pimeda aeg
2015-04-12 00:00:00,2,0,1,Harju maakond,0,Kokkupõrge,Pimeda aeg
2015-05-12 00:00:00,1,0,1,Ida-Viru maakond,0,Kokkupõrge,Pimeda aeg
2015-06-12 00:00:00,2,0,1,Ida-Viru maakond,1,Jalakäijaõnnetus,Valge aeg
2015-06-12 00:00:00,2,0,1,Lääne-Viru maakond,1,Jalakäijaõnnetus,Valge aeg
2015-12-12 00:00:00,2,0,2,Lääne-Viru maakond,0,Ühesõidukiõnnetus,Pimeda aeg
2015-12-13 17:15:00,2,0,1,Ida-Viru maakond,1,Jalakäijaõnnetus,Pimeda aeg
2015-12-17 16:00:00,4,0,2,Ida-Viru maakond,0,Kokkupõrge,Pimeda aeg
2015-12-18 16:13:00,2,0,1,Ida-Viru maakond,1,Jalakäijaõnnetus,Pimeda aeg
2015-12-20 13:56:00,2,0,2,Harju maakond,0,Kokkupõrge,Valge aeg
2015-12-24 15:39:00,2,0,1,Harju maakond,1,Jalakäijaõnnetus,Pimeda aeg
2015-12-26 14:40:00,9,0,6,Ida-Viru maakond,0,Kokkupõrge,Valge aeg
2015-12-28 20:10:00,1,0,1,Lääne-Viru maakond,0,Ühesõidukiõnnetus,Pimeda aeg
2015-12-30 18:10:00,1,0,1,Lääne-Viru maakond,0,Muu liiklusõnnetus,Pimeda aeg
2015-12-31 12:46:00,2,0,1,Harju maakond,0,Kokkupõrge,Valge aeg
2016-01-01 15:15:00,4,0,2,Ida-Viru maakond,0,Kokkupõrge,Valge aeg
2016-05-01 00:00:00,2,0,1,Ida-Viru maakond,1,Jalakäijaõnnetus,Valge aeg
2016-05-01 00:00:00,2,0,1,Ida-Viru maakond,1,Jalakäijaõnnetus,Pimeda aeg
2016-07-01 00:00:00,2,0,1,Ida-Viru maakond,1,Jalakäijaõnnetus,Valge aeg
2016-08-01 00:00:00,1,0,1,Lääne-Viru maakond,0,Ühesõidukiõnnetus,Pimeda aeg
2016-08-01 00:00:00,1,0,1,Ida-Viru maakond,0,Ühesõidukiõnnetus,Valge aeg
2016-12-01 00:00:00,1,0,1,Põlva maakond,0,Ühesõidukiõnnetus,Valge aeg
2016-12-01 00:00:00,2,0,1,Harju maakond,1,Jalakäijaõnnetus,Valge aeg
2016-01-13 13:47:00,2,0,1,Harju maakond,0,Kokkupõrge,Valge aeg
2016-01-13 22:40:00,2,0,1,Lääne-Viru maakond,0,Ühesõidukiõnnetus,Pimeda aeg
2016-01-14 11:45:00,3,0,1,Ida-Viru maakond,0,Kokkupõrge,Valge aeg
2016-01-14 13:00:00,3,0,1,Lääne-Viru maakond,0,Kokkupõrge,Valge aeg
2016-01-16 10:35:00,1,0,1,Lääne-Viru maakond,0,Ühesõidukiõnnetus,Valge aeg
2016-01-20 00:10:00,3,0,2,Harju maakond,0,Kokkupõrge,Pimeda aeg
2016-01-21 18:30:00,3,0,1,Lääne-Viru maakond,1,Jalakäijaõnnetus,Pimeda aeg
2016-01-22 08:00:00,2,0,1,Lääne-Viru maakond,1,Jalakäijaõnnetus,Pimeda aeg
2016-01-22 18:20:00,2,0,1,Ida-Viru maakond,0,Ühesõidukiõnnetus,Pimeda aeg
2016-01-23 19:01:00,3,1,0,Harju maakond,1,Jalakäijaõnnetus,Pimeda aeg
2016-01-25 19:50:00,2,0,1,Ida-Viru maakond,1,Jalakäijaõnnetus,Pimeda aeg
2016-01-26 09:10:00,2,0,1,Ida-Viru maakond,1,Jalakäijaõnnetus,Valge aeg
2016-01-26 12:00:00,5,0,2,Lääne-Viru maakond,0,Kokkupõrge,Valge aeg
2016-01-29 00:42:00,10,0,20,Ida-Viru maakond,0,Ühesõidukiõnnetus,Pimeda aeg
2016-01-29 11:00:00,2,0,1,Ida-Viru maakond,1,Jalakäijaõnnetus,Valge aeg
2016-02-02 00:00:00,1,0,1,Harju maakond,0,Muu liiklusõnnetus,Pimeda aeg
2016-04-02 00:00:00,3,0,1,Harju maakond,0,Kokkupõrge,Pimeda aeg
2016-06-02 00:00:00,4,0,1,Ida-Viru maakond,0,Kokkupõrge,Pimeda aeg
2016-08-02 00:00:00,22,1,20,Ida-Viru maakond,0,Kokkupõrge,Pimeda aeg