date,persons_involved,killed,injured,county,pedestrian_involved,accident_type,light_conditions
2016-09-02 00:00:00,2,0,1,Ida-Viru maakond,1,Jalakäijaõnnetus,Pimeda aeg
2016-10-02 00:00:00,2,0,1,Ida-Viru maakond,1,Jalakäijaõnnetus,Pimeda aeg
2016-12-02 00:00:00,11,0,1,Ida-Viru maakond,0,Muu liiklusõnnetus,Pimeda aeg
2016-02-13 14:35:00,2,0,1,Ida-Viru maakond,0,Kokkupõrge,Valge aeg
2016-02-14 21:25:00,2,0,1,Harju maakond,1,Jalakäijaõnnetus,Pimeda aeg
2016-02-17 15:10:00,2,0,1,Ida-Viru maakond,1,Jalakäijaõnnetus,Valge aeg
2016-02-19 16:20:00,2,0,1,Ida-Viru maakond,1,Jalakäijaõnnetus,Valge aeg
2016-02-21 17:38:00,4,0,4,Ida-Viru maakond,0,Kokkupõrge,Pimeda aeg
2016-02-22 12:43:00,5,0,3,Pärnu maakond,1,Kokkupõrge,Valge aeg
2016-02-25 12:30:00,4,0,4,Lääne-Viru maakond,0,Kokkupõrge,Valge aeg
2016-02-28 19:30:00,3,0,1,Lääne-Viru maakond,0,Kokkupõrge,Pimeda aeg
2016-01-03 00:00:00,1,0,1,Lääne-Viru maakond,0,Ühesõidukiõnnetus,Valge aeg
2016-11-03 00:00:00,2,0,1,Harju maakond,1,Jalakäijaõnnetus,Pimeda aeg
2016-03-18 15:14:00,2,0,1,Ida-Viru maakond,1,Jalakäijaõnnetus,Valge aeg
2016-03-20 18:10:00,2,0,1,Harju maakond,1,Jalakäijaõnnetus,Pimeda aeg
2016-03-27 21:26:00,1,0,1,Ida-Viru maakond,1,Jalakäijaõnnetus,Pimeda aeg
2016-03-28 13:20:00,2,0,1,Harju maakond,1,Jalakäijaõnnetus,Valge aeg
2016-03-28 22:15:00,2,1,0,Lääne-Viru maakond,1,Jalakäijaõnnetus,Pimeda aeg
2016-01-04 00:00:00,2,1,0,Ida-Viru maakond,1,Jalakäijaõnnetus,Valge aeg
2016-01-04 00:00:00,1,0,1,Ida-Viru maakond,0,Ühesõidukiõnnetus,Valge aeg
2016-02-04 00:00:00,2,0,1,Harju maakond,1,Jalakäijaõnnetus,Valge aeg
2016-06-04 00:00:00,5,0,1,Lääne-Viru maakond,0,Kokkupõrge,Valge aeg
2016-06-04 00:00:00,2,0,1,Ida-Viru maakond,1,Jalakäijaõnnetus,Valge aeg
2016-06-04 00:00:00,2,0,1,Lääne-Viru maakond,1,Jalakäijaõnnetus,Valge aeg
2016-07-04 00:00:00,1,0,1,Lääne-Viru maakond,0,Ühesõidukiõnnetus,Valge aeg
2016-12-04 00:00:00,2,1,0,Lääne-Viru maakond,0,Kokkupõrge,Valge aeg
2016-12-04 00:00:00,1,0,1,Ida-Viru maakond,1,Jalakäijaõnnetus,Valge aeg
2016-04-13 08:50:00,2,0,1,Ida-Viru maakond,1,Jalakäijaõnnetus,Valge aeg
2016-04-15 10:45:00,2,0,1,Ida-Viru maakond,0,Muu liiklusõnnetus,Valge aeg
2016-04-15 18:36:00,3,0,2,Harju maakond,0,Kokkupõrge,Valge aeg
2016-04-15 18:46:00,2,0,1,Harju maakond,0,Muu liiklusõnnetus,Valge aeg
2016-04-15 20:35:00,1,0,1,Jõgeva maakond,0,Muu liiklusõnnetus,Valge aeg
2016-04-16 13:43:00,2,0,1,Harju maakond,0,Kokkupõrge,Valge aeg
2016-04-16 15:45:00,2,0,1,Ida-Viru maakond,0,Kokkupõrge,Valge aeg
2016-04-18 12:20:00,3,0,1,Ida-Viru maakond,1,Jalakäijaõnnetus,Valge aeg
2016-04-19 07:55:00,3,0,1,Harju maakond,0,Kokkupõrge,Valge aeg
2016-04-23 12:40:00,4,0,3,Ida-Viru maakond,0,Kokkupõrge,Valge aeg
2016-04-23 15:36:00,2,0,1,Ida-Viru maakond,0,Kokkupõrge,Valge aeg
2016-04-23 17:23:00,2,0,1,Ida-Viru maakond,0,Kokkupõrge,Valge aeg
2016-04-24 22:44:00,1,0,1,Lääne-Viru maakond,0,Ühesõidukiõnnetus,Pimeda aeg
2016-04-26 07:30:00,2,0,1,Harju maakond,1,Jalakäijaõnnetus,Valge aeg
2016-01-05 00:00:00,5,0,1,Harju maakond,0,Kokkupõrge,Valge aeg
2016-02-05 00:00:00,2,0,1,Ida-Viru maakond,0,Muu liiklusõnnetus,Valge aeg
2016-02-05 00:00:00,1,0,1,Harju maakond,0,Muu liiklusõnnetus,Valge aeg
2016-03-05 00:00:00,11,0,11,Ida-Viru maakond,0,Ühesõidukiõnnetus,Valge aeg
2016-09-05 00:00:00,2,0,1,Harju maakond,0,Kokkupõrge,Valge aeg
2016-10-05 00:00:00,3,0,1,Ida-Viru maakond,0,Kokkupõrge,Valge aeg
2016-11-05 00:00:00,2,0,1,Harju maakond,0,Kokkupõrge,Valge aeg
2016-11-05 00:00:00,2,0,1,Harju maakond,1,Jalakäijaõnnetus,Valge aeg
2016-11-05 00:00:00,2,0,1,Lääne-Viru maakond,0,Kokkupõrge,Valge aeg
2016-11-05 00:00:00,2,0,1,Harju maakond,0,Muu liiklusõnnetus,Valge aeg
2016-11-05 00:00:00,2,0,1,Harju maakond,0,Kokkupõrge,Pimeda aeg
2016-05-13 18:15:00,3,0,1,Ida-Viru maakond,0,Kokkupõrge,Valge aeg
2016-05-14 14:03:00,2,0,1,Harju maakond,0,Kokkupõrge,Valge aeg
2016-05-16 16:50:00,2,0,1,Harju maakond,0,Kokkupõrge,Valge aeg
2016-05-18 17:25:00,2,0,1,Lääne-Viru maakond,0,Kokkupõrge,Valge aeg
2016-05-21 00:55:00,2,0,1,Ida-Viru maakond,0,Kokkupõrge,Pimeda aeg
2016-05-21 04:05:00,3,0,2,Lääne-Viru maakond,0,Ühesõidukiõnnetus,Valge aeg
2016-05-22 18:00:00,2,0,1,Harju maakond,1,Jalakäijaõnnetus,Valge aeg
2016-05-23 11:00:00,2,0,1,Harju maakond,1,Jalakäijaõnnetus,Valge aeg
2016-05-24 12:20:00,2,0,1,Ida-Viru maakond,0,Muu liiklusõnnetus,Valge aeg
2016-05-25 07:30:00,2,0,1,Ida-Viru maakond,0,Kokkupõrge,Valge aeg
2016-05-25 15:27:00,13,0,4,Lääne-Viru maakond,0,Kokkupõrge,Valge aeg
2016-05-25 15:53:00,2,0,1,Ida-Viru maakond,1,Jalakäijaõnnetus,Valge aeg
2016-03-06 00:00:00,2,0,2,Harju maakond,0,Kokkupõrge,Valge aeg
2016-03-06 00:00:00,2,0,2,Ida-Viru maakond,0,Ühesõidukiõnnetus,Valge aeg
2016-04-06 00:00:00,2,0,1,Lääne-Viru maakond,0,Ühesõidukiõnnetus,Valge aeg
2016-04-06 00:00:00,1,0,1,Lääne-Viru maakond,0,Ühesõidukiõnnetus,Valge aeg
2016-05-06 00:00:00,2,0,1,Harju maakond,0,Kokkupõrge,Valge aeg
2016-07-06 00:00:00,2,0,1,Harju maakond,0,Kokkupõrge,Valge aeg
2016-09-06 00:00:00,2,0,1,Ida-Viru maakond,1,Jalakäijaõnnetus,Valge aeg
2016-10-06 00:00:00,2,0,1,Harju maakond,0,Kokkupõrge,Valge aeg
2016-11-06 00:00:00,4,0,3,Harju maakond,0,Kokkupõrge,Valge aeg
2016-11-06 00:00:00,5,0,3,Ida-Viru maakond,0,Kokkupõrge,Valge aeg
2016-12-06 00:00:00,2,0,1,Ida-Viru maakond,0,Kokkupõrge,Valge aeg
2016-06-13 17:21:00,3,1,2,Harju maakond,0,Ühesõidukiõnnetus,Valge aeg
2016-06-13 20:17:00,2,0,1,Lääne-Viru maakond,0,Kokkupõrge,Valge aeg
2016-06-14 14:20:00,2,0,2,Lääne-Viru maakond,0,Ühesõidukiõnnetus,Valge aeg
2016-06-19 15:00:00,3,0,2,Lääne-Viru maakond,0,Ühesõidukiõnnetus,Valge aeg
2016-06-19 22:48:00,2,0,2,Valga maakond,0,Ühesõidukiõnnetus,Valge aeg
2016-06-20 07:35:00,1,0,1,Ida-Viru maakond,0,Ühesõidukiõnnetus,Valge aeg
2016-06-20 10:12:00,2,0,1,Harju maakond,0,Kokkupõrge,Valge aeg
2016-06-21 11:44:00,2,0,1,Harju maakond,0,Muu liiklusõnnetus,Valge aeg
2016-06-22 09:45:00,2,0,1,Ida-Viru maakond,1,Jalakäijaõnnetus,Valge aeg
2016-06-22 16:45:00,2,0,1,Lääne-Viru maakond,0,Kokkupõrge,Valge aeg
2016-06-23 01:00:00,3,0,3,Ida-Viru maakond,0,Ühesõidukiõnnetus,Pimeda aeg
2016-06-24 02:15:00,1,1,0,Ida-Viru maakond,0,Ühesõidukiõnnetus,Pimeda aeg
2016-06-27 10:30:00,2,0,1,Harju maakond,1,Jalakäijaõnnetus,Valge aeg
2016-06-27 12:20:00,2,0,1,Harju maakond,1,Jalakäijaõnnetus,Valge aeg
2016-06-30 10:17:00,1,0,1,Ida-Viru maakond,0,Ühesõidukiõnnetus,Valge aeg
2016-04-07 00:00:00,3,0,1,Ida-Viru maakond,0,Kokkupõrge,Valge aeg
2016-09-07 00:00:00,3,0,1,Lääne-Viru maakond,0,Ühesõidukiõnnetus,Valge aeg
2016-09-07 00:00:00,2,0,2,Ida-Viru maakond,0,Kokkupõrge,Valge aeg
2016-11-07 00:00:00,2,0,1,Ida-Viru maakond,0,Kokkupõrge,Valge aeg
2016-11-07 00:00:00,2,0,1,Ida-Viru maakond,0,Kokkupõrge,Valge aeg
2016-11-07 00:00:00,1,0,1,Lääne-Viru maakond,0,Ühesõidukiõnnetus,Valge aeg
2016-12-07 00:00:00,1,0,1,Lääne-Viru maakond,0,Ühesõidukiõnnetus,Valge aeg
2016-07-14 17:20:00,2,0,1,Harju maakond,0,Kokkupõrge,Valge aeg
2016-07-14 20:10:00,2,0,1,Harju maakond,0,Kokkupõrge,Valge aeg
2016-07-17 02:15:00,1,0,1,Lääne-Viru maakond,0,Ühesõidukiõnnetus,Pimeda aeg
2016-07-19 02:30:00,3,0,2,Lääne-Viru maakond,0,Kokkupõrge,Pimeda aeg
2016-07-21 12:26:00,3,0,1,Ida-Viru maakond,1,Jalakäijaõnnetus,Valge aeg
2016-07-22 17:30:00,5,0,3,Ida-Viru maakond,0,Kokkupõrge,Valge aeg
2016-07-23 11:00:00,4,0,1,Ida-Viru maakond,0,Kokkupõrge,Valge aeg
2016-07-24 14:20:00,5,0,3,Ida-Viru maakond,0,Kokkupõrge,Valge aeg
2016-07-25 18:15:00,1,0,1,Ida-Viru maakond,0,Ühesõidukiõnnetus,Valge aeg
2016-07-27 12:45:00,3,0,1,Ida-Viru maakond,0,Kokkupõrge,Valge aeg
2016-07-30 20:59:00,5,3,1,Lääne-Viru maakond,0,Kokkupõrge,Valge aeg
2016-07-31 12:45:00,4,0,1,Lääne-Viru maakond,0,Kokkupõrge,Valge aeg
2016-03-08 00:00:00,2,0,1,Ida-Viru maakond,1,Jalakäijaõnnetus,Valge aeg
2016-04-08 00:00:00,2,0,1,Ida-Viru maakond,0,Kokkupõrge,Valge aeg
2016-04-08 00:00:00,2,0,1,Ida-Viru maakond,0,Jalakäijaõnnetus,Valge aeg
2016-06-08 00:00:00,1,0,1,Lääne-Viru maakond,0,Ühesõidukiõnnetus,Valge aeg
2016-07-08 00:00:00,1,0,1,Harju maakond,0,Ühesõidukiõnnetus,Valge aeg
2016-08-08 00:00:00,4,0,3,Harju maakond,0,Kokkupõrge,Valge aeg
2016-09-08 00:00:00,2,0,1,Harju maakond,0,Muu liiklusõnnetus,Pimeda aeg
2016-10-08 00:00:00,2,0,1,Harju maakond,0,Kokkupõrge,Valge aeg
2016-11-08 00:00:00,2,0,1,Ida-Viru maakond,0,Kokkupõrge,Pimeda aeg
2016-12-08 00:00:00,5,0,1,Lääne-Viru maakond,1,Jalakäijaõnnetus,Valge aeg
2016-08-14 21:05:00,1,0,1,Ida-Viru maakond,0,Muu liiklusõnnetus,Valge aeg
2016-08-15 11:30:00,4,0,1,Lääne-Viru maakond,0,Kokkupõrge,Valge aeg
2016-08-15 13:55:00,2,0,1,Ida-Viru maakond,0,Jalakäijaõnnetus,Valge aeg
2016-08-16 17:55:00,4,0,1,Harju maakond,0,Kokkupõrge,Valge aeg
2016-08-17 00:00:00,1,0,1,Ida-Viru maakond,0,Ühesõidukiõnnetus,Pimeda aeg
2016-08-19 00:25:00,1,0,1,Ida-Viru maakond,0,Ühesõidukiõnnetus,Pimeda aeg
2016-08-19 15:25:00,2,0,1,Ida-Viru maakond,1,Jalakäijaõnnetus,Valge aeg
2016-08-19 17:16:00,3,0,3,Harju maakond,0,Kokkupõrge,Valge aeg
2016-08-22 21:49:00,2,0,1,Harju maakond,0,Kokkupõrge,Pimeda aeg
2016-08-30 10:51:00,3,0,2,Ida-Viru maakond,0,Kokkupõrge,Valge aeg
2016-08-31 18:20:00,2,0,1,Lääne-Viru maakond,0,Kokkupõrge,Valge aeg
2016-03-09 00:00:00,2,0,2,Ida-Viru maakond,1,Jalakäijaõnnetus,Valge aeg
2016-07-09 00:00:00,1,0,1,Harju maakond,0,Ühesõidukiõnnetus,Pimeda aeg
2016-09-09 00:00:00,2,0,2,Lääne-Viru maakond,0,Kokkupõrge,Valge aeg
2016-10-09 00:00:00,2,0,1,Lääne-Viru maakond,0,Kokkupõrge,Valge aeg
2016-11-09 00:00:00,2,0,1,Ida-Viru maakond,1,Jalakäijaõnnetus,Valge aeg
2016-11-09 00:00:00,3,0,1,Ida-Viru maakond,0,Kokkupõrge,Valge aeg
2016-11-09 00:00:00,2,0,2,Harju maakond,0,Kokkupõrge,Pimeda aeg
2016-12-09 00:00:00,1,0,1,Lääne-Viru maakond,0,Ühesõidukiõnnetus,Valge aeg
2016-12-09 00:00:00,1,0,1,Lääne-Viru maakond,0,Ühesõidukiõnnetus,Valge aeg
2016-09-13 18:05:00,2,0,1,Ida-Viru maakond,1,Jalakäijaõnnetus,Valge aeg
2016-09-14 13:50:00,2,0,1,Ida-Viru maakond,1,Jalakäijaõnnetus,Valge aeg
2016-09-15 18:50:00,3,0,1,Ida-Viru maakond,0,Kokkupõrge,Valge aeg
2016-09-15 21:29:00,1,0,1,Ida-Viru maakond,0,Muu liiklusõnnetus,Pimeda aeg
2016-09-16 06:00:00,1,0,1,Ida-Viru maakond,0,Muu liiklusõnnetus,Pimeda aeg
2016-09-16 10:20:00,3,0,1,Ida-Viru maakond,0,Kokkupõrge,Valge aeg
2016-09-16 12:29:00,3,0,2,Harju maakond,0,Kokkupõrge,Valge aeg
2016-09-18 12:55:00,1,0,1,Lääne-Viru maakond,0,Ühesõidukiõnnetus,Valge aeg
2016-09-18 14:51:00,2,0,1,Ida-Viru maakond,0,Kokkupõrge,Valge aeg
2016-09-19 10:40:00,2,0,1,Lääne-Viru maakond,0,Ühesõidukiõnnetus,Valge aeg
2016-09-19 22:00:00,1,0,1,Lääne-Viru maakond,0,Ühesõidukiõnnetus,Pimeda aeg
2016-09-21 09:40:00,1,0,1,Lääne-Viru maakond,0,Ühesõidukiõnnetus,Valge aeg
2016-09-23 23:30:00,2,0,1,Ida-Viru maakond,1,Jalakäijaõnnetus,Pimeda aeg
2016-09-27 13:30:00,2,0,1,Harju maakond,0,Kokkupõrge,Valge aeg
2016-09-27 20:10:00,2,0,1,Ida-Viru maakond,0,Muu liiklusõnnetus,Pimeda aeg
2016-09-28 17:50:00,2,0,1,Lääne-Viru maakond,0,Kokkupõrge,Valge aeg
2016-09-30 14:25:00,5,0,1,Lääne-Viru maakond,0,Kokkupõrge,Valge aeg
2016-03-10 00:00:00,3,0,3,Lääne-Viru maakond,0,Ühesõidukiõnnetus,Valge aeg
2016-05-10 00:00:00,2,1,0,Ida-Viru maakond,1,Jalakäijaõnnetus,Pimeda aeg
2016-06-10 00:00:00,2,0,1,Harju maakond,1,Jalakäijaõnnetus,Valge aeg
2016-06-10 00:00:00,2,0,2,Võru maakond,0,Ühesõidukiõnnetus,Valge aeg
2016-07-10 00:00:00,1,0,1,Lääne-Viru maakond,1,Jalakäijaõnnetus,Pimeda aeg
2016-08-10 00:00:00,1,0,1,Ida-Viru maakond,1,Jalakäijaõnnetus,Pimeda aeg
2016-08-10 00:00:00,1,1,0,Lääne-Viru maakond,0,Ühesõidukiõnnetus,Valge aeg
2016-10-17 14:05:00,3,0,1,Ida-Viru maakond,1,Jalakäijaõnnetus,Valge aeg
2016-10-19 07:40:00,2,0,1,Ida-Viru maakond,0,Muu liiklusõnnetus,Valge aeg
2016-10-20 11:30:00,2,0,1,Harju maakond,0,Ühesõidukiõnnetus,Valge aeg
2016-10-20 19:40:00,3,0,1,Ida-Viru maakond,0,Kokkupõrge,Pimeda aeg
2016-10-21 10:20:00,2,0,1,Ida-Viru maakond,1,Jalakäijaõnnetus,Valge aeg
2016-10-21 18:47:00,2,0,1,Harju maakond,1,Jalakäijaõnnetus,Pimeda aeg
2016-10-22 21:55:00,1,0,1,Ida-Viru maakond,0,Ühesõidukiõnnetus,Pimeda aeg
2016-10-31 18:50:00,2,0,1,Ida-Viru maakond,1,Jalakäijaõnnetus,Pimeda aeg
2016-01-11 00:00:00,2,0,1,Ida-Viru maakond,1,Jalakäijaõnnetus,Valge aeg
2016-02-11 00:00:00,2,0,2,Harju maakond,0,Kokkupõrge,Pimeda aeg
2016-02-11 00:00:00,5,0,4,Ida-Viru maakond,0,Kokkupõrge,Pimeda aeg
2016-03-11 00:00:00,1,0,1,Lääne-Viru maakond,0,Ühesõidukiõnnetus,Pimeda aeg
2016-03-11 00:00:00,2,0,1,Harju maakond,0,Kokkupõrge,Valge aeg
2016-03-11 00:00:00,3,3,0,Lääne-Viru maakond,0,Kokkupõrge,Valge aeg
2016-04-11 00:00:00,2,0,1,Ida-Viru maakond,1,Jalakäijaõnnetus,Pimeda aeg
2016-10-11 00:00:00,2,0,1,Ida-Viru maakond,1,Jalakäijaõnnetus,Valge aeg
2016-10-11 00:00:00,3,0,3,Ida-Viru maakond,0,Kokkupõrge,Pimeda aeg
2016-10-11 00:00:00,2,0,1,Harju maakond,1,Jalakäijaõnnetus,Pimeda aeg
2016-12-11 00:00:00,2,0,1,Tartu maakond,0,Kokkupõrge,Pimeda aeg
2016-11-16 11:18:00,2,0,1,Ida-Viru maakond,1,Jalakäijaõnnetus,Valge aeg
2016-11-18 14:45:00,3,0,1,Ida-Viru maakond,0,Ühesõidukiõnnetus,Valge aeg
2016-11-18 18:24:00,2,1,0,Harju maakond,1,Jalakäijaõnnetus,Pimeda aeg
2016-11-19 12:10:00,2,0,1,Lääne-Viru maakond,0,Kokkupõrge,Valge aeg
2016-11-24 17:13:00,2,0,1,Ida-Viru maakond,1,Jalakäijaõnnetus,Pimeda aeg
2016-11-26 10:00:00,6,1,5,Ida-Viru maakond,0,Kokkupõrge,Valge aeg
2016-11-29 19:48:00,3,0,2,Harju maakond,0,Kokkupõrge,Pimeda aeg
2016-11-29 21:00:00,2,0,1,Ida-Viru maakond,0,Kokkupõrge,Pimeda aeg
2016-11-30 18:45:00,3,0,2,Ida-Viru maakond,0,Kokkupõrge,Pimeda aeg
2016-01-12 00:00:00,2,0,1,Harju maakond,0,Kokkupõrge,Valge aeg
2016-03-12 00:00:00,2,0,1,Ida-Viru maakond,1,Jalakäijaõnnetus,Pimeda aeg
2016-03-12 00:00:00,3,0,1,Ida-Viru maakond,0,Muu liiklusõnnetus,Pimeda aeg
2016-04-12 00:00:00,5,0,4,Ida-Viru maakond,0,Ühesõidukiõnnetus,Valge aeg
2016-04-12 00:00:00,3,0,1,Harju maakond,0,Kokkupõrge,Pimeda aeg
2016-05-12 00:00:00,1,0,1,Ida-Viru maakond,0,Ühesõidukiõnnetus,Valge aeg
2016-10-12 00:00:00,1,0,1,Harju maakond,0,Ühesõidukiõnnetus,Pimeda aeg
2016-10-12 00:00:00,2,0,1,Harju maakond,1,Jalakäijaõnnetus,Pimeda aeg
2016-12-14 08:57:00,1,0,1,Harju maakond,0,Ühesõidukiõnnetus,Valge aeg
2016-12-14 16:00:00,1,0,1,Lääne-Viru maakond,0,Ühesõidukiõnnetus,Pimeda aeg
2016-12-19 17:29:00,2,0,1,Lääne-Viru maakond,1,Jalakäijaõnnetus,Pimeda aeg
2016-12-22 02:35:00,4,0,4,Lääne-Viru maakond,0,Ühesõidukiõnnetus,Pimeda aeg
2016-12-23 10:56:00,1,0,1,Harju maakond,1,Muu liiklusõnnetus,Valge aeg
2016-12-24 14:25:00,6,0,2,Lääne-Viru maakond,0,Kokkupõrge,Valge aeg
2016-12-25 08:45:00,2,0,1,Ida-Viru maakond,0,Ühesõidukiõnnetus,Valge aeg
2016-12-26 17:55:00,2,0,1,Ida-Viru maakond,0,Kokkupõrge,Pimeda aeg
2017-02-01 00:00:00,1,0,1,Ida-Viru maakond,0,Ühesõidukiõnnetus,Valge aeg
2017-04-01 00:00:00,2,0,1,Harju maakond,1,Jalakäijaõnnetus,Valge aeg
2017-05-01 00:00:00,10,0,6,Lääne-Viru maakond,0,Kokkupõrge,Valge aeg
2017-12-01 00:00:00,5,0,1,Harju maakond,0,Kokkupõrge,Valge aeg
2017-01-16 17:00:00,4,0,1,Lääne-Viru maakond,1,Jalakäijaõnnetus,Pimeda aeg
2017-01-16 17:30:00,2,0,1,Harju maakond,0,Kokkupõrge,Pimeda aeg
2017-01-17 13:10:00,2,0,1,Ida-Viru maakond,1,Jalakäijaõnnetus,Valge aeg
2017-01-18 19:10:00,1,1,0,Ida-Viru maakond,0,Ühesõidukiõnnetus,Pimeda aeg
2017-01-30 00:30:00,4,1,1,Lääne-Viru maakond,0,Ühesõidukiõnnetus,Pimeda aeg
2017-01-02 00:00:00,1,0,1,Harju maakond,0,Ühesõidukiõnnetus,Valge aeg
2017-04-02 00:00:00,1,0,1,Ida-Viru maakond,0,Ühesõidukiõnnetus,Valge aeg
2017-06-02 00:00:00,2,0,1,Lääne-Viru maakond,0,Kokkupõrge,Valge aeg
2017-06-02 00:00:00,1,0,1,Ida-Viru maakond,0,Kokkupõrge,Valge aeg
2017-06-02 00:00:00,2,0,1,Lääne-Viru maakond,1,Jalakäijaõnnetus,Valge aeg
2017-08-02 00:00:00,2,0,1,Ida-Viru maakond,1,Jalakäijaõnnetus,Valge aeg
2017-08-02 00:00:00,2,0,1,Harju maakond,1,Jalakäijaõnnetus,Valge aeg
2017-08-02 00:00:00,2,0,1,Ida-Viru maakond,1,Jalakäijaõnnetus,Valge aeg
2017-11-02 00:00:00,3,0,2,Lääne-Viru maakond,0,Ühesõidukiõnnetus,Pimeda aeg
2017-02-13 06:10:00,2,0,1,Ida-Viru maakond,0,Kokkupõrge,Pimeda aeg
2017-02-14 17:13:00,3,0,2,Harju maakond,0,Kokkupõrge,Pimeda aeg
2017-02-16 06:03:00,3,0,3,Harju maakond,0,Ühesõidukiõnnetus,Pimeda aeg
2017-02-17 07:05:00,3,0,1,Lääne-Viru maakond,0,Ühesõidukiõnnetus,Valge aeg
2017-02-18 19:25:00,4,0,1,Lääne-Viru maakond,0,Muu liiklusõnnetus,Pimeda aeg
2017-02-20 12:08:00,2,0,1,Ida-Viru maakond,0,Ühesõidukiõnnetus,Valge aeg
2017-02-21 19:15:00,2,0,1,Lääne-Viru maakond,0,Muu liiklusõnnetus,Pimeda aeg
2017-02-28 05:51:00,2,0,1,Ida-Viru maakond,0,Ühesõidukiõnnetus,Pimeda aeg
2017-02-28 07:30:00,3,0,2,Lääne-Viru maakond,0,Ühesõidukiõnnetus,Valge aeg
2017-08-03 00:00:00,3,0,1,Lääne-Viru maakond,0,Ühesõidukiõnnetus,Valge aeg
2017-10-03 00:00:00,1,0,1,Ida-Viru maakond,1,Jalakäijaõnnetus,Valge aeg
2017-11-03 00:00:00,2,0,1,Ida-Viru maakond,0,Kokkupõrge,Valge aeg
2017-11-03 00:00:00,2,1,0,Ida-Viru maakond,0,Kokkupõrge,Pimeda aeg
2017-12-03 00:00:00,3,2,0,Ida-Viru maakond,0,Kokkupõrge,Valge aeg
2017-03-21 18:45:00,3,2,0,Lääne-Viru maakond,0,Kokkupõrge,Valge aeg
2017-03-23 20:30:00,5,1,0,Ida-Viru maakond,0,Kokkupõrge,Pimeda aeg
2017-03-30 21:57:00,1,1,0,Lääne-Viru maakond,0,Ühesõidukiõnnetus,Pimeda aeg
2017-03-31 14:30:00,1,0,1,Ida-Viru maakond,1,Jalakäijaõnnetus,Valge aeg
2017-03-04 00:00:00,5,0,3,Ida-Viru maakond,1,Jalakäijaõnnetus,Valge aeg
2017-09-04 00:00:00,3,0,1,Lääne-Viru maakond,0,Ühesõidukiõnnetus,Valge aeg
2017-10-04 00:00:00,2,0,1,Ida-Viru maakond,0,Muu liiklusõnnetus,Valge aeg
2017-11-04 00:00:00,2,0,1,Ida-Viru maakond,1,Jalakäijaõnnetus,Valge aeg
2017-04-13 06:55:00,3,1,2,Lääne-Viru maakond,0,Kokkupõrge,Valge aeg
2017-04-20 17:25:00,5,0,2,Lääne-Viru maakond,0,Kokkupõrge,Valge aeg
2017-04-21 22:00:00,3,0,2,Lääne-Viru maakond,0,Kokkupõrge,Pimeda aeg
2017-04-22 16:25:00,2,0,1,Ida-Viru maakond,0,Jalakäijaõnnetus,Valge aeg
2017-04-25 20:04:00,2,0,2,Tartu maakond,0,Kokkupõrge,Valge aeg
2017-03-05 00:00:00,2,0,1,Ida-Viru maakond,1,Jalakäijaõnnetus,Valge aeg
2017-05-05 00:00:00,2,0,1,Viljandi maakond,0,Muu liiklusõnnetus,Valge aeg
2017-06-05 00:00:00,2,0,1,Ida-Viru maakond,1,Jalakäijaõnnetus,Valge aeg
2017-07-05 00:00:00,1,0,1,Ida-Viru maakond,0,Muu liiklusõnnetus,Valge aeg
2017-12-05 00:00:00,1,0,1,Ida-Viru maakond,0,Ühesõidukiõnnetus,Pimeda aeg
2017-05-13 20:40:00,2,1,0,Lääne-Viru maakond,0,Kokkupõrge,Valge aeg
2017-05-14 13:10:00,3,0,1,Harju maakond,0,Kokkupõrge,Valge aeg
2017-05-17 15:20:00,2,0,1,Ida-Viru maakond,0,Kokkupõrge,Valge aeg
2017-05-17 16:30:00,3,0,1,Ida-Viru maakond,0,Muu liiklusõnnetus,Valge aeg
2017-05-18 08:48:00,2,0,1,Tartu maakond,0,Kokkupõrge,Valge aeg
2017-05-19 09:05:00,2,0,1,Ida-Viru maakond,0,Muu liiklusõnnetus,Valge aeg
2017-05-20 12:05:00,2,0,1,Ida-Viru maakond,0,Muu liiklusõnnetus,Valge aeg
2013-08-03 00:00:00,2,0,1,Pärnu maakond,0,Kokkupõrge,Valge aeg
2013-12-03 00:00:00,2,0,2,Lääne maakond,0,Kokkupõrge,Valge aeg
2013-03-21 16:00:00,1,0,1,Rapla maakond,1,Jalakäijaõnnetus,Valge aeg
2013-03-28 11:55:00,2,0,1,Rapla maakond,1,Jalakäijaõnnetus,Valge aeg
2013-03-30 19:10:00,1,0,2,Järva maakond,0,Ühesõidukiõnnetus,Pimeda aeg
2013-05-04 00:00:00,1,0,1,Pärnu maakond,1,Jalakäijaõnnetus,Valge aeg
2013-05-04 00:00:00,2,0,1,Rapla maakond,1,Jalakäijaõnnetus,Valge aeg
2013-05-04 00:00:00,1,0,1,Pärnu maakond,0,Ühesõidukiõnnetus,Pimeda aeg
2013-10-04 00:00:00,2,0,1,Pärnu maakond,1,Jalakäijaõnnetus,Valge aeg
2013-04-15 18:28:00,1,0,1,Pärnu maakond,0,Ühesõidukiõnnetus,Valge aeg
2013-04-16 22:10:00,2,0,1,Rapla maakond,0,Kokkupõrge,Pimeda aeg
2013-04-19 10:22:00,2,0,3,Pärnu maakond,0,Kokkupõrge,Valge aeg
2013-04-23 16:17:00,2,0,1,Pärnu maakond,0,Kokkupõrge,Valge aeg