date,persons_involved,killed,injured,county,pedestrian_involved,accident_type,light_conditions
2013-04-25 08:20:00,2,0,1,Lääne maakond,0,Kokkupõrge,Valge aeg
2013-04-28 19:46:00,1,0,1,Saare maakond,0,Kokkupõrge,Valge aeg
2013-04-30 19:28:00,1,0,1,Saare maakond,0,Ühesõidukiõnnetus,Valge aeg
2013-02-05 00:00:00,1,0,2,Lääne maakond,0,Ühesõidukiõnnetus,Pimeda aeg
2013-04-05 00:00:00,1,0,1,Järva maakond,0,Ühesõidukiõnnetus,Valge aeg
2013-06-05 00:00:00,1,0,1,Rapla maakond,0,Ühesõidukiõnnetus,Valge aeg
2013-06-05 00:00:00,1,0,1,Pärnu maakond,0,Ühesõidukiõnnetus,Valge aeg
2013-11-05 00:00:00,2,0,2,Pärnu maakond,0,Kokkupõrge,Valge aeg
2013-12-05 00:00:00,0,0,2,Rapla maakond,0,Ühesõidukiõnnetus,Pimeda aeg
2013-05-18 12:27:00,2,0,1,Pärnu maakond,1,Jalakäijaõnnetus,Valge aeg
2013-05-19 23:30:00,1,1,0,Rapla maakond,0,Ühesõidukiõnnetus,Pimeda aeg
2013-05-20 14:35:00,2,0,1,Järva maakond,0,Kokkupõrge,Valge aeg
2013-05-22 15:00:00,2,0,1,Lääne maakond,0,Kokkupõrge,Valge aeg
2013-05-22 15:08:00,2,0,1,Pärnu maakond,0,Kokkupõrge,Valge aeg
2013-05-26 02:55:00,2,0,1,Järva maakond,1,Jalakäijaõnnetus,Pimeda aeg
2013-05-28 20:04:00,1,0,1,Saare maakond,0,Ühesõidukiõnnetus,Valge aeg
2013-05-28 22:55:00,2,0,1,Pärnu maakond,0,Kokkupõrge,Pimeda aeg
2013-05-31 12:50:00,2,0,1,Hiiu maakond,1,Jalakäijaõnnetus,Valge aeg
2013-05-31 20:20:00,1,0,3,Saare maakond,0,Ühesõidukiõnnetus,Valge aeg
2013-01-06 00:00:00,1,0,1,Pärnu maakond,0,Ühesõidukiõnnetus,Valge aeg
2013-01-06 00:00:00,1,0,2,Rapla maakond,0,Kokkupõrge,Valge aeg
2013-05-06 00:00:00,2,0,1,Rapla maakond,0,Kokkupõrge,Valge aeg
2013-06-06 00:00:00,1,0,2,Lääne maakond,0,Muu liiklusõnnetus,Pimeda aeg
2013-06-06 00:00:00,1,0,1,Järva maakond,0,Ühesõidukiõnnetus,Valge aeg
2013-06-06 00:00:00,1,0,3,Hiiu maakond,0,Ühesõidukiõnnetus,Valge aeg
2013-07-06 00:00:00,2,0,1,Pärnu maakond,1,Jalakäijaõnnetus,Valge aeg
2013-12-06 00:00:00,2,0,1,Pärnu maakond,0,Kokkupõrge,Valge aeg
2013-06-14 15:26:00,2,0,1,Järva maakond,0,Kokkupõrge,Valge aeg
2013-06-15 11:59:00,1,0,1,Pärnu maakond,0,Ühesõidukiõnnetus,Valge aeg
2013-06-15 18:30:00,1,0,1,Saare maakond,0,Ühesõidukiõnnetus,Valge aeg
2013-06-16 05:11:00,1,0,1,Saare maakond,0,Ühesõidukiõnnetus,Valge aeg
2013-06-17 19:05:00,1,0,2,Pärnu maakond,0,Ühesõidukiõnnetus,Valge aeg
2013-06-19 08:20:00,2,0,1,Pärnu maakond,1,Jalakäijaõnnetus,Valge aeg
2013-06-21 01:50:00,2,0,1,Pärnu maakond,0,Kokkupõrge,Pimeda aeg
2013-06-23 15:30:00,1,0,1,Lääne maakond,0,Ühesõidukiõnnetus,Valge aeg
2013-06-23 21:05:00,2,0,1,Pärnu maakond,0,Kokkupõrge,Valge aeg
2013-06-24 01:32:00,2,0,1,Rapla maakond,0,Ühesõidukiõnnetus,Pimeda aeg
2013-06-24 05:33:00,1,1,0,Pärnu maakond,0,Ühesõidukiõnnetus,Valge aeg
2013-06-25 10:52:00,2,0,1,Pärnu maakond,0,Kokkupõrge,Valge aeg
2013-06-30 10:30:00,2,0,1,Lääne maakond,1,Muu liiklusõnnetus,Valge aeg
2013-06-30 12:53:00,2,0,2,Pärnu maakond,0,Kokkupõrge,Valge aeg
2013-06-30 19:12:00,2,1,0,Pärnu maakond,0,Kokkupõrge,Valge aeg
2013-01-07 00:00:00,2,0,1,Pärnu maakond,0,Kokkupõrge,Valge aeg
2013-01-07 00:00:00,2,0,1,Pärnu maakond,0,Kokkupõrge,Valge aeg
2013-07-07 00:00:00,2,0,1,Pärnu maakond,0,Kokkupõrge,Pimeda aeg
2013-11-07 00:00:00,1,0,1,Järva maakond,0,Ühesõidukiõnnetus,Valge aeg
2013-11-07 00:00:00,1,0,1,Saare maakond,0,Ühesõidukiõnnetus,Valge aeg
2013-12-07 00:00:00,1,1,0,Pärnu maakond,0,Ühesõidukiõnnetus,Valge aeg
2013-07-15 17:49:00,1,0,1,Lääne maakond,0,Ühesõidukiõnnetus,Valge aeg
2013-07-16 12:41:00,1,0,1,Saare maakond,0,Ühesõidukiõnnetus,Valge aeg
2013-07-18 18:30:00,2,0,1,Järva maakond,1,Muu liiklusõnnetus,Valge aeg
2013-07-20 01:40:00,2,0,1,Pärnu maakond,1,Jalakäijaõnnetus,Pimeda aeg
2013-07-21 07:50:00,2,0,2,Pärnu maakond,0,Ühesõidukiõnnetus,Valge aeg
2013-07-23 18:40:00,2,0,1,Saare maakond,0,Kokkupõrge,Valge aeg
2013-07-24 11:40:00,2,0,1,Pärnu maakond,1,Jalakäijaõnnetus,Valge aeg
2013-07-28 18:54:00,1,0,1,Saare maakond,0,Ühesõidukiõnnetus,Valge aeg
2013-07-29 08:19:00,2,0,1,Pärnu maakond,0,Muu liiklusõnnetus,Valge aeg
2013-07-29 13:30:00,1,0,1,Järva maakond,0,Ühesõidukiõnnetus,Valge aeg
2013-07-30 17:57:00,2,0,2,Saare maakond,0,Kokkupõrge,Valge aeg
2013-01-08 00:00:00,2,0,1,Pärnu maakond,0,Kokkupõrge,Valge aeg
2013-01-08 00:00:00,1,0,2,Pärnu maakond,0,Ühesõidukiõnnetus,Valge aeg
2013-03-08 00:00:00,2,0,2,Järva maakond,0,Kokkupõrge,Valge aeg
2013-03-08 00:00:00,2,0,6,Järva maakond,0,Kokkupõrge,Pimeda aeg
2013-03-08 00:00:00,1,0,1,Järva maakond,0,Ühesõidukiõnnetus,Pimeda aeg
2013-04-08 00:00:00,2,0,1,Pärnu maakond,0,Kokkupõrge,Valge aeg
2013-04-08 00:00:00,2,0,1,Järva maakond,0,Kokkupõrge,Valge aeg
2013-05-08 00:00:00,1,0,1,Pärnu maakond,0,Ühesõidukiõnnetus,Valge aeg
2013-06-08 00:00:00,3,0,1,Lääne maakond,0,Kokkupõrge,Valge aeg
2013-09-08 00:00:00,2,0,1,Saare maakond,0,Kokkupõrge,Valge aeg
2013-10-08 00:00:00,2,0,1,Pärnu maakond,1,Jalakäijaõnnetus,Pimeda aeg
2013-11-08 00:00:00,1,0,1,Pärnu maakond,0,Ühesõidukiõnnetus,Valge aeg
2013-08-15 21:20:00,1,1,0,Pärnu maakond,0,Ühesõidukiõnnetus,Pimeda aeg
2013-08-19 15:26:00,2,0,2,Saare maakond,0,Kokkupõrge,Valge aeg
2013-08-20 19:34:00,2,0,1,Rapla maakond,0,Kokkupõrge,Valge aeg
2013-08-21 12:15:00,1,0,1,Järva maakond,0,Ühesõidukiõnnetus,Valge aeg
2013-08-21 18:45:00,2,0,2,Saare maakond,0,Kokkupõrge,Valge aeg
2013-08-23 10:15:00,1,0,1,Järva maakond,0,Ühesõidukiõnnetus,Valge aeg
2013-08-25 23:15:00,2,0,1,Saare maakond,0,Jalakäijaõnnetus,Pimeda aeg
2013-08-26 09:20:00,2,0,2,Järva maakond,0,Kokkupõrge,Valge aeg
2013-08-29 06:50:00,2,0,1,Pärnu maakond,0,Kokkupõrge,Valge aeg
2013-01-09 00:00:00,1,0,1,Järva maakond,0,Ühesõidukiõnnetus,Pimeda aeg
2013-02-09 00:00:00,1,0,1,Järva maakond,0,Ühesõidukiõnnetus,Pimeda aeg
2013-05-09 00:00:00,1,0,1,Pärnu maakond,1,Jalakäijaõnnetus,Valge aeg
2013-07-09 00:00:00,1,0,1,Hiiu maakond,0,Ühesõidukiõnnetus,Pimeda aeg
2013-07-09 00:00:00,2,0,1,Pärnu maakond,0,Kokkupõrge,Valge aeg
2013-08-09 00:00:00,1,0,1,Pärnu maakond,0,Ühesõidukiõnnetus,Pimeda aeg
2013-08-09 00:00:00,2,0,2,Saare maakond,0,Kokkupõrge,Valge aeg
2013-09-14 11:00:00,1,0,1,Rapla maakond,0,Kokkupõrge,Valge aeg
2013-09-14 18:29:00,2,0,2,Pärnu maakond,0,Kokkupõrge,Valge aeg
2013-09-15 11:00:00,1,0,1,Järva maakond,0,Ühesõidukiõnnetus,Valge aeg
2013-09-18 00:10:00,0,0,1,Rapla maakond,0,Muu liiklusõnnetus,Pimeda aeg
2013-09-22 11:50:00,2,0,2,Pärnu maakond,0,Kokkupõrge,Valge aeg
2013-09-28 13:50:00,1,0,1,Rapla maakond,0,Ühesõidukiõnnetus,Valge aeg
2013-09-28 21:10:00,1,0,2,Järva maakond,0,Ühesõidukiõnnetus,Pimeda aeg
2013-02-10 00:00:00,1,1,0,Pärnu maakond,0,Ühesõidukiõnnetus,Valge aeg
2013-05-10 00:00:00,2,0,1,Järva maakond,0,Kokkupõrge,Pimeda aeg
2013-05-10 00:00:00,2,0,1,Pärnu maakond,0,Kokkupõrge,Pimeda aeg
2013-06-10 00:00:00,1,0,1,Järva maakond,0,Ühesõidukiõnnetus,Pimeda aeg
2013-11-10 00:00:00,2,0,1,Lääne maakond,1,Muu liiklusõnnetus,Valge aeg
2013-10-15 22:45:00,2,0,3,Järva maakond,0,Kokkupõrge,Pimeda aeg
2013-10-17 21:30:00,2,0,1,Järva maakond,0,Kokkupõrge,Pimeda aeg
2013-10-18 20:20:00,1,0,1,Pärnu maakond,0,Muu liiklusõnnetus,Pimeda aeg
2013-10-19 10:40:00,2,0,1,Järva maakond,0,Kokkupõrge,Valge aeg
2013-10-21 16:30:00,2,0,1,Järva maakond,0,Kokkupõrge,Valge aeg
2013-10-23 19:16:00,0,0,1,Järva maakond,0,Ühesõidukiõnnetus,Pimeda aeg
2013-10-25 19:40:00,2,0,1,Pärnu maakond,0,Kokkupõrge,Valge aeg
2013-10-26 20:40:00,1,0,1,Rapla maakond,0,Ühesõidukiõnnetus,Pimeda aeg
2013-10-28 18:23:00,2,0,1,Rapla maakond,0,Kokkupõrge,Pimeda aeg
2013-10-29 01:52:00,1,0,1,Pärnu maakond,0,Ühesõidukiõnnetus,Pimeda aeg
2013-10-31 16:30:00,1,1,0,Järva maakond,0,Ühesõidukiõnnetus,Pimeda aeg
2013-04-11 00:00:00,2,0,1,Pärnu maakond,1,Jalakäijaõnnetus,Pimeda aeg
2013-05-11 00:00:00,2,0,1,Pärnu maakond,1,Jalakäijaõnnetus,Pimeda aeg
2013-06-11 00:00:00,2,0,1,Lääne maakond,1,Jalakäijaõnnetus,Pimeda aeg
2013-06-11 00:00:00,2,0,1,Saare maakond,1,Jalakäijaõnnetus,Pimeda aeg
2013-10-11 00:00:00,1,0,1,Rapla maakond,0,Muu liiklusõnnetus,Valge aeg
2013-12-11 00:00:00,1,0,1,Rapla maakond,0,Muu liiklusõnnetus,Valge aeg
2013-11-16 09:24:00,1,0,1,Rapla maakond,0,Ühesõidukiõnnetus,Valge aeg
2013-11-19 12:21:00,2,0,1,Pärnu maakond,0,Kokkupõrge,Valge aeg
2013-11-21 15:54:00,2,0,1,Lääne maakond,0,Kokkupõrge,Valge aeg
2013-11-28 07:45:00,2,0,2,Rapla maakond,0,Ühesõidukiõnnetus,Pimeda aeg
2013-01-12 00:00:00,1,0,1,Rapla maakond,1,Jalakäijaõnnetus,Pimeda aeg
2013-12-12 00:00:00,1,0,1,Rapla maakond,0,Ühesõidukiõnnetus,Pimeda aeg
2013-12-15 15:45:00,2,1,0,Harju maakond,0,Ühesõidukiõnnetus,Pimeda aeg
2013-12-18 10:24:00,2,0,2,Lääne maakond,0,Kokkupõrge,Valge aeg
2013-12-18 23:00:00,1,0,1,Pärnu maakond,0,Ühesõidukiõnnetus,Pimeda aeg
2013-12-19 18:29:00,2,0,2,Järva maakond,0,Kokkupõrge,Pimeda aeg
2013-12-23 16:39:00,2,0,1,Saare maakond,1,Jalakäijaõnnetus,Pimeda aeg
2013-12-23 23:11:00,1,0,3,Pärnu maakond,0,Ühesõidukiõnnetus,Pimeda aeg
2013-12-27 04:42:00,2,0,1,Pärnu maakond,1,Jalakäijaõnnetus,Pimeda aeg
2013-12-30 21:52:00,2,0,1,Pärnu maakond,0,Kokkupõrge,Pimeda aeg
2014-01-17 16:14:00,2,0,1,Rapla maakond,0,Kokkupõrge,Valge aeg
2014-01-22 18:50:00,2,1,0,Saare maakond,0,Kokkupõrge,Pimeda aeg
2014-01-23 08:06:00,2,0,1,Järva maakond,0,Kokkupõrge,Valge aeg
2014-01-24 13:45:00,2,0,1,Rapla maakond,0,Kokkupõrge,Valge aeg
2014-01-26 02:40:00,1,1,1,Pärnu maakond,0,Ühesõidukiõnnetus,Pimeda aeg
2014-01-26 16:45:00,1,0,2,Lääne maakond,0,Ühesõidukiõnnetus,Pimeda aeg
2014-03-02 00:00:00,1,0,1,Järva maakond,0,Ühesõidukiõnnetus,Pimeda aeg
2014-03-02 00:00:00,2,0,2,Saare maakond,0,Ühesõidukiõnnetus,Pimeda aeg
2014-06-02 00:00:00,1,0,1,Pärnu maakond,0,Ühesõidukiõnnetus,Pimeda aeg
2014-11-02 00:00:00,2,0,1,Pärnu maakond,0,Kokkupõrge,Pimeda aeg
2014-02-19 12:54:00,2,0,1,Lääne maakond,0,Kokkupõrge,Valge aeg
2014-02-24 05:50:00,5,0,1,Rapla maakond,1,Kokkupõrge,Pimeda aeg
2014-02-28 10:17:00,2,0,1,Järva maakond,1,Jalakäijaõnnetus,Valge aeg
2014-09-03 00:00:00,2,0,2,Pärnu maakond,0,Kokkupõrge,Valge aeg
2014-03-14 16:33:00,1,0,1,Pärnu maakond,0,Ühesõidukiõnnetus,Valge aeg
2014-03-15 02:15:00,0,0,1,Rapla maakond,0,Ühesõidukiõnnetus,Pimeda aeg
2014-03-15 07:16:00,2,0,1,Rapla maakond,0,Kokkupõrge,Valge aeg
2014-03-23 00:45:00,1,0,2,Rapla maakond,0,Ühesõidukiõnnetus,Pimeda aeg
2014-03-24 17:59:00,2,0,1,Saare maakond,1,Jalakäijaõnnetus,Valge aeg
2014-03-29 20:46:00,1,0,1,Rapla maakond,0,Ühesõidukiõnnetus,Pimeda aeg
2014-11-04 00:00:00,3,0,1,Pärnu maakond,0,Kokkupõrge,Pimeda aeg
2014-11-04 00:00:00,2,0,1,Pärnu maakond,0,Kokkupõrge,Valge aeg
2014-11-04 00:00:00,2,0,1,Pärnu maakond,0,Kokkupõrge,Valge aeg
2014-04-14 18:20:00,2,0,1,Pärnu maakond,0,Kokkupõrge,Valge aeg
2014-04-18 03:30:00,2,1,0,Pärnu maakond,0,Kokkupõrge,Pimeda aeg
2014-04-20 16:45:00,2,0,1,Lääne maakond,0,Muu liiklusõnnetus,Valge aeg
2014-04-20 19:30:00,1,0,1,Pärnu maakond,0,Muu liiklusõnnetus,Valge aeg
2014-04-24 17:03:00,3,0,1,Järva maakond,0,Ühesõidukiõnnetus,Valge aeg
2014-01-05 00:00:00,1,0,1,Pärnu maakond,0,Ühesõidukiõnnetus,Valge aeg
2014-03-05 00:00:00,2,0,1,Pärnu maakond,0,Kokkupõrge,Valge aeg
2014-03-05 00:00:00,1,0,8,Lääne maakond,0,Ühesõidukiõnnetus,Valge aeg
2014-08-05 00:00:00,2,0,1,Järva maakond,0,Kokkupõrge,Valge aeg
2014-09-05 00:00:00,2,0,3,Pärnu maakond,0,Kokkupõrge,Valge aeg
2014-10-05 00:00:00,3,0,3,Rapla maakond,0,Kokkupõrge,Valge aeg
2014-12-05 00:00:00,2,0,1,Järva maakond,0,Kokkupõrge,Valge aeg
2014-05-16 14:06:00,3,2,0,Pärnu maakond,0,Kokkupõrge,Valge aeg
2014-05-18 02:40:00,2,0,3,Pärnu maakond,0,Kokkupõrge,Pimeda aeg
2014-05-18 03:35:00,1,0,1,Pärnu maakond,0,Ühesõidukiõnnetus,Pimeda aeg
2014-05-20 11:15:00,2,0,1,Lääne maakond,1,Jalakäijaõnnetus,Valge aeg
2014-05-22 14:10:00,2,0,1,Saare maakond,0,Kokkupõrge,Valge aeg
2014-05-26 12:33:00,1,0,1,Pärnu maakond,0,Ühesõidukiõnnetus,Valge aeg
2014-05-26 21:35:00,2,0,1,Pärnu maakond,1,Jalakäijaõnnetus,Valge aeg
2014-06-06 00:00:00,1,0,2,Järva maakond,0,Ühesõidukiõnnetus,Valge aeg
2014-07-06 00:00:00,2,0,1,Järva maakond,0,Kokkupõrge,Valge aeg
2014-09-06 00:00:00,3,0,3,Saare maakond,0,Kokkupõrge,Valge aeg
2014-06-17 10:00:00,2,0,1,Pärnu maakond,1,Jalakäijaõnnetus,Valge aeg
2014-06-18 20:47:00,1,0,1,Rapla maakond,0,Ühesõidukiõnnetus,Valge aeg
2014-06-19 21:55:00,1,0,3,Saare maakond,0,Ühesõidukiõnnetus,Valge aeg
2014-06-20 22:50:00,1,0,1,Rapla maakond,0,Ühesõidukiõnnetus,Valge aeg
2014-06-23 03:38:00,1,0,2,Pärnu maakond,0,Ühesõidukiõnnetus,Valge aeg
2014-06-25 06:45:00,1,0,1,Pärnu maakond,0,Ühesõidukiõnnetus,Valge aeg
2014-06-27 16:59:00,2,0,1,Pärnu maakond,0,Kokkupõrge,Valge aeg
2014-04-07 00:00:00,2,1,0,Saare maakond,0,Ühesõidukiõnnetus,Valge aeg
2014-05-07 00:00:00,2,0,2,Pärnu maakond,0,Kokkupõrge,Valge aeg
2014-05-07 00:00:00,2,0,1,Pärnu maakond,0,Kokkupõrge,Valge aeg
2014-07-07 00:00:00,1,0,1,Pärnu maakond,0,Kokkupõrge,Valge aeg
2014-11-07 00:00:00,2,0,1,Pärnu maakond,0,Kokkupõrge,Valge aeg
2014-12-07 00:00:00,2,0,1,Pärnu maakond,0,Kokkupõrge,Valge aeg
2014-07-13 10:42:00,2,0,1,Pärnu maakond,0,Kokkupõrge,Valge aeg
2014-07-14 10:15:00,2,0,1,Pärnu maakond,0,Kokkupõrge,Valge aeg
2014-07-16 19:11:00,2,0,1,Tartu maakond,0,Kokkupõrge,Valge aeg
2014-07-19 08:30:00,2,0,1,Pärnu maakond,1,Jalakäijaõnnetus,Valge aeg
2014-07-20 12:57:00,1,0,2,Pärnu maakond,0,Ühesõidukiõnnetus,Valge aeg
2014-07-26 16:20:00,1,0,1,Hiiu maakond,0,Ühesõidukiõnnetus,Valge aeg
2014-07-26 23:32:00,2,1,0,Pärnu maakond,0,Kokkupõrge,Pimeda aeg
2014-07-27 13:27:00,2,0,6,Rapla maakond,0,Kokkupõrge,Valge aeg
2014-07-27 13:50:00,1,0,1,Järva maakond,0,Ühesõidukiõnnetus,Valge aeg
2014-07-27 14:14:00,2,1,0,Pärnu maakond,1,Jalakäijaõnnetus,Valge aeg
2014-07-27 00:00:00,1,0,1,Järva maakond,0,Muu liiklusõnnetus,Pimeda aeg
2014-01-08 00:00:00,2,0,1,Järva maakond,0,Kokkupõrge,Valge aeg
2014-02-08 00:00:00,1,0,3,Pärnu maakond,0,Ühesõidukiõnnetus,Valge aeg
2014-04-08 00:00:00,1,0,1,Hiiu maakond,0,Muu liiklusõnnetus,Valge aeg
2014-05-08 00:00:00,1,0,2,Rapla maakond,0,Ühesõidukiõnnetus,Pimeda aeg
2014-05-08 00:00:00,2,0,1,Pärnu maakond,1,Jalakäijaõnnetus,Valge aeg
2014-05-08 00:00:00,1,0,3,Järva maakond,0,Ühesõidukiõnnetus,Valge aeg
2014-07-08 00:00:00,2,0,1,Järva maakond,0,Kokkupõrge,Valge aeg
2014-07-08 00:00:00,1,0,1,Pärnu maakond,0,Ühesõidukiõnnetus,Valge aeg
2014-08-08 00:00:00,2,0,1,Pärnu maakond,0,Kokkupõrge,Pimeda aeg
2014-09-08 00:00:00,1,0,1,Rapla maakond,0,Kokkupõrge,Valge aeg
2014-08-13 16:55:00,2,0,1,Pärnu maakond,0,Kokkupõrge,Valge aeg
2014-08-15 14:40:00,2,0,1,Pärnu maakond,0,Kokkupõrge,Valge aeg
2014-08-18 22:09:00,3,0,1,Pärnu maakond,0,Kokkupõrge,Pimeda aeg
2014-08-24 18:07:00,2,0,1,Pärnu maakond,1,Jalakäijaõnnetus,Valge aeg
2014-08-27 13:13:00,2,0,1,Pärnu maakond,0,Kokkupõrge,Valge aeg
2014-08-29 13:10:00,2,0,1,Pärnu maakond,1,Jalakäijaõnnetus,Valge aeg
2014-08-30 15:50:00,2,0,2,Järva maakond,0,Kokkupõrge,Valge aeg
2014-08-31 10:00:00,2,0,4,Pärnu maakond,0,Kokkupõrge,Valge aeg
2014-08-31 21:20:00,0,0,1,Rapla maakond,0,Muu liiklusõnnetus,Pimeda aeg
2014-03-09 00:00:00,1,0,2,Saare maakond,0,Muu liiklusõnnetus,Valge aeg
2014-05-09 00:00:00,2,0,1,Saare maakond,0,Kokkupõrge,Valge aeg
2014-06-09 00:00:00,3,0,1,Saare maakond,0,Kokkupõrge,Valge aeg
2014-06-09 00:00:00,2,0,2,Järva maakond,0,Kokkupõrge,Valge aeg
2014-06-09 00:00:00,1,0,1,Saare maakond,0,Ühesõidukiõnnetus,Valge aeg
2014-08-09 00:00:00,0,0,1,Rapla maakond,0,Kokkupõrge,Valge aeg
2014-11-09 00:00:00,2,0,1,Rapla maakond,0,Kokkupõrge,Valge aeg
2014-11-09 00:00:00,2,0,1,Pärnu maakond,1,Jalakäijaõnnetus,Pimeda aeg
2014-09-14 10:10:00,2,0,1,Pärnu maakond,0,Kokkupõrge,Valge aeg
2014-09-18 09:59:00,2,0,2,Rapla maakond,0,Kokkupõrge,Valge aeg
2014-09-20 03:55:00,1,0,1,Pärnu maakond,0,Ühesõidukiõnnetus,Pimeda aeg
2014-09-20 15:21:00,2,0,1,Rapla maakond,0,Kokkupõrge,Valge aeg
2014-09-21 08:55:00,1,0,1,Järva maakond,0,Ühesõidukiõnnetus,Valge aeg
2014-09-26 13:00:00,1,0,1,Rapla maakond,0,Kokkupõrge,Valge aeg
2014-09-27 16:40:00,1,0,2,Järva maakond,0,Ühesõidukiõnnetus,Valge aeg
2014-09-27 16:17:00,1,0,1,Järva maakond,0,Ühesõidukiõnnetus,Valge aeg
2014-03-10 00:00:00,1,0,2,Pärnu maakond,0,Ühesõidukiõnnetus,Pimeda aeg
2014-07-10 00:00:00,2,0,1,Pärnu maakond,0,Kokkupõrge,Pimeda aeg
2014-08-10 00:00:00,2,0,1,Saare maakond,0,Kokkupõrge,Valge aeg
2014-10-10 00:00:00,1,0,1,Lääne maakond,0,Ühesõidukiõnnetus,Pimeda aeg
2014-10-10 00:00:00,1,0,1,Pärnu maakond,0,Ühesõidukiõnnetus,Pimeda aeg
2014-10-10 00:00:00,2,0,1,Saare maakond,1,Jalakäijaõnnetus,Pimeda aeg
2014-11-10 00:00:00,2,0,1,Järva maakond,0,Kokkupõrge,Valge aeg
2014-11-10 00:00:00,0,0,1,Rapla maakond,0,Kokkupõrge,Valge aeg
2014-10-14 08:44:00,2,0,1,Lääne maakond,0,Kokkupõrge,Valge aeg
2014-10-28 08:12:00,2,0,1,Järva maakond,1,Jalakäijaõnnetus,Valge aeg
2014-10-28 21:30:00,2,0,1,Tartu maakond,1,Jalakäijaõnnetus,Pimeda aeg
2014-10-31 09:00:00,3,0,1,Saare maakond,0,Kokkupõrge,Valge aeg
2012-10-31 17:50:00,1,0,2,Pärnu maakond,0,Muu liiklusõnnetus,Pimeda aeg
2014-05-11 00:00:00,2,0,1,Saare maakond,0,Kokkupõrge,Valge aeg
2014-05-11 00:00:00,2,1,0,Järva maakond,1,Jalakäijaõnnetus,Pimeda aeg
2014-07-11 00:00:00,2,0,1,Lääne maakond,0,Kokkupõrge,Pimeda aeg
2014-11-11 00:00:00,2,0,1,Ida-Viru maakond,0,Kokkupõrge,Valge aeg
2014-12-11 00:00:00,2,0,1,Pärnu maakond,0,Kokkupõrge,Valge aeg
2014-11-14 19:58:00,1,1,0,Rapla maakond,1,Kokkupõrge,Pimeda aeg
2014-11-18 17:10:00,2,0,2,Pärnu maakond,0,Kokkupõrge,Pimeda aeg
2014-11-21 07:25:00,1,0,2,Järva maakond,0,Ühesõidukiõnnetus,Valge aeg
2014-11-21 15:55:00,0,0,1,Rapla maakond,0,Kokkupõrge,Pimeda aeg
2014-11-27 08:46:00,2,0,1,Pärnu maakond,0,Kokkupõrge,Valge aeg
2014-03-12 00:00:00,2,0,1,Pärnu maakond,0,Kokkupõrge,Valge aeg
2014-05-12 00:00:00,0,0,1,Rapla maakond,1,Jalakäijaõnnetus,Valge aeg
2014-05-12 00:00:00,2,0,2,Pärnu maakond,0,Kokkupõrge,Valge aeg
2014-05-12 00:00:00,2,0,1,Järva maakond,0,Kokkupõrge,Pimeda aeg
2014-06-12 00:00:00,2,2,0,Lääne maakond,0,Ühesõidukiõnnetus,Pimeda aeg
2014-09-12 00:00:00,3,0,2,Hiiu maakond,0,Kokkupõrge,Pimeda aeg
2014-11-12 00:00:00,2,0,1,Järva maakond,0,Kokkupõrge,Pimeda aeg
2014-11-12 00:00:00,4,0,1,Järva maakond,0,Kokkupõrge,Valge aeg
2014-12-12 00:00:00,2,0,1,Pärnu maakond,1,Jalakäijaõnnetus,Valge aeg
2014-12-14 16:19:00,2,0,1,Pärnu maakond,0,Kokkupõrge,Pimeda aeg
2014-12-18 18:40:00,2,0,1,Pärnu maakond,1,Jalakäijaõnnetus,Pimeda aeg
2014-12-19 18:34:00,3,0,1,Järva maakond,0,Kokkupõrge,Pimeda aeg
2014-12-20 06:50:00,1,0,1,Pärnu maakond,0,Ühesõidukiõnnetus,Pimeda aeg
2014-12-20 12:54:00,0,0,1,Hiiu maakond,0,Muu liiklusõnnetus,Valge aeg
2014-12-22 22:10:00,1,0,1,Järva maakond,0,Ühesõidukiõnnetus,Pimeda aeg
2014-12-23 23:00:00,0,0,1,Järva maakond,0,Muu liiklusõnnetus,Pimeda aeg
2014-12-30 12:43:00,1,0,1,Saare maakond,0,Muu liiklusõnnetus,Valge aeg
2015-02-01 00:00:00,1,0,1,Rapla maakond,1,Jalakäijaõnnetus,Pimeda aeg
2015-03-01 00:00:00,1,0,1,Hiiu maakond,0,Ühesõidukiõnnetus,Pimeda aeg
2015-08-01 00:00:00,2,0,1,Rapla maakond,0,Muu liiklusõnnetus,Valge aeg
2015-08-01 00:00:00,1,0,1,Rapla maakond,0,Muu liiklusõnnetus,Valge aeg
2015-10-01 00:00:00,2,0,2,Rapla maakond,0,Kokkupõrge,Valge aeg
2015-01-14 18:40:00,2,0,1,Järva maakond,1,Jalakäijaõnnetus,Pimeda aeg
2015-01-19 09:31:00,8,0,7,Pärnu maakond,0,Kokkupõrge,Valge aeg
2015-01-19 15:30:00,2,0,1,Saare maakond,0,Kokkupõrge,Valge aeg
2015-01-20 09:44:00,2,0,1,Lääne maakond,0,Kokkupõrge,Valge aeg
2015-01-20 22:49:00,2,0,1,Pärnu maakond,1,Jalakäijaõnnetus,Pimeda aeg
2015-01-23 13:25:00,3,0,3,Pärnu maakond,0,Kokkupõrge,Valge aeg
2015-01-25 19:10:00,2,1,0,Pärnu maakond,1,Jalakäijaõnnetus,Pimeda aeg
2015-01-28 11:25:00,3,0,1,Lääne maakond,0,Kokkupõrge,Valge aeg
2015-01-02 00:00:00,2,0,2,Järva maakond,0,Ühesõidukiõnnetus,Pimeda aeg
2015-06-02 00:00:00,3,2,0,Pärnu maakond,0,Kokkupõrge,Valge aeg