date,persons_involved,killed,injured,county,pedestrian_involved,accident_type,light_conditions
2015-07-02 00:00:00,2,0,1,Viljandi maakond,0,Ühesõidukiõnnetus,Valge aeg
2015-08-02 00:00:00,3,0,3,Rapla maakond,0,Kokkupõrge,Valge aeg
2015-10-02 00:00:00,2,0,2,Lääne maakond,0,Ühesõidukiõnnetus,Pimeda aeg
2015-11-02 00:00:00,5,1,3,Pärnu maakond,0,Kokkupõrge,Valge aeg
2015-11-02 00:00:00,2,0,1,Tartu maakond,1,Jalakäijaõnnetus,Valge aeg
2015-02-14 00:57:00,4,0,1,Rapla maakond,0,Ühesõidukiõnnetus,Pimeda aeg
2015-02-14 11:20:00,1,0,1,Rapla maakond,0,Kokkupõrge,Valge aeg
2015-02-14 20:56:00,1,0,1,Rapla maakond,1,Jalakäijaõnnetus,Pimeda aeg
2015-02-14 23:35:00,1,0,1,Saare maakond,0,Ühesõidukiõnnetus,Pimeda aeg
2015-02-16 12:30:00,2,0,1,Pärnu maakond,0,Muu liiklusõnnetus,Valge aeg
2015-02-21 19:55:00,5,1,3,Viljandi maakond,0,Kokkupõrge,Pimeda aeg
2015-02-24 13:50:00,1,1,0,Rapla maakond,0,Kokkupõrge,Valge aeg
2015-02-25 07:58:00,1,0,1,Rapla maakond,0,Ühesõidukiõnnetus,Valge aeg
2015-02-28 18:27:00,10,1,9,Pärnu maakond,0,Kokkupõrge,Pimeda aeg
2015-02-03 00:00:00,2,0,1,Hiiu maakond,0,Kokkupõrge,Valge aeg
2015-02-03 00:00:00,4,0,1,Pärnu maakond,0,Kokkupõrge,Valge aeg
2015-10-03 00:00:00,2,0,1,Pärnu maakond,0,Kokkupõrge,Valge aeg
2015-03-17 13:50:00,2,0,1,Rapla maakond,0,Muu liiklusõnnetus,Valge aeg
2015-03-18 12:25:00,1,1,0,Pärnu maakond,0,Ühesõidukiõnnetus,Valge aeg
2015-03-19 15:32:00,2,0,1,Saare maakond,0,Kokkupõrge,Valge aeg
2015-03-21 12:30:00,1,1,0,Pärnu maakond,0,Ühesõidukiõnnetus,Valge aeg
2015-03-23 17:11:00,4,0,4,Valga maakond,0,Kokkupõrge,Valge aeg
2015-03-26 22:12:00,1,0,1,Pärnu maakond,0,Ühesõidukiõnnetus,Pimeda aeg
2015-03-30 17:29:00,1,0,1,Järva maakond,0,Ühesõidukiõnnetus,Valge aeg
2015-02-04 00:00:00,2,0,1,Rapla maakond,0,Kokkupõrge,Valge aeg
2015-06-04 00:00:00,2,0,2,Pärnu maakond,0,Ühesõidukiõnnetus,Valge aeg
2015-07-04 00:00:00,2,0,1,Saare maakond,0,Kokkupõrge,Valge aeg
2015-08-04 00:00:00,2,0,1,Pärnu maakond,0,Kokkupõrge,Valge aeg
2015-11-04 00:00:00,1,0,1,Pärnu maakond,0,Ühesõidukiõnnetus,Valge aeg
2015-04-15 11:59:00,3,2,0,Pärnu maakond,0,Kokkupõrge,Valge aeg
2015-04-17 17:35:00,2,0,3,Põlva maakond,0,Kokkupõrge,Valge aeg
2015-04-21 15:00:00,1,0,1,Rapla maakond,1,Jalakäijaõnnetus,Valge aeg
2015-04-22 15:57:00,1,0,1,Rapla maakond,0,Ühesõidukiõnnetus,Valge aeg
2015-04-24 14:48:00,2,0,1,Pärnu maakond,1,Jalakäijaõnnetus,Valge aeg
2015-04-24 18:40:00,3,0,2,Viljandi maakond,0,Kokkupõrge,Valge aeg
2015-04-25 18:00:00,2,0,1,Pärnu maakond,0,Kokkupõrge,Valge aeg
2015-04-29 11:49:00,3,0,2,Pärnu maakond,0,Kokkupõrge,Valge aeg
2015-04-30 14:48:00,2,1,0,Pärnu maakond,0,Ühesõidukiõnnetus,Valge aeg
2015-03-05 00:00:00,2,0,2,Saare maakond,1,Jalakäijaõnnetus,Valge aeg
2015-03-05 00:00:00,1,0,1,Lääne-Viru maakond,0,Ühesõidukiõnnetus,Pimeda aeg
2015-06-05 00:00:00,3,0,1,Pärnu maakond,0,Kokkupõrge,Valge aeg
2015-09-05 00:00:00,1,0,1,Pärnu maakond,0,Ühesõidukiõnnetus,Valge aeg
2015-10-05 00:00:00,1,0,1,Pärnu maakond,0,Ühesõidukiõnnetus,Valge aeg
2015-05-15 10:10:00,2,0,1,Pärnu maakond,0,Kokkupõrge,Valge aeg
2015-05-15 13:11:00,1,0,1,Hiiu maakond,0,Ühesõidukiõnnetus,Valge aeg
2015-05-15 13:48:00,2,0,2,Pärnu maakond,0,Ühesõidukiõnnetus,Valge aeg
2015-05-16 20:00:00,3,0,3,Järva maakond,0,Ühesõidukiõnnetus,Valge aeg
2015-05-16 20:27:00,3,0,3,Pärnu maakond,0,Kokkupõrge,Valge aeg
2015-05-17 11:04:00,4,0,3,Saare maakond,0,Ühesõidukiõnnetus,Valge aeg
2015-05-22 13:20:00,2,0,1,Rapla maakond,0,Kokkupõrge,Valge aeg
2015-05-23 14:45:00,3,0,3,Järva maakond,0,Kokkupõrge,Valge aeg
2015-05-24 16:46:00,5,0,1,Rapla maakond,0,Muu liiklusõnnetus,Valge aeg
2015-05-28 11:30:00,2,0,1,Järva maakond,1,Jalakäijaõnnetus,Valge aeg
2015-05-28 18:08:00,2,0,1,Tartu maakond,0,Kokkupõrge,Valge aeg
2015-05-30 04:43:00,1,0,2,Pärnu maakond,0,Ühesõidukiõnnetus,Pimeda aeg
2015-05-30 10:12:00,1,0,1,Harju maakond,0,Ühesõidukiõnnetus,Valge aeg
2015-01-06 00:00:00,3,0,2,Lääne maakond,0,Kokkupõrge,Valge aeg
2015-03-06 00:00:00,3,0,1,Rapla maakond,0,Kokkupõrge,Valge aeg
2015-04-06 00:00:00,1,0,1,Pärnu maakond,0,Ühesõidukiõnnetus,Valge aeg
2015-06-06 00:00:00,6,0,5,Pärnu maakond,0,Muu liiklusõnnetus,Valge aeg
2015-06-06 00:00:00,2,0,2,Rapla maakond,0,Ühesõidukiõnnetus,Valge aeg
2015-07-06 00:00:00,2,0,1,Järva maakond,0,Kokkupõrge,Valge aeg
2015-08-06 00:00:00,2,0,2,Viljandi maakond,0,Ühesõidukiõnnetus,Valge aeg
2015-09-06 00:00:00,2,0,1,Saare maakond,0,Kokkupõrge,Valge aeg
2015-10-06 00:00:00,1,0,1,Pärnu maakond,0,Ühesõidukiõnnetus,Valge aeg
2015-10-06 00:00:00,3,0,2,Pärnu maakond,0,Ühesõidukiõnnetus,Valge aeg
2015-12-06 00:00:00,5,0,3,Tartu maakond,0,Kokkupõrge,Valge aeg
2015-12-06 00:00:00,1,0,1,Rapla maakond,0,Ühesõidukiõnnetus,Valge aeg
2015-06-13 13:10:00,3,0,1,Pärnu maakond,0,Kokkupõrge,Valge aeg
2015-06-20 11:15:00,2,0,1,Pärnu maakond,0,Muu liiklusõnnetus,Valge aeg
2015-06-21 20:17:00,1,0,1,Lääne maakond,0,Ühesõidukiõnnetus,Valge aeg
2015-06-22 11:32:00,1,0,1,Pärnu maakond,0,Ühesõidukiõnnetus,Valge aeg
2015-06-22 16:28:00,2,0,1,Lääne maakond,1,Jalakäijaõnnetus,Valge aeg
2015-06-22 20:30:00,1,0,1,Pärnu maakond,0,Muu liiklusõnnetus,Valge aeg
2015-06-24 03:30:00,1,0,1,Järva maakond,0,Ühesõidukiõnnetus,Valge aeg
2015-06-25 02:04:00,1,0,1,Saare maakond,0,Ühesõidukiõnnetus,Pimeda aeg
2015-06-28 15:18:00,5,0,4,Saare maakond,0,Kokkupõrge,Valge aeg
2015-06-29 10:00:00,2,0,1,Pärnu maakond,0,Muu liiklusõnnetus,Valge aeg
2015-06-30 13:40:00,2,0,1,Harju maakond,0,Kokkupõrge,Valge aeg
2015-01-07 00:00:00,3,1,2,Rapla maakond,0,Ühesõidukiõnnetus,Valge aeg
2015-01-07 00:00:00,2,0,2,Saare maakond,0,Kokkupõrge,Valge aeg
2015-02-07 00:00:00,2,0,1,Saare maakond,0,Kokkupõrge,Valge aeg
2015-02-07 00:00:00,2,0,1,Pärnu maakond,0,Kokkupõrge,Valge aeg
2015-03-07 00:00:00,2,0,1,Rapla maakond,0,Kokkupõrge,Valge aeg
2015-03-07 00:00:00,2,0,1,Pärnu maakond,1,Jalakäijaõnnetus,Valge aeg
2015-03-07 00:00:00,2,0,2,Saare maakond,0,Muu liiklusõnnetus,Valge aeg
2015-04-07 00:00:00,1,0,1,Saare maakond,0,Muu liiklusõnnetus,Valge aeg
2015-05-07 00:00:00,2,0,1,Rapla maakond,0,Kokkupõrge,Valge aeg
2015-05-07 00:00:00,1,0,1,Rapla maakond,0,Ühesõidukiõnnetus,Valge aeg
2015-06-07 00:00:00,2,0,1,Pärnu maakond,0,Ühesõidukiõnnetus,Valge aeg
2015-08-07 00:00:00,2,0,1,Pärnu maakond,0,Kokkupõrge,Valge aeg
2015-10-07 00:00:00,2,0,1,Pärnu maakond,0,Kokkupõrge,Valge aeg
2015-07-14 16:30:00,2,0,1,Tartu maakond,0,Muu liiklusõnnetus,Valge aeg
2015-07-15 05:27:00,2,0,1,Pärnu maakond,0,Kokkupõrge,Valge aeg
2015-07-15 22:45:00,2,0,1,Harju maakond,0,Kokkupõrge,Pimeda aeg
2015-07-16 16:45:00,4,0,2,Rapla maakond,0,Ühesõidukiõnnetus,Valge aeg
2015-07-16 23:23:00,1,0,1,Saare maakond,0,Ühesõidukiõnnetus,Pimeda aeg
2015-07-18 12:24:00,2,0,1,Järva maakond,1,Jalakäijaõnnetus,Valge aeg
2015-07-18 19:00:00,2,0,1,Ida-Viru maakond,1,Jalakäijaõnnetus,Valge aeg
2015-07-19 00:05:00,2,0,2,Pärnu maakond,0,Ühesõidukiõnnetus,Pimeda aeg
2015-07-19 16:31:00,1,0,1,Saare maakond,0,Ühesõidukiõnnetus,Valge aeg
2015-07-22 17:30:00,2,0,1,Pärnu maakond,0,Kokkupõrge,Valge aeg
2015-07-23 13:40:00,2,0,1,Lääne maakond,0,Kokkupõrge,Valge aeg
2015-07-23 17:55:00,3,0,2,Pärnu maakond,0,Kokkupõrge,Valge aeg
2015-07-24 10:38:00,1,0,1,Hiiu maakond,0,Ühesõidukiõnnetus,Valge aeg
2015-07-24 14:27:00,3,0,2,Tartu maakond,0,Muu liiklusõnnetus,Valge aeg
2015-07-25 16:25:00,2,0,1,Pärnu maakond,1,Jalakäijaõnnetus,Valge aeg
2015-07-25 20:00:00,1,0,1,Saare maakond,0,Ühesõidukiõnnetus,Valge aeg
2015-07-26 10:40:00,1,0,1,Saare maakond,0,Ühesõidukiõnnetus,Valge aeg
2015-07-26 21:50:00,1,0,1,Pärnu maakond,0,Ühesõidukiõnnetus,Valge aeg
2015-07-27 14:12:00,2,0,1,Pärnu maakond,0,Kokkupõrge,Valge aeg
2015-03-08 00:00:00,2,0,1,Pärnu maakond,1,Jalakäijaõnnetus,Valge aeg
2015-05-08 00:00:00,1,0,1,Saare maakond,0,Ühesõidukiõnnetus,Valge aeg
2015-06-08 00:00:00,2,0,1,Järva maakond,1,Jalakäijaõnnetus,Valge aeg
2015-07-08 00:00:00,2,0,1,Pärnu maakond,0,Kokkupõrge,Valge aeg
2015-07-08 00:00:00,4,0,3,Järva maakond,0,Kokkupõrge,Valge aeg
2015-07-08 00:00:00,2,0,1,Pärnu maakond,0,Kokkupõrge,Valge aeg
2015-10-08 00:00:00,2,0,1,Pärnu maakond,1,Jalakäijaõnnetus,Valge aeg
2015-11-08 00:00:00,3,0,2,Saare maakond,0,Kokkupõrge,Valge aeg
2015-12-08 00:00:00,4,0,2,Rapla maakond,0,Kokkupõrge,Valge aeg
2015-08-13 07:00:00,2,1,0,Pärnu maakond,0,Kokkupõrge,Valge aeg
2015-08-16 06:30:00,1,0,1,Pärnu maakond,0,Kokkupõrge,Valge aeg
2015-08-16 12:00:00,2,0,1,Pärnu maakond,1,Jalakäijaõnnetus,Valge aeg
2015-08-16 21:20:00,1,0,1,Järva maakond,0,Ühesõidukiõnnetus,Valge aeg
2015-08-18 12:00:00,2,0,1,Lääne maakond,1,Jalakäijaõnnetus,Valge aeg
2015-08-21 04:49:00,2,0,2,Pärnu maakond,0,Ühesõidukiõnnetus,Valge aeg
2015-08-21 11:40:00,2,0,1,Saare maakond,0,Kokkupõrge,Valge aeg
2015-08-21 16:58:00,2,0,1,Saare maakond,0,Kokkupõrge,Valge aeg
2015-08-21 20:38:00,1,0,1,Saare maakond,0,Ühesõidukiõnnetus,Valge aeg
2015-08-21 00:00:00,1,0,1,Pärnu maakond,0,Ühesõidukiõnnetus,Pimeda aeg
2015-08-21 23:32:00,1,0,1,Saare maakond,0,Ühesõidukiõnnetus,Pimeda aeg
2015-08-23 01:29:00,1,0,1,Järva maakond,1,Jalakäijaõnnetus,Pimeda aeg
2015-08-23 15:00:00,2,0,1,Järva maakond,0,Ühesõidukiõnnetus,Valge aeg
2015-08-23 18:40:00,1,0,1,Järva maakond,0,Ühesõidukiõnnetus,Valge aeg
2015-08-24 16:47:00,2,0,1,Pärnu maakond,0,Muu liiklusõnnetus,Valge aeg
2015-08-26 17:01:00,2,0,2,Rapla maakond,0,Ühesõidukiõnnetus,Valge aeg
2015-08-28 08:05:00,2,0,1,Lääne maakond,0,Kokkupõrge,Valge aeg
2015-08-28 17:40:00,2,0,1,Järva maakond,0,Kokkupõrge,Valge aeg
2015-08-29 08:29:00,1,0,1,Rapla maakond,0,Ühesõidukiõnnetus,Valge aeg
2015-08-31 09:10:00,2,0,1,Võru maakond,0,Kokkupõrge,Valge aeg
2015-08-31 10:00:00,2,0,1,Lääne maakond,0,Kokkupõrge,Valge aeg
2015-08-31 14:02:00,3,0,2,Pärnu maakond,0,Kokkupõrge,Valge aeg
2015-01-09 00:00:00,4,0,3,Hiiu maakond,0,Kokkupõrge,Valge aeg
2015-02-09 00:00:00,4,0,2,Rapla maakond,0,Kokkupõrge,Pimeda aeg
2015-03-09 00:00:00,2,0,1,Võru maakond,1,Jalakäijaõnnetus,Pimeda aeg
2015-05-09 00:00:00,2,0,1,Pärnu maakond,0,Kokkupõrge,Pimeda aeg
2015-06-09 00:00:00,1,1,0,Jõgeva maakond,0,Ühesõidukiõnnetus,Valge aeg
2015-06-09 00:00:00,2,0,1,Tartu maakond,1,Jalakäijaõnnetus,Pimeda aeg
2015-08-09 00:00:00,2,0,1,Rapla maakond,0,Kokkupõrge,Pimeda aeg
2015-09-09 00:00:00,2,0,1,Lääne maakond,0,Kokkupõrge,Valge aeg
2015-10-09 00:00:00,2,0,2,Saare maakond,0,Muu liiklusõnnetus,Pimeda aeg
2015-12-09 00:00:00,3,0,2,Pärnu maakond,0,Kokkupõrge,Pimeda aeg
2015-09-18 18:30:00,1,0,1,Järva maakond,1,Jalakäijaõnnetus,Valge aeg
2015-09-19 10:57:00,1,0,1,Harju maakond,0,Ühesõidukiõnnetus,Valge aeg
2015-09-19 11:45:00,1,0,1,Jõgeva maakond,0,Ühesõidukiõnnetus,Valge aeg
2015-09-19 12:10:00,1,0,1,Pärnu maakond,0,Ühesõidukiõnnetus,Valge aeg
2015-09-22 14:07:00,3,0,2,Pärnu maakond,0,Muu liiklusõnnetus,Valge aeg
2015-09-23 14:00:00,3,0,1,Saare maakond,0,Kokkupõrge,Valge aeg
2015-09-25 19:45:00,2,0,1,Tartu maakond,0,Kokkupõrge,Pimeda aeg
2015-09-27 13:00:00,2,0,2,Pärnu maakond,1,Jalakäijaõnnetus,Valge aeg
2015-09-27 20:54:00,2,0,1,Lääne maakond,1,Jalakäijaõnnetus,Pimeda aeg
2015-01-10 00:00:00,4,0,3,Pärnu maakond,0,Kokkupõrge,Valge aeg
2015-03-10 00:00:00,2,0,1,Saare maakond,0,Muu liiklusõnnetus,Valge aeg
2015-03-10 00:00:00,2,0,1,Pärnu maakond,0,Kokkupõrge,Pimeda aeg
2015-03-10 00:00:00,4,0,2,Rapla maakond,0,Kokkupõrge,Valge aeg
2015-04-10 00:00:00,2,0,1,Lääne maakond,1,Jalakäijaõnnetus,Pimeda aeg
2015-07-10 00:00:00,3,0,3,Lääne maakond,0,Kokkupõrge,Pimeda aeg
2015-09-10 00:00:00,1,0,1,Jõgeva maakond,0,Ühesõidukiõnnetus,Pimeda aeg
2015-10-10 00:00:00,1,0,1,Saare maakond,0,Ühesõidukiõnnetus,Valge aeg
2015-10-10 00:00:00,1,0,1,Rapla maakond,0,Ühesõidukiõnnetus,Pimeda aeg
2015-12-10 00:00:00,1,0,1,Järva maakond,0,Ühesõidukiõnnetus,Pimeda aeg
2015-10-13 08:35:00,2,0,1,Pärnu maakond,0,Kokkupõrge,Valge aeg
2015-10-24 04:30:00,2,0,1,Tartu maakond,0,Ühesõidukiõnnetus,Pimeda aeg
2015-10-28 09:11:00,3,0,1,Hiiu maakond,0,Kokkupõrge,Valge aeg
2015-10-28 17:05:00,1,0,1,Saare maakond,0,Muu liiklusõnnetus,Pimeda aeg
2015-10-30 14:19:00,1,0,1,Saare maakond,0,Ühesõidukiõnnetus,Valge aeg
2015-10-30 15:15:00,4,0,3,Pärnu maakond,0,Kokkupõrge,Valge aeg
2015-10-30 22:15:00,1,0,1,Rapla maakond,0,Ühesõidukiõnnetus,Pimeda aeg
2015-03-11 00:00:00,4,0,2,Pärnu maakond,0,Muu liiklusõnnetus,Valge aeg
2015-03-11 00:00:00,2,0,1,Harju maakond,1,Jalakäijaõnnetus,Valge aeg
2015-03-11 00:00:00,1,0,1,Harju maakond,1,Jalakäijaõnnetus,Valge aeg
2015-03-11 00:00:00,2,0,1,Lääne maakond,0,Ühesõidukiõnnetus,Pimeda aeg
2015-08-11 00:00:00,2,0,1,Pärnu maakond,1,Jalakäijaõnnetus,Valge aeg
2015-09-11 00:00:00,2,0,1,Rapla maakond,0,Ühesõidukiõnnetus,Valge aeg
2015-09-11 00:00:00,1,0,1,Lääne maakond,0,Muu liiklusõnnetus,Pimeda aeg
2015-11-11 00:00:00,2,0,1,Järva maakond,0,Kokkupõrge,Pimeda aeg
2015-11-18 10:35:00,2,0,1,Põlva maakond,1,Jalakäijaõnnetus,Valge aeg
2015-11-19 06:51:00,2,0,2,Harju maakond,0,Kokkupõrge,Pimeda aeg
2015-11-25 19:30:00,2,0,1,Järva maakond,1,Jalakäijaõnnetus,Pimeda aeg
2015-11-29 03:54:00,4,0,2,Harju maakond,0,Kokkupõrge,Pimeda aeg
2015-11-29 16:50:00,3,0,1,Rapla maakond,0,Ühesõidukiõnnetus,Pimeda aeg
2015-11-29 17:52:00,2,0,1,Harju maakond,1,Jalakäijaõnnetus,Pimeda aeg
2015-11-29 20:25:00,3,0,3,Põlva maakond,0,Ühesõidukiõnnetus,Pimeda aeg
2015-01-12 00:00:00,2,0,1,Pärnu maakond,1,Jalakäijaõnnetus,Pimeda aeg
2015-01-12 00:00:00,1,0,1,Tartu maakond,0,Ühesõidukiõnnetus,Pimeda aeg
2015-02-12 00:00:00,1,0,1,Pärnu maakond,0,Ühesõidukiõnnetus,Pimeda aeg
2015-04-12 00:00:00,3,0,3,Järva maakond,0,Ühesõidukiõnnetus,Pimeda aeg
2015-05-12 00:00:00,2,0,1,Pärnu maakond,0,Kokkupõrge,Valge aeg
2015-05-12 00:00:00,2,0,1,Pärnu maakond,1,Jalakäijaõnnetus,Pimeda aeg
2015-08-12 00:00:00,2,0,1,Pärnu maakond,1,Jalakäijaõnnetus,Valge aeg
2015-09-12 00:00:00,2,0,1,Saare maakond,0,Muu liiklusõnnetus,Pimeda aeg
2015-09-12 00:00:00,2,0,1,Pärnu maakond,1,Jalakäijaõnnetus,Pimeda aeg
2015-12-13 10:10:00,3,0,1,Saare maakond,0,Kokkupõrge,Valge aeg
2015-12-14 13:43:00,2,0,1,Harju maakond,0,Muu liiklusõnnetus,Valge aeg
2015-12-16 15:44:00,2,0,1,Saare maakond,0,Ühesõidukiõnnetus,Valge aeg
2015-12-18 16:55:00,2,0,1,Harju maakond,1,Jalakäijaõnnetus,Pimeda aeg
2015-12-18 17:18:00,2,0,1,Pärnu maakond,1,Jalakäijaõnnetus,Pimeda aeg
2015-12-23 14:39:00,2,0,1,Saare maakond,0,Kokkupõrge,Valge aeg
2015-12-24 17:23:00,2,0,1,Harju maakond,1,Jalakäijaõnnetus,Pimeda aeg
2015-12-26 00:57:00,1,0,1,Harju maakond,1,Jalakäijaõnnetus,Pimeda aeg
2016-01-01 04:19:00,2,2,0,Viljandi maakond,0,Ühesõidukiõnnetus,Pimeda aeg
2016-04-01 00:00:00,5,0,4,Rapla maakond,0,Muu liiklusõnnetus,Valge aeg
2016-06-01 00:00:00,2,0,1,Järva maakond,0,Kokkupõrge,Valge aeg
2016-07-01 00:00:00,3,0,2,Pärnu maakond,0,Kokkupõrge,Pimeda aeg
2016-09-01 00:00:00,1,0,1,Pärnu maakond,0,Ühesõidukiõnnetus,Pimeda aeg
2016-01-13 08:04:00,2,0,1,Võru maakond,1,Jalakäijaõnnetus,Pimeda aeg
2016-01-13 15:03:00,2,0,1,Harju maakond,1,Jalakäijaõnnetus,Valge aeg
2016-01-13 16:20:00,1,0,1,Järva maakond,0,Ühesõidukiõnnetus,Pimeda aeg
2016-01-14 13:30:00,3,0,1,Viljandi maakond,0,Kokkupõrge,Valge aeg
2016-01-15 10:42:00,2,0,1,Pärnu maakond,0,Kokkupõrge,Valge aeg
2016-01-15 18:30:00,3,0,1,Järva maakond,1,Jalakäijaõnnetus,Pimeda aeg
2016-01-17 17:18:00,2,0,1,Harju maakond,1,Jalakäijaõnnetus,Valge aeg
2016-01-18 16:19:00,2,0,1,Harju maakond,0,Kokkupõrge,Pimeda aeg
2016-01-24 14:30:00,2,0,1,Harju maakond,1,Jalakäijaõnnetus,Valge aeg
2016-01-24 21:15:00,3,0,1,Harju maakond,0,Kokkupõrge,Pimeda aeg
2016-01-25 14:00:00,1,0,1,Lääne maakond,0,Ühesõidukiõnnetus,Valge aeg
2016-01-26 00:45:00,1,0,1,Pärnu maakond,0,Ühesõidukiõnnetus,Pimeda aeg
2016-01-26 11:32:00,3,0,1,Saare maakond,0,Kokkupõrge,Valge aeg
2016-01-30 06:30:00,3,0,3,Pärnu maakond,0,Ühesõidukiõnnetus,Pimeda aeg
2016-01-02 00:00:00,2,1,0,Pärnu maakond,1,Jalakäijaõnnetus,Pimeda aeg
2016-01-02 00:00:00,2,0,1,Harju maakond,0,Kokkupõrge,Pimeda aeg
2016-02-02 00:00:00,2,0,2,Saare maakond,0,Ühesõidukiõnnetus,Pimeda aeg
2016-05-02 00:00:00,1,0,1,Põlva maakond,0,Ühesõidukiõnnetus,Valge aeg
2016-07-02 00:00:00,2,0,1,Harju maakond,0,Muu liiklusõnnetus,Pimeda aeg
2016-08-02 00:00:00,1,0,1,Rapla maakond,0,Ühesõidukiõnnetus,Pimeda aeg
2016-08-02 00:00:00,2,0,1,Harju maakond,1,Jalakäijaõnnetus,Valge aeg
2016-09-02 00:00:00,1,0,1,Pärnu maakond,0,Ühesõidukiõnnetus,Valge aeg
2016-02-13 07:50:00,2,0,1,Harju maakond,0,Kokkupõrge,Valge aeg
2016-02-13 12:25:00,6,0,5,Pärnu maakond,0,Ühesõidukiõnnetus,Valge aeg
2016-02-18 23:17:00,1,0,1,Pärnu maakond,0,Ühesõidukiõnnetus,Pimeda aeg
2016-02-21 03:37:00,3,0,2,Harju maakond,0,Kokkupõrge,Pimeda aeg
2016-02-21 19:00:00,3,0,1,Viljandi maakond,0,Ühesõidukiõnnetus,Pimeda aeg
2016-02-22 12:21:00,1,0,1,Pärnu maakond,0,Ühesõidukiõnnetus,Valge aeg
2016-02-23 16:05:00,2,0,2,Rapla maakond,0,Ühesõidukiõnnetus,Valge aeg
2016-02-24 19:30:00,5,0,1,Rapla maakond,0,Kokkupõrge,Pimeda aeg
2016-02-28 11:05:00,5,0,2,Pärnu maakond,0,Kokkupõrge,Valge aeg
2016-02-28 13:00:00,2,0,2,Harju maakond,0,Ühesõidukiõnnetus,Valge aeg
2016-04-03 00:00:00,2,0,1,Põlva maakond,0,Kokkupõrge,Valge aeg
2016-04-03 00:00:00,1,0,1,Pärnu maakond,0,Ühesõidukiõnnetus,Pimeda aeg
2016-09-03 00:00:00,1,0,1,Saare maakond,0,Ühesõidukiõnnetus,Pimeda aeg
2016-09-03 00:00:00,2,0,1,Pärnu maakond,0,Kokkupõrge,Valge aeg
2016-10-03 00:00:00,2,0,1,Pärnu maakond,0,Kokkupõrge,Valge aeg
2016-12-03 00:00:00,1,0,1,Harju maakond,0,Ühesõidukiõnnetus,Valge aeg
2016-03-13 02:24:00,2,0,1,Saare maakond,0,Ühesõidukiõnnetus,Pimeda aeg
2016-03-18 18:45:00,2,0,1,Harju maakond,1,Jalakäijaõnnetus,Pimeda aeg
2016-03-20 18:35:00,5,0,5,Järva maakond,0,Kokkupõrge,Pimeda aeg
2016-03-20 19:05:00,2,1,1,Hiiu maakond,0,Ühesõidukiõnnetus,Pimeda aeg
2016-03-23 17:41:00,2,0,1,Tartu maakond,0,Ühesõidukiõnnetus,Valge aeg
2016-03-24 10:42:00,2,0,1,Pärnu maakond,1,Jalakäijaõnnetus,Valge aeg
2016-03-27 16:29:00,2,0,1,Tartu maakond,0,Kokkupõrge,Valge aeg
2016-04-04 00:00:00,2,0,1,Harju maakond,0,Kokkupõrge,Valge aeg
2016-07-04 00:00:00,2,0,1,Lääne maakond,1,Jalakäijaõnnetus,Valge aeg
2016-09-04 00:00:00,2,0,2,Saare maakond,0,Ühesõidukiõnnetus,Pimeda aeg
2016-09-04 00:00:00,2,0,1,Pärnu maakond,0,Kokkupõrge,Valge aeg
2016-09-04 00:00:00,2,0,2,Jõgeva maakond,0,Ühesõidukiõnnetus,Valge aeg
2016-10-04 00:00:00,3,0,2,Harju maakond,0,Kokkupõrge,Valge aeg
2016-10-04 00:00:00,5,0,3,Viljandi maakond,0,Kokkupõrge,Valge aeg
2016-10-04 00:00:00,2,0,1,Järva maakond,0,Kokkupõrge,Valge aeg
2016-11-04 00:00:00,2,1,0,Harju maakond,1,Jalakäijaõnnetus,Valge aeg
2016-11-04 00:00:00,2,0,1,Harju maakond,1,Jalakäijaõnnetus,Valge aeg
2016-04-15 08:05:00,2,0,1,Harju maakond,1,Jalakäijaõnnetus,Valge aeg
2016-04-16 14:38:00,2,0,1,Pärnu maakond,0,Kokkupõrge,Valge aeg
2016-04-16 22:01:00,2,0,1,Saare maakond,0,Kokkupõrge,Pimeda aeg
2016-04-19 16:25:00,2,0,1,Pärnu maakond,1,Jalakäijaõnnetus,Valge aeg
2016-04-20 11:20:00,2,0,1,Pärnu maakond,1,Jalakäijaõnnetus,Valge aeg
2016-04-20 16:27:00,1,0,1,Pärnu maakond,0,Ühesõidukiõnnetus,Valge aeg
2016-04-20 16:35:00,3,0,1,Harju maakond,0,Kokkupõrge,Valge aeg
2016-04-22 15:05:00,2,0,1,Pärnu maakond,0,Kokkupõrge,Valge aeg
2016-04-22 17:06:00,2,0,1,Harju maakond,1,Jalakäijaõnnetus,Valge aeg
2016-04-22 17:22:00,5,0,1,Tartu maakond,0,Kokkupõrge,Valge aeg
2016-04-23 03:24:00,2,0,1,Lääne maakond,0,Ühesõidukiõnnetus,Pimeda aeg
2016-04-25 07:45:00,3,0,2,Harju maakond,0,Kokkupõrge,Valge aeg
2016-04-26 20:05:00,3,0,1,Pärnu maakond,0,Kokkupõrge,Valge aeg
2016-04-27 18:04:00,2,1,0,Harju maakond,1,Jalakäijaõnnetus,Valge aeg
2016-04-28 12:03:00,2,0,1,Harju maakond,1,Jalakäijaõnnetus,Valge aeg
2016-04-28 20:41:00,2,0,2,Valga maakond,1,Jalakäijaõnnetus,Valge aeg
2016-04-29 10:41:00,1,0,1,Saare maakond,0,Ühesõidukiõnnetus,Valge aeg