date,persons_involved,killed,injured,county,pedestrian_involved,accident_type,light_conditions
2016-04-29 13:45:00,2,0,1,Viljandi maakond,0,Ühesõidukiõnnetus,Valge aeg
2016-04-29 14:04:00,2,0,1,Pärnu maakond,0,Muu liiklusõnnetus,Valge aeg
2016-01-05 00:00:00,2,0,1,Järva maakond,0,Muu liiklusõnnetus,Valge aeg
2016-01-05 00:00:00,2,0,1,Pärnu maakond,0,Kokkupõrge,Valge aeg
2016-04-05 00:00:00,2,0,1,Rapla maakond,0,Muu liiklusõnnetus,Valge aeg
2016-08-05 00:00:00,3,1,1,Pärnu maakond,0,Ühesõidukiõnnetus,Valge aeg
2016-09-05 00:00:00,2,0,1,Harju maakond,1,Jalakäijaõnnetus,Valge aeg
2016-05-13 02:44:00,2,0,2,Pärnu maakond,0,Ühesõidukiõnnetus,Pimeda aeg
2016-05-14 11:00:00,1,0,1,Lääne maakond,1,Jalakäijaõnnetus,Valge aeg
2016-05-14 18:39:00,4,1,1,Lääne maakond,1,Kokkupõrge,Valge aeg
2016-05-15 12:49:00,2,1,0,Rapla maakond,1,Jalakäijaõnnetus,Valge aeg
2016-05-16 13:53:00,2,0,1,Harju maakond,0,Muu liiklusõnnetus,Valge aeg
2016-05-18 16:48:00,1,0,1,Pärnu maakond,0,Ühesõidukiõnnetus,Valge aeg
2016-05-19 16:55:00,2,0,1,Pärnu maakond,0,Kokkupõrge,Valge aeg
2016-05-20 14:09:00,1,0,1,Harju maakond,0,Kokkupõrge,Valge aeg
2016-05-20 15:27:00,2,0,1,Järva maakond,0,Kokkupõrge,Valge aeg
2016-05-21 17:00:00,8,0,2,Põlva maakond,0,Kokkupõrge,Valge aeg
2016-05-22 13:33:00,1,0,1,Pärnu maakond,0,Ühesõidukiõnnetus,Valge aeg
2016-05-22 19:29:00,2,0,1,Harju maakond,0,Ühesõidukiõnnetus,Valge aeg
2016-05-23 20:36:00,2,0,2,Harju maakond,1,Jalakäijaõnnetus,Valge aeg
2016-05-23 21:52:00,1,0,1,Pärnu maakond,0,Ühesõidukiõnnetus,Valge aeg
2016-05-26 09:15:00,2,0,1,Harju maakond,1,Jalakäijaõnnetus,Valge aeg
2016-05-26 15:59:00,2,0,2,Pärnu maakond,0,Kokkupõrge,Valge aeg
2016-05-26 12:00:00,3,0,1,Harju maakond,0,Kokkupõrge,Valge aeg
2016-05-27 10:23:00,2,0,1,Harju maakond,0,Kokkupõrge,Valge aeg
2016-05-27 20:10:00,1,0,1,Pärnu maakond,0,Ühesõidukiõnnetus,Valge aeg
2016-05-28 00:08:00,2,0,1,Harju maakond,0,Kokkupõrge,Pimeda aeg
2016-05-29 14:05:00,2,0,2,Rapla maakond,0,Ühesõidukiõnnetus,Valge aeg
2016-05-30 08:10:00,2,0,1,Harju maakond,1,Jalakäijaõnnetus,Valge aeg
2016-05-30 10:01:00,2,0,1,Pärnu maakond,1,Jalakäijaõnnetus,Valge aeg
2016-05-31 12:30:00,2,0,1,Pärnu maakond,0,Kokkupõrge,Valge aeg
2016-05-31 13:10:00,2,0,1,Pärnu maakond,0,Jalakäijaõnnetus,Valge aeg
2016-05-31 19:00:00,1,0,1,Järva maakond,0,Ühesõidukiõnnetus,Valge aeg
2016-01-06 00:00:00,2,0,1,Rapla maakond,0,Kokkupõrge,Valge aeg
2016-02-06 00:00:00,2,0,1,Harju maakond,0,Muu liiklusõnnetus,Valge aeg
2016-03-06 00:00:00,1,0,1,Pärnu maakond,1,Jalakäijaõnnetus,Valge aeg
2016-04-06 00:00:00,2,0,1,Harju maakond,1,Jalakäijaõnnetus,Valge aeg
2016-04-06 00:00:00,2,0,1,Pärnu maakond,0,Kokkupõrge,Valge aeg
2016-04-06 00:00:00,2,0,1,Järva maakond,0,Ühesõidukiõnnetus,Valge aeg
2016-04-06 00:00:00,1,0,1,Pärnu maakond,0,Ühesõidukiõnnetus,Valge aeg
2016-06-06 00:00:00,2,0,2,Pärnu maakond,0,Ühesõidukiõnnetus,Valge aeg
2016-06-06 00:00:00,2,0,1,Harju maakond,0,Kokkupõrge,Valge aeg
2016-07-06 00:00:00,1,0,1,Lääne maakond,0,Ühesõidukiõnnetus,Valge aeg
2016-07-06 00:00:00,2,0,1,Valga maakond,0,Ühesõidukiõnnetus,Valge aeg
2016-07-06 00:00:00,2,1,0,Rapla maakond,0,Kokkupõrge,Pimeda aeg
2016-08-06 00:00:00,1,0,1,Harju maakond,0,Ühesõidukiõnnetus,Valge aeg
2016-09-06 00:00:00,2,0,1,Harju maakond,0,Kokkupõrge,Pimeda aeg
2016-09-06 00:00:00,4,0,1,Saare maakond,0,Muu liiklusõnnetus,Valge aeg
2016-11-06 00:00:00,1,0,1,Järva maakond,0,Ühesõidukiõnnetus,Valge aeg
2016-12-06 00:00:00,2,0,2,Rapla maakond,0,Kokkupõrge,Valge aeg
2016-06-13 19:10:00,2,0,1,Pärnu maakond,0,Kokkupõrge,Valge aeg
2016-06-16 09:05:00,2,0,1,Jõgeva maakond,0,Kokkupõrge,Valge aeg
2016-06-16 21:15:00,2,0,1,Pärnu maakond,1,Muu liiklusõnnetus,Valge aeg
2016-06-19 19:00:00,1,0,1,Tartu maakond,0,Ühesõidukiõnnetus,Valge aeg
2016-06-20 08:35:00,2,0,1,Pärnu maakond,0,Kokkupõrge,Valge aeg
2016-06-20 16:15:00,3,0,2,Harju maakond,0,Kokkupõrge,Valge aeg
2016-06-21 13:34:00,2,0,1,Tartu maakond,1,Jalakäijaõnnetus,Valge aeg
2016-06-23 20:28:00,3,0,2,Tartu maakond,0,Muu liiklusõnnetus,Valge aeg
2016-06-25 17:58:00,2,0,1,Saare maakond,0,Kokkupõrge,Valge aeg
2016-06-25 20:26:00,3,0,1,Pärnu maakond,0,Kokkupõrge,Valge aeg
2016-06-26 08:51:00,2,0,2,Harju maakond,0,Ühesõidukiõnnetus,Valge aeg
2016-06-26 19:25:00,3,0,1,Tartu maakond,0,Muu liiklusõnnetus,Valge aeg
2016-06-30 13:00:00,2,0,1,Pärnu maakond,0,Kokkupõrge,Valge aeg
2016-06-30 15:52:00,2,0,1,Harju maakond,0,Muu liiklusõnnetus,Valge aeg
2016-02-07 00:00:00,2,0,1,Järva maakond,0,Kokkupõrge,Valge aeg
2016-03-07 00:00:00,2,0,1,Tartu maakond,0,Kokkupõrge,Pimeda aeg
2016-03-07 00:00:00,2,0,1,Tartu maakond,0,Kokkupõrge,Valge aeg
2016-04-07 00:00:00,2,0,1,Pärnu maakond,0,Jalakäijaõnnetus,Valge aeg
2016-05-07 00:00:00,1,0,1,Lääne maakond,0,Ühesõidukiõnnetus,Valge aeg
2016-08-07 00:00:00,4,0,3,Pärnu maakond,0,Kokkupõrge,Valge aeg
2016-09-07 00:00:00,1,0,1,Hiiu maakond,0,Ühesõidukiõnnetus,Valge aeg
2016-10-07 00:00:00,1,0,1,Rapla maakond,0,Ühesõidukiõnnetus,Valge aeg
2016-10-07 00:00:00,2,0,2,Rapla maakond,0,Ühesõidukiõnnetus,Valge aeg
2016-10-07 00:00:00,4,0,1,Saare maakond,0,Kokkupõrge,Valge aeg
2016-11-07 00:00:00,2,0,1,Harju maakond,0,Kokkupõrge,Valge aeg
2016-11-07 00:00:00,4,0,2,Rapla maakond,0,Muu liiklusõnnetus,Valge aeg
2016-12-07 00:00:00,2,0,1,Pärnu maakond,0,Kokkupõrge,Valge aeg
2016-12-07 00:00:00,3,0,1,Rapla maakond,1,Muu liiklusõnnetus,Valge aeg
2016-07-13 17:20:00,6,0,3,Pärnu maakond,0,Kokkupõrge,Valge aeg
2016-07-13 20:29:00,4,0,2,Hiiu maakond,0,Ühesõidukiõnnetus,Valge aeg
2016-07-15 17:04:00,2,0,1,Võru maakond,0,Ühesõidukiõnnetus,Valge aeg
2016-07-16 15:55:00,3,0,2,Järva maakond,0,Kokkupõrge,Valge aeg
2016-07-17 00:00:00,2,0,2,Pärnu maakond,0,Ühesõidukiõnnetus,Valge aeg
2016-07-17 15:58:00,4,0,1,Järva maakond,0,Kokkupõrge,Valge aeg
2016-07-20 14:53:00,3,0,2,Pärnu maakond,0,Kokkupõrge,Valge aeg
2016-07-21 10:14:00,3,0,1,Saare maakond,0,Kokkupõrge,Valge aeg
2016-07-21 16:19:00,2,0,1,Saare maakond,0,Kokkupõrge,Valge aeg
2016-07-28 22:22:00,2,1,0,Saare maakond,0,Ühesõidukiõnnetus,Pimeda aeg
2016-07-31 03:20:00,1,0,1,Järva maakond,0,Ühesõidukiõnnetus,Pimeda aeg
2016-07-31 11:10:00,3,0,1,Lääne maakond,0,Muu liiklusõnnetus,Valge aeg
2016-07-31 16:47:00,1,0,1,Saare maakond,0,Ühesõidukiõnnetus,Valge aeg
2016-01-08 00:00:00,2,0,1,Järva maakond,0,Kokkupõrge,Valge aeg
2016-04-08 00:00:00,2,0,1,Põlva maakond,0,Muu liiklusõnnetus,Valge aeg
2016-05-08 00:00:00,2,0,1,Pärnu maakond,0,Kokkupõrge,Valge aeg
2016-05-08 00:00:00,2,0,1,Saare maakond,0,Muu liiklusõnnetus,Valge aeg
2016-08-08 00:00:00,1,0,1,Järva maakond,0,Ühesõidukiõnnetus,Valge aeg
2016-08-08 00:00:00,2,0,1,Pärnu maakond,1,Jalakäijaõnnetus,Valge aeg
2016-10-08 00:00:00,2,0,1,Rapla maakond,0,Muu liiklusõnnetus,Valge aeg
2016-11-08 00:00:00,2,0,1,Lääne maakond,0,Muu liiklusõnnetus,Valge aeg
2016-12-08 00:00:00,3,0,1,Järva maakond,0,Kokkupõrge,Valge aeg
2016-08-13 11:15:00,2,0,1,Järva maakond,0,Ühesõidukiõnnetus,Valge aeg
2016-08-13 14:01:00,2,0,1,Saare maakond,0,Kokkupõrge,Valge aeg
2016-08-13 14:30:00,2,0,1,Pärnu maakond,1,Jalakäijaõnnetus,Valge aeg
2016-08-14 12:48:00,2,0,1,Pärnu maakond,0,Kokkupõrge,Valge aeg
2016-08-14 15:03:00,2,0,1,Tartu maakond,0,Kokkupõrge,Valge aeg
2016-08-20 20:30:00,2,0,2,Järva maakond,0,Ühesõidukiõnnetus,Valge aeg
2016-08-21 13:19:00,2,1,0,Võru maakond,1,Jalakäijaõnnetus,Valge aeg
2016-08-23 11:41:00,1,0,1,Jõgeva maakond,0,Ühesõidukiõnnetus,Valge aeg
2016-08-25 14:20:00,2,0,1,Jõgeva maakond,0,Muu liiklusõnnetus,Valge aeg
2016-08-27 11:28:00,2,0,1,Pärnu maakond,0,Kokkupõrge,Valge aeg
2016-08-27 13:19:00,2,0,1,Saare maakond,0,Kokkupõrge,Valge aeg
2016-08-27 18:40:00,2,0,1,Pärnu maakond,1,Jalakäijaõnnetus,Valge aeg
2016-08-28 05:42:00,6,0,2,Tartu maakond,0,Kokkupõrge,Valge aeg
2016-08-28 09:50:00,2,0,1,Lääne maakond,1,Jalakäijaõnnetus,Valge aeg
2016-08-28 16:00:00,2,0,1,Järva maakond,0,Kokkupõrge,Valge aeg
2016-08-29 06:59:00,1,1,0,Saare maakond,0,Ühesõidukiõnnetus,Pimeda aeg
2016-02-09 00:00:00,1,0,1,Pärnu maakond,0,Ühesõidukiõnnetus,Pimeda aeg
2016-04-09 00:00:00,1,0,1,Saare maakond,0,Ühesõidukiõnnetus,Valge aeg
2016-04-09 00:00:00,3,0,2,Saare maakond,0,Kokkupõrge,Valge aeg
2016-06-09 00:00:00,2,0,1,Põlva maakond,0,Kokkupõrge,Valge aeg
2016-08-09 00:00:00,2,0,2,Saare maakond,0,Muu liiklusõnnetus,Valge aeg
2016-08-09 00:00:00,3,1,0,Rapla maakond,0,Muu liiklusõnnetus,Valge aeg
2016-08-09 00:00:00,1,0,1,Pärnu maakond,0,Ühesõidukiõnnetus,Pimeda aeg
2016-10-09 00:00:00,2,0,1,Järva maakond,0,Kokkupõrge,Pimeda aeg
2016-12-09 00:00:00,2,0,1,Pärnu maakond,0,Ühesõidukiõnnetus,Valge aeg
2016-09-13 11:55:00,3,0,1,Lääne maakond,0,Kokkupõrge,Valge aeg
2016-09-16 12:46:00,5,0,5,Pärnu maakond,0,Kokkupõrge,Valge aeg
2016-09-18 17:40:00,1,0,1,Lääne maakond,0,Ühesõidukiõnnetus,Valge aeg
2016-09-19 13:25:00,1,0,1,Lääne maakond,0,Kokkupõrge,Valge aeg
2016-09-21 13:35:00,2,0,1,Pärnu maakond,0,Kokkupõrge,Valge aeg
2016-09-21 16:46:00,2,0,1,Saare maakond,0,Kokkupõrge,Valge aeg
2016-09-23 21:22:00,1,0,1,Tartu maakond,0,Ühesõidukiõnnetus,Pimeda aeg
2016-09-24 13:46:00,3,0,2,Järva maakond,0,Kokkupõrge,Valge aeg
2016-09-25 04:10:00,2,1,1,Pärnu maakond,0,Ühesõidukiõnnetus,Pimeda aeg
2016-09-25 13:40:00,2,0,1,Järva maakond,0,Kokkupõrge,Valge aeg
2016-09-26 06:14:00,1,0,1,Pärnu maakond,0,Kokkupõrge,Valge aeg
2016-09-27 13:03:00,3,0,1,Rapla maakond,0,Ühesõidukiõnnetus,Valge aeg
2016-09-28 12:46:00,2,1,0,Ida-Viru maakond,1,Jalakäijaõnnetus,Valge aeg
2016-09-28 20:08:00,1,0,1,Rapla maakond,0,Ühesõidukiõnnetus,Pimeda aeg
2016-09-30 11:00:00,1,0,1,Lääne maakond,0,Ühesõidukiõnnetus,Valge aeg
2016-09-30 20:40:00,2,0,1,Ida-Viru maakond,0,Ühesõidukiõnnetus,Pimeda aeg
2016-04-10 00:00:00,2,0,1,Valga maakond,0,Kokkupõrge,Valge aeg
2016-05-10 00:00:00,1,0,1,Pärnu maakond,1,Jalakäijaõnnetus,Valge aeg
2016-12-10 00:00:00,3,0,1,Tartu maakond,0,Kokkupõrge,Valge aeg
2016-10-13 10:23:00,2,0,1,Pärnu maakond,1,Jalakäijaõnnetus,Valge aeg
2016-10-13 18:36:00,3,0,1,Pärnu maakond,0,Jalakäijaõnnetus,Valge aeg
2016-10-15 23:22:00,1,0,1,Saare maakond,0,Ühesõidukiõnnetus,Pimeda aeg
2016-10-16 17:40:00,2,1,0,Pärnu maakond,0,Kokkupõrge,Valge aeg
2016-10-17 10:29:00,8,0,4,Pärnu maakond,0,Kokkupõrge,Valge aeg
2016-10-17 15:30:00,2,0,2,Järva maakond,0,Ühesõidukiõnnetus,Valge aeg
2016-10-20 15:37:00,4,0,2,Rapla maakond,0,Kokkupõrge,Valge aeg
2016-10-29 17:05:00,1,0,1,Pärnu maakond,0,Ühesõidukiõnnetus,Valge aeg
2016-10-30 18:54:00,1,0,1,Võru maakond,0,Ühesõidukiõnnetus,Pimeda aeg
2016-10-31 09:58:00,2,0,1,Hiiu maakond,0,Kokkupõrge,Valge aeg
2016-02-11 00:00:00,2,1,0,Pärnu maakond,0,Kokkupõrge,Valge aeg
2016-05-11 00:00:00,1,0,1,Saare maakond,0,Ühesõidukiõnnetus,Valge aeg
2016-06-11 00:00:00,2,0,1,Lääne maakond,1,Jalakäijaõnnetus,Valge aeg
2016-07-11 00:00:00,3,0,3,Saare maakond,0,Kokkupõrge,Valge aeg
2016-08-11 00:00:00,3,0,1,Rapla maakond,0,Muu liiklusõnnetus,Pimeda aeg
2016-11-11 00:00:00,6,0,3,Pärnu maakond,0,Kokkupõrge,Valge aeg
2016-11-13 01:41:00,1,0,1,Tartu maakond,0,Ühesõidukiõnnetus,Pimeda aeg
2016-11-15 16:20:00,2,0,1,Pärnu maakond,1,Jalakäijaõnnetus,Valge aeg
2016-11-18 20:30:00,3,0,2,Järva maakond,0,Kokkupõrge,Pimeda aeg
2016-11-22 12:50:00,2,0,1,Harju maakond,1,Jalakäijaõnnetus,Valge aeg
2016-11-23 19:40:00,1,0,1,Lääne-Viru maakond,0,Ühesõidukiõnnetus,Pimeda aeg
2016-11-25 16:45:00,6,0,4,Pärnu maakond,1,Kokkupõrge,Pimeda aeg
2016-11-29 09:01:00,2,0,1,Lääne maakond,0,Kokkupõrge,Valge aeg
2016-11-29 12:50:00,2,0,1,Harju maakond,0,Kokkupõrge,Valge aeg
2016-11-29 19:38:00,1,0,1,Pärnu maakond,0,Ühesõidukiõnnetus,Pimeda aeg
2016-11-30 12:15:00,2,0,1,Pärnu maakond,0,Ühesõidukiõnnetus,Valge aeg
2016-01-12 00:00:00,2,0,1,Pärnu maakond,0,Kokkupõrge,Valge aeg
2016-01-12 00:00:00,1,0,1,Saare maakond,0,Ühesõidukiõnnetus,Valge aeg
2016-03-12 00:00:00,2,0,1,Pärnu maakond,0,Kokkupõrge,Valge aeg
2016-03-12 00:00:00,1,0,1,Rapla maakond,0,Ühesõidukiõnnetus,Pimeda aeg
2016-06-12 00:00:00,2,0,1,Saare maakond,0,Muu liiklusõnnetus,Valge aeg
2016-06-12 00:00:00,1,0,1,Järva maakond,0,Ühesõidukiõnnetus,Pimeda aeg
2016-07-12 00:00:00,4,0,1,Rapla maakond,0,Kokkupõrge,Valge aeg
2016-08-12 00:00:00,2,0,1,Tartu maakond,0,Kokkupõrge,Pimeda aeg
2016-09-12 00:00:00,3,0,2,Pärnu maakond,0,Kokkupõrge,Valge aeg
2016-12-15 13:21:00,1,0,1,Tartu maakond,0,Ühesõidukiõnnetus,Valge aeg
2016-12-16 14:00:00,1,0,1,Pärnu maakond,1,Jalakäijaõnnetus,Valge aeg
2016-12-16 17:15:00,2,0,1,Pärnu maakond,0,Kokkupõrge,Pimeda aeg
2016-12-17 03:13:00,3,0,1,Harju maakond,0,Kokkupõrge,Pimeda aeg
2016-12-18 01:14:00,1,0,1,Harju maakond,1,Kokkupõrge,Pimeda aeg
2016-12-18 02:35:00,1,0,1,Järva maakond,0,Ühesõidukiõnnetus,Pimeda aeg
2016-12-23 18:04:00,4,0,3,Järva maakond,0,Muu liiklusõnnetus,Pimeda aeg
2016-12-25 11:08:00,2,0,1,Rapla maakond,1,Jalakäijaõnnetus,Valge aeg
2016-12-25 16:35:00,2,0,1,Pärnu maakond,1,Jalakäijaõnnetus,Pimeda aeg
2016-12-28 12:30:00,2,0,1,Järva maakond,0,Kokkupõrge,Valge aeg
2016-12-28 16:06:00,2,0,2,Saare maakond,0,Ühesõidukiõnnetus,Valge aeg
2016-12-28 19:48:00,1,0,1,Tartu maakond,0,Ühesõidukiõnnetus,Pimeda aeg
2016-12-30 17:09:00,1,0,1,Harju maakond,0,Ühesõidukiõnnetus,Pimeda aeg
2016-12-31 15:05:00,1,0,1,Rapla maakond,0,Ühesõidukiõnnetus,Valge aeg
2017-04-01 00:00:00,2,0,1,Pärnu maakond,0,Kokkupõrge,Valge aeg
2017-05-01 00:00:00,1,0,1,Järva maakond,0,Ühesõidukiõnnetus,Pimeda aeg
2017-08-01 00:00:00,2,0,1,Pärnu maakond,0,Ühesõidukiõnnetus,Valge aeg
2017-09-01 00:00:00,1,0,1,Järva maakond,0,Ühesõidukiõnnetus,Pimeda aeg
2017-09-01 00:00:00,2,0,1,Pärnu maakond,1,Jalakäijaõnnetus,Valge aeg
2017-01-13 10:31:00,1,0,1,Saare maakond,0,Ühesõidukiõnnetus,Valge aeg
2017-01-20 23:40:00,2,0,1,Pärnu maakond,0,Ühesõidukiõnnetus,Pimeda aeg
2017-01-22 01:00:00,3,0,2,Lääne maakond,0,Kokkupõrge,Pimeda aeg
2017-01-22 02:12:00,1,0,1,Saare maakond,0,Ühesõidukiõnnetus,Pimeda aeg
2017-01-22 17:00:00,2,0,1,Rapla maakond,0,Kokkupõrge,Pimeda aeg
2017-03-02 00:00:00,1,0,1,Saare maakond,0,Ühesõidukiõnnetus,Valge aeg
2017-04-02 00:00:00,3,0,2,Pärnu maakond,0,Ühesõidukiõnnetus,Valge aeg
2017-06-02 00:00:00,2,0,1,Ida-Viru maakond,1,Jalakäijaõnnetus,Pimeda aeg
2017-10-02 00:00:00,3,0,1,Harju maakond,0,Kokkupõrge,Valge aeg
2017-11-02 00:00:00,2,0,1,Pärnu maakond,1,Jalakäijaõnnetus,Valge aeg
2017-11-02 00:00:00,2,0,2,Saare maakond,0,Ühesõidukiõnnetus,Valge aeg
2017-02-13 19:59:00,2,0,1,Harju maakond,0,Kokkupõrge,Pimeda aeg
2017-02-15 12:02:00,3,0,2,Pärnu maakond,0,Kokkupõrge,Valge aeg
2017-02-16 09:00:00,2,0,1,Rapla maakond,1,Jalakäijaõnnetus,Valge aeg
2017-02-17 13:00:00,2,0,1,Rapla maakond,0,Ühesõidukiõnnetus,Valge aeg
2017-02-19 05:56:00,3,0,3,Rapla maakond,0,Ühesõidukiõnnetus,Pimeda aeg
2017-02-20 12:39:00,2,0,1,Saare maakond,0,Kokkupõrge,Valge aeg
2017-02-20 15:16:00,1,0,1,Tartu maakond,0,Ühesõidukiõnnetus,Valge aeg
2017-02-20 22:15:00,1,0,1,Pärnu maakond,0,Ühesõidukiõnnetus,Pimeda aeg
2017-02-22 10:40:00,2,0,2,Viljandi maakond,0,Muu liiklusõnnetus,Valge aeg
2017-02-23 15:30:00,2,0,1,Pärnu maakond,1,Jalakäijaõnnetus,Valge aeg
2017-02-23 17:58:00,2,0,1,Tartu maakond,1,Jalakäijaõnnetus,Pimeda aeg
2017-02-25 13:28:00,7,0,1,Rapla maakond,0,Muu liiklusõnnetus,Valge aeg
2017-02-25 18:45:00,3,0,1,Rapla maakond,0,Ühesõidukiõnnetus,Pimeda aeg
2017-02-27 11:58:00,3,1,0,Rapla maakond,1,Jalakäijaõnnetus,Valge aeg
2017-02-28 20:35:00,1,0,1,Harju maakond,1,Jalakäijaõnnetus,Pimeda aeg
2017-04-03 00:00:00,2,0,1,Võru maakond,0,Kokkupõrge,Valge aeg
2017-07-03 00:00:00,2,0,1,Harju maakond,1,Jalakäijaõnnetus,Valge aeg
2017-07-03 00:00:00,5,0,4,Pärnu maakond,0,Kokkupõrge,Valge aeg
2017-07-03 00:00:00,3,0,2,Harju maakond,0,Kokkupõrge,Pimeda aeg
2017-08-03 00:00:00,3,0,1,Harju maakond,0,Kokkupõrge,Pimeda aeg
2017-09-03 00:00:00,2,0,1,Harju maakond,0,Kokkupõrge,Valge aeg
2017-10-03 00:00:00,2,0,1,Järva maakond,0,Ühesõidukiõnnetus,Valge aeg
2017-12-03 00:00:00,3,0,1,Harju maakond,0,Kokkupõrge,Valge aeg
2017-12-03 00:00:00,2,0,1,Pärnu maakond,1,Jalakäijaõnnetus,Valge aeg
2017-03-20 07:10:00,1,0,1,Järva maakond,0,Ühesõidukiõnnetus,Valge aeg
2017-03-27 17:40:00,2,0,1,Harju maakond,0,Muu liiklusõnnetus,Valge aeg
2017-03-28 13:48:00,3,0,2,Võru maakond,0,Kokkupõrge,Valge aeg
2017-03-29 14:23:00,3,0,1,Lääne maakond,0,Kokkupõrge,Valge aeg
2017-04-04 00:00:00,2,0,1,Harju maakond,1,Jalakäijaõnnetus,Valge aeg
2017-05-04 00:00:00,2,0,2,Harju maakond,0,Ühesõidukiõnnetus,Valge aeg
2017-05-04 00:00:00,2,0,1,Harju maakond,1,Jalakäijaõnnetus,Valge aeg
2017-05-04 00:00:00,3,0,1,Harju maakond,0,Kokkupõrge,Valge aeg
2017-06-04 00:00:00,2,1,1,Lääne maakond,0,Ühesõidukiõnnetus,Pimeda aeg
2017-06-04 00:00:00,2,0,1,Harju maakond,1,Jalakäijaõnnetus,Valge aeg
2017-08-04 00:00:00,1,0,1,Järva maakond,0,Ühesõidukiõnnetus,Pimeda aeg
2017-10-04 00:00:00,1,0,1,Järva maakond,0,Ühesõidukiõnnetus,Valge aeg
2017-11-04 00:00:00,1,0,1,Saare maakond,0,Ühesõidukiõnnetus,Valge aeg
2017-11-04 00:00:00,4,0,4,Järva maakond,0,Kokkupõrge,Valge aeg
2017-11-04 00:00:00,1,0,1,Rapla maakond,0,Ühesõidukiõnnetus,Pimeda aeg
2017-04-14 14:45:00,2,0,2,Pärnu maakond,0,Ühesõidukiõnnetus,Valge aeg
2017-04-14 17:30:00,2,0,1,Pärnu maakond,0,Kokkupõrge,Valge aeg
2017-04-18 16:45:00,2,0,1,Harju maakond,0,Teadmata,Valge aeg
2017-04-18 21:29:00,3,0,1,Pärnu maakond,0,Kokkupõrge,Pimeda aeg
2017-04-22 05:35:00,3,0,3,Järva maakond,0,Ühesõidukiõnnetus,Valge aeg
2017-04-22 13:28:00,2,0,2,Rapla maakond,0,Ühesõidukiõnnetus,Valge aeg
2017-04-22 18:35:00,2,0,2,Harju maakond,1,Jalakäijaõnnetus,Valge aeg
2017-04-23 10:20:00,1,0,1,Saare maakond,0,Ühesõidukiõnnetus,Valge aeg
2017-04-23 19:51:00,3,0,2,Rapla maakond,0,Kokkupõrge,Valge aeg
2017-04-24 07:53:00,5,0,1,Tartu maakond,0,Kokkupõrge,Valge aeg
2017-04-24 16:40:00,2,0,1,Lääne maakond,0,Kokkupõrge,Valge aeg
2017-04-25 23:37:00,4,0,3,Rapla maakond,0,Ühesõidukiõnnetus,Pimeda aeg
2017-04-28 00:31:00,4,0,3,Tartu maakond,0,Kokkupõrge,Pimeda aeg
2017-01-05 00:00:00,3,0,2,Pärnu maakond,0,Kokkupõrge,Pimeda aeg
2017-01-05 00:00:00,2,0,2,Harju maakond,0,Ühesõidukiõnnetus,Valge aeg
2017-02-05 00:00:00,2,0,1,Harju maakond,0,Muu liiklusõnnetus,Valge aeg
2017-03-05 00:00:00,2,0,1,Pärnu maakond,0,Kokkupõrge,Valge aeg
2017-04-05 00:00:00,2,0,1,Pärnu maakond,0,Kokkupõrge,Valge aeg
2017-04-05 00:00:00,2,0,1,Viljandi maakond,1,Jalakäijaõnnetus,Valge aeg
2017-05-05 00:00:00,2,0,1,Pärnu maakond,0,Kokkupõrge,Valge aeg
2017-05-05 00:00:00,1,0,1,Järva maakond,0,Ühesõidukiõnnetus,Valge aeg
2017-05-05 00:00:00,3,0,1,Harju maakond,0,Kokkupõrge,Valge aeg
2017-06-05 00:00:00,1,0,1,Harju maakond,0,Ühesõidukiõnnetus,Valge aeg
2017-06-05 00:00:00,2,0,1,Rapla maakond,0,Kokkupõrge,Valge aeg
2017-06-05 00:00:00,1,0,1,Pärnu maakond,0,Ühesõidukiõnnetus,Valge aeg
2017-08-05 00:00:00,2,0,1,Rapla maakond,0,Kokkupõrge,Pimeda aeg
2017-08-05 00:00:00,2,0,1,Pärnu maakond,1,Jalakäijaõnnetus,Valge aeg
2017-11-05 00:00:00,4,0,1,Pärnu maakond,0,Kokkupõrge,Valge aeg
2017-11-05 00:00:00,2,0,1,Harju maakond,0,Kokkupõrge,Valge aeg
2017-12-05 00:00:00,1,1,0,Hiiu maakond,0,Ühesõidukiõnnetus,Valge aeg
2017-05-15 18:30:00,1,0,1,Pärnu maakond,0,Ühesõidukiõnnetus,Valge aeg
2017-05-17 17:17:00,2,0,2,Pärnu maakond,0,Kokkupõrge,Valge aeg
2017-05-19 14:39:00,2,0,1,Saare maakond,0,Kokkupõrge,Valge aeg
2017-05-20 23:29:00,1,0,1,Saare maakond,0,Muu liiklusõnnetus,Pimeda aeg
2017-05-21 09:35:00,3,0,1,Pärnu maakond,0,Kokkupõrge,Valge aeg
2017-05-21 13:50:00,2,0,1,Rapla maakond,0,Kokkupõrge,Valge aeg
2017-05-22 18:29:00,1,0,1,Harju maakond,0,Ühesõidukiõnnetus,Valge aeg
2017-05-22 20:02:00,2,0,2,Tartu maakond,0,Kokkupõrge,Valge aeg
2018-04-16 16:20:00,3,0,2,Viljandi maakond,0,Kokkupõrge,Valge aeg